CASE_ID,ACCIDENT_YEAR,PROC_DATE,JURIS,COLLISION_DATE,COLLISION_TIME,OFFICER_ID,REPORTING_DISTRICT,DAY_OF_WEEK,CHP_SHIFT,POPULATION,CNTY_CITY_LOC,SPECIAL_COND,BEAT_TYPE,CHP_BEAT_TYPE,CITY_DIVISION_LAPD,CHP_BEAT_CLASS,BEAT_NUMBER,PRIMARY_RD,SECONDARY_RD,DISTANCE,DIRECTION,INTERSECTION,WEATHER_1,WEATHER_2,STATE_HWY_IND,CALTRANS_COUNTY,CALTRANS_DISTRICT,STATE_ROUTE,ROUTE_SUFFIX,POSTMILE_PREFIX,POSTMILE,LOCATION_TYPE,RAMP_INTERSECTION,SIDE_OF_HWY,TOW_AWAY,COLLISION_SEVERITY,NUMBER_KILLED,NUMBER_INJURED,PARTY_COUNT,PRIMARY_COLL_FACTOR,PCF_CODE_OF_VIOL,PCF_VIOL_CATEGORY,PCF_VIOLATION,PCF_VIOL_SUBSECTION,HIT_AND_RUN,TYPE_OF_COLLISION,MVIW,PED_ACTION,ROAD_SURFACE,ROAD_COND_1,ROAD_COND_2,LIGHTING,CONTROL_DEVICE,CHP_ROAD_TYPE,PEDESTRIAN_ACCIDENT,BICYCLE_ACCIDENT,MOTORCYCLE_ACCIDENT,TRUCK_ACCIDENT,NOT_PRIVATE_PROPERTY,ALCOHOL_INVOLVED,STWD_VEHTYPE_AT_FAULT,CHP_VEHTYPE_AT_FAULT,COUNT_SEVERE_INJ,COUNT_VISIBLE_INJ,COUNT_COMPLAINT_PAIN,COUNT_PED_KILLED,COUNT_PED_INJURED,COUNT_BICYCLIST_KILLED,COUNT_BICYCLIST_INJURED,COUNT_MC_KILLED,COUNT_MC_INJURED,PRIMARY_RAMP,SECONDARY_RAMP,LATITUDE,LONGITUDE,COUNTY,CITY,POINT_X,POINT_Y
7101225,2015,2016-01-08,3801,2015-11-09,1730,001620,,1,5,7,3801,0,0,0,,0,3B15C,"CASTRO ST","CASTRO ST 436",0.00,,-,A,-,N,,,,,,,,,,N,4,0,1,3,A,-,17,22517,,N,H,G,A,A,H,-,B,D,0,,Y,,,Y,,-,,0,0,1,0,0,0,1,0,0,-,-,,,"SAN FRANCISCO","SAN FRANCISCO",,
7101226,2015,2016-01-11,3801,2015-10-30,1410,2375,,5,5,7,3801,0,0,0,,0,901,"JOHN F KENNEDY DR","STOW LAKE DR",467.00,E,N,A,-,N,,,,,,,,,,N,3,0,2,3,A,-,09,21801,A,N,D,G,A,A,H,-,A,D,0,,Y,,,Y,,A,01,0,2,0,0,0,0,2,0,0,-,-,,,"SAN FRANCISCO","SAN FRANCISCO",-122.47238649,37.77074238
7101237,2015,2016-01-08,3801,2015-11-12,1620,002342,,4,5,7,3801,0,0,0,,0,3B15D,"16TH ST","7TH ST",0.00,,Y,A,-,N,,,,,,,,,,N,4,0,1,2,A,-,07,21658,A,F,B,G,A,A,H,-,B,D,0,,Y,,,Y,,I,10,0,0,1,0,0,0,1,0,0,-,-,,,"SAN FRANCISCO","SAN FRANCISCO",-122.39506988,37.76653999
7101242,2015,2016-01-08,3801,2015-11-10,0850,004279,MISSI,2,5,7,3801,0,0,0,,0,,"MARKET ST","NOE ST",0.00,,Y,A,-,N,,,,,,,,,,N,3,0,1,2,A,-,17,21208,A,N,B,G,A,A,H,-,A,A,0,,Y,,,Y,,L,04,0,1,0,0,0,0,1,0,0,-,-,,,"SAN FRANCISCO","SAN FRANCISCO",-122.43313992,37.76423996
7101243,2015,2016-01-08,3801,2015-11-16,0900,001922,SOUTH,1,5,7,3801,0,0,0,,0,901,"6TH ST","MINNA ST",0.00,,Y,A,-,N,,,,,,,,,,N,3,0,1,2,A,-,08,22107,,F,B,G,A,A,H,-,A,A,0,,Y,,,Y,,A,01,0,1,0,0,0,0,1,0,0,-,-,,,"SAN FRANCISCO","SAN FRANCISCO",-122.40812986,37.78054994
7101248,2015,2016-01-08,3801,2015-11-09,1055,001000,TENDE,1,5,7,3801,0,0,0,,0,3J12A,"HYDE ST","TURK ST",0.00,,Y,C,-,N,,,,,,,,,,N,3,0,1,2,A,-,03,22350,,N,C,G,A,B,H,-,A,A,0,,Y,,,Y,,L,04,0,1,0,0,0,0,1,0,0,-,-,,,"SAN FRANCISCO","SAN FRANCISCO",-122.41568995,37.78256989
7101266,2015,2016-01-08,3801,2015-11-13,0817,004335,MISSI,5,5,7,3801,0,0,0,,0,901,"22ND ST","DIAMOND ST",0.00,,Y,A,-,N,,,,,,,,,,N,3,0,1,1,D,-,00,,,N,F,I,A,D,H,-,A,A,0,,Y,,,Y,,-,-,0,1,0,0,0,0,1,0,0,-,-,,,"SAN FRANCISCO","SAN FRANCISCO",-122.43658987,37.75436
7101267,2015,2016-01-08,3801,2015-11-16,0753,000126,RICHM,1,5,7,3801,0,0,0,,0,3G68,"JOHN F KENNEDY DR","30TH AV",55.00,W,N,A,-,N,,,,,,,,,,N,4,0,1,2,A,-,08,22107,,N,D,G,A,A,H,-,A,A,0,,Y,,,Y,,L,04,0,0,1,0,0,0,1,0,0,-,-,,,"SAN FRANCISCO","SAN FRANCISCO",-122.4899975,37.77091604
7101271,2015,2016-01-08,3801,2015-11-07,1246,1764,NORTH,6,5,7,3801,0,0,0,,0,4B5E,"HAIGHT ST","PIERCE ST",0.00,,Y,A,-,N,,,,,,,,,,N,3,0,2,2,A,-,10,21950,A,N,G,B,B,A,H,-,A,A,0,Y,Y,,,Y,Y,L,04,0,1,1,0,1,0,1,0,0,-,-,,,"SAN FRANCISCO","SAN FRANCISCO",-122.43372996,37.77168989
7101274,2015,2016-01-08,3801,2015-11-13,0928,1116,CENTR,5,5,7,3801,0,0,0,,0,3A11A,"MARKET ST","3RD ST",0.00,,Y,A,-,N,,,,,,,,,,N,2,0,2,2,A,-,11,21954,A,N,D,-,D,A,H,-,A,A,0,Y,Y,,,Y,,N,60,2,0,0,0,1,0,1,0,0,-,-,,,"SAN FRANCISCO","SAN FRANCISCO",-122.40345987,37.78765989
7101307,2015,2016-01-11,3801,2015-11-17,1421,000176,RICHM,2,5,7,3801,0,0,0,,0,1CAR,"JOHN F KENNEDY DR","BERNICE RODGERS WY",0.00,,Y,A,-,N,,,,,,,,,,N,3,0,1,2,A,-,03,22350,,N,C,E,A,A,H,-,A,D,0,,Y,,,Y,,L,04,0,1,0,0,0,0,1,0,0,-,-,,,"SAN FRANCISCO","SAN FRANCISCO",-122.50629994,37.76667998
7101313,2015,2016-01-11,3801,2015-11-13,1914,1108,SOUTH,5,5,7,3801,0,0,0,,0,1CAR,"THE EMBARCADERO","HOWARD ST",0.00,,Y,A,-,N,,,,,,,,,,N,3,0,1,2,A,-,17,22517,,N,H,G,A,A,H,-,C,A,0,,Y,,,Y,,A,01,0,1,0,0,0,0,1,0,0,-,-,,,"SAN FRANCISCO","SAN FRANCISCO",-122.39119986,37.79232994
7101366,2015,2016-01-12,3801,2015-11-23,1538,1657,,1,5,7,3801,0,0,0,,0,3D11D,"17TH ST","DOLORES ST",0.00,,Y,A,-,N,,,,,,,,,,N,4,0,1,2,A,-,00,21760,B,N,C,G,A,A,D,-,A,A,0,,Y,,,Y,,A,01,0,0,1,0,0,0,1,0,0,-,-,,,"SAN FRANCISCO","SAN FRANCISCO",-122.4262999,37.76300994
7101367,2015,2016-01-11,3801,2015-11-30,0945,1572,,1,5,7,3801,0,0,0,,0,3B1A,"2ND ST","MISSION ST",0.00,,Y,B,-,N,,,,,,,,,,N,4,0,1,2,A,-,-,,,N,B,G,A,A,H,-,A,A,0,,Y,,,Y,,A,01,0,0,1,0,0,0,1,0,0,-,-,,,"SAN FRANCISCO","SAN FRANCISCO",-122.39978994,37.78800992
7101368,2015,2016-01-12,3801,2015-11-12,2214,2386,,4,5,7,3801,0,0,0,,0,3G14E,"SANTA ROSA AV","CAYUGA AV",0.00,,Y,A,-,N,,,,,,,,,,N,4,0,1,2,A,-,12,22450,A,N,A,G,A,A,H,-,C,D,0,,Y,,,Y,,L,04,0,0,1,0,0,0,1,0,0,-,-,,,"SAN FRANCISCO","SAN FRANCISCO",-122.43680992,37.72716998
7101378,2015,2016-01-12,3801,2015-11-24,0850,1718,,2,5,7,3801,0,0,0,,0,3D15A,"VALENCIA ST","22ND ST",55.00,S,N,C,-,N,,,,,,,,,,N,4,0,1,2,A,-,17,22517,,N,B,G,A,B,H,-,A,D,0,,Y,,,Y,,A,01,0,0,1,0,0,0,1,0,0,-,-,,,"SAN FRANCISCO","SAN FRANCISCO",-122.4209546,37.7551594
7101396,2015,2016-01-12,3801,2015-11-23,1730,004324,COD,1,5,7,3801,0,0,0,,0,3D14D,"VIRGIL ST","26TH ST",0.00,,Y,A,-,N,,,,,,,,,,N,3,0,1,2,D,-,00,,,F,C,G,A,A,H,-,A,D,0,,Y,,,Y,,-,-,0,1,0,0,0,0,1,0,0,-,-,,,"SAN FRANCISCO","SAN FRANCISCO",-122.4153799,37.74920998
7101410,2015,2016-01-11,3801,2015-11-30,0204,001128,PARK,1,5,7,3801,0,0,0,,0,3F14E,"CHURCH ST","DUBOCE ST",0.00,,Y,A,-,N,,,,,,,,,,N,3,0,1,2,A,-,11,21954,A,N,G,B,A,A,H,-,A,D,0,,Y,,,Y,,L,04,0,1,0,0,0,0,1,0,0,-,-,,,"SAN FRANCISCO","SAN FRANCISCO",-122.42911992,37.76945996
7101429,2015,2016-01-11,3801,2015-11-22,1144,001620,,7,5,7,3801,0,0,0,,0,3B12C,"8TH ST","CLEMENTINA ST",113.00,N,N,A,-,N,,,,,,,,,,N,4,0,1,2,A,-,09,21804,A,N,B,G,A,A,H,-,A,D,0,,Y,,,Y,,L,04,0,0,1,0,0,0,1,0,0,-,-,,,"SAN FRANCISCO","SAN FRANCISCO",-122.41084895,37.77563758
7101464,2015,2016-01-14,3801,2015-11-05,2006,1567,TENDE,4,5,7,3801,0,0,0,,0,3J41D,"GROVE ST","HYDE ST",0.00,,Y,A,-,N,,,,,,,,,,N,4,0,1,2,A,-,17,22517,,N,H,G,A,A,H,-,D,D,0,,Y,,,Y,,A,01,0,0,1,0,0,0,1,0,0,-,-,,,"SAN FRANCISCO","SAN FRANCISCO",-122.4149,37.77885999
7101465,2015,2016-01-14,3801,2015-11-23,0920,1053,TARAV,1,5,7,3801,0,0,0,,0,3I16A,"GREAT HWY","TARAVAL ST",320.00,N,N,B,-,N,,,,,,,,,,N,3,0,1,1,A,-,03,22350,,N,H,A,A,A,B,-,A,D,0,,Y,,,Y,,L,04,0,1,0,0,0,0,1,0,0,-,-,,,"SAN FRANCISCO","SAN FRANCISCO",-122.50764485,37.74252436
7101471,2015,2016-01-14,3801,2015-11-04,1820,000995,INGLE,3,5,7,3801,0,0,0,,0,3H15C,"SICKLES AV","ALEMANY BL",0.00,,Y,A,-,N,,,,,,,,,,N,4,0,1,2,A,-,12,21453,A,F,D,G,A,A,H,-,C,A,0,,Y,,,Y,,A,01,0,0,1,0,0,0,1,0,0,-,-,,,"SAN FRANCISCO","SAN FRANCISCO",-122.45491999,37.71050995
7101612,2015,2016-01-14,3801,2015-12-02,2219,004262,MISSI,3,5,7,3801,0,0,0,,0,3D13E,"VALENCIA ST","19TH ST",86.00,N,N,A,-,N,,,,,,,,,,N,3,0,1,2,A,-,06,21750,,F,B,G,A,A,H,-,C,D,0,,Y,,,Y,,A,01,0,1,0,0,0,0,1,0,0,-,-,,,"SAN FRANCISCO","SAN FRANCISCO",-122.42142355,37.76034552
7101615,2015,2016-01-14,3801,2015-12-03,1423,1883,SOUTH,4,5,7,3801,0,0,0,,0,005,"13TH ST","SOUTH VAN NESS AV",0.00,,Y,A,-,N,,,,,,,,,,N,3,0,1,2,A,-,17,21200,,N,D,G,A,B,H,-,A,A,0,,Y,,,Y,,L,04,0,1,0,0,0,0,1,0,0,-,-,,,"SAN FRANCISCO","SAN FRANCISCO",-122.41776996,37.76971998
7101621,2015,2016-01-14,3801,2015-12-15,0920,1572,SOUTH,2,5,7,3801,0,0,0,,0,3B2A,"BRYANT ST","5TH ST",0.00,,Y,A,-,N,,,,,,,,,,N,4,0,1,2,A,-,12,21453,A,N,D,G,A,A,H,-,A,A,0,,Y,,,Y,,L,04,0,0,1,0,0,0,1,0,0,-,-,,,"SAN FRANCISCO","SAN FRANCISCO",-122.40028996,37.77779999
7101631,2015,2016-01-14,3801,2015-12-20,1320,1075,NORTH,7,5,7,3801,0,0,0,,0,3E2C,"POLK ST","HAYES ST",160.00,S,N,B,C,N,,,,,,,,,,N,4,0,1,2,A,-,08,22107,,N,B,G,A,B,H,-,A,D,0,,Y,,,Y,,A,01,0,0,1,0,0,0,1,0,0,-,-,,,"SAN FRANCISCO","SAN FRANCISCO",-122.41796668,37.77707434
7101636,2015,2016-01-14,3801,2015-12-10,0944,002047,CENTR,4,5,7,3801,0,0,0,,0,0A2,"MONTGOMERY ST","SUTTER AV",117.00,S,N,B,-,N,,,,,,,,,,N,4,0,1,2,C,-,18,,,N,B,G,A,B,H,-,A,A,0,,Y,,,Y,,-,-,0,0,1,0,0,0,1,0,0,-,-,,,"SAN FRANCISCO","SAN FRANCISCO",-122.40210786,37.78969239
7101644,2015,2016-01-14,3801,2015-12-04,0815,1887,NORTH,5,5,7,3801,0,0,0,,0,4B1C,"LARKIN ST","GEARY ST",99.00,S,N,A,-,N,,,,,,,,,,N,3,0,1,2,A,-,17,22517,,N,B,G,A,A,H,-,A,D,0,,Y,,,Y,,A,07,0,1,0,0,0,0,1,0,0,-,-,,,"SAN FRANCISCO","SAN FRANCISCO",-122.41805294,37.78584183
7101652,2015,2016-01-14,3801,2015-12-04,0915,1172,SOUTH,5,5,7,3801,0,0,0,,0,COB,"15TH ST","SOUTH VAN NESS AV",0.00,,Y,A,-,N,,,,,,,,,,N,4,0,1,2,A,-,17,22517,,N,H,G,A,A,H,-,A,A,0,,Y,,,Y,,A,01,0,0,1,0,0,0,1,0,0,-,-,,,"SAN FRANCISCO","SAN FRANCISCO",-122.41763986,37.76679994
7101677,2015,2016-01-13,3801,2015-12-26,1333,004301,NORTH,6,5,7,3801,0,0,0,,0,3E43B,"POLK ST","ELLIS ST",0.00,,Y,A,-,N,,,,,,,,,,N,4,0,1,2,A,-,08,22107,,F,D,G,A,A,H,-,A,A,0,,Y,,,Y,,A,01,0,0,1,0,0,0,1,0,0,-,-,,,"SAN FRANCISCO","SAN FRANCISCO",-122.41934987,37.78403996
7101678,2015,2016-01-13,3801,2015-12-30,1251,1917,TARAV,3,5,7,3801,0,0,0,,0,3I16A,"OCEAN AV","GRANADA AV",45.00,W,N,A,-,N,,,,,,,,,,N,4,0,1,2,A,-,05,21650,1,N,A,G,A,B,H,-,A,B,0,,Y,,,Y,,L,04,0,0,1,0,0,0,1,0,0,-,-,,,"SAN FRANCISCO","SAN FRANCISCO",-122.45751135,37.72416883
7101687,2015,2016-01-14,3801,2015-12-13,0845,351,,7,5,7,3801,0,0,0,,0,3B60,"10TH ST","HARRISON ST",177.00,N,N,B,-,N,,,,,,,,,,N,3,0,1,2,A,-,17,22517,,N,B,C,A,B,H,-,A,A,0,,Y,,,Y,,A,01,0,1,0,0,0,0,1,0,0,-,-,,,"SAN FRANCISCO","SAN FRANCISCO",-122.41168853,37.77193951
7101707,2015,2016-08-10,3801,2015-11-30,1735,001160,,1,5,7,3801,0,0,0,,0,901,"FULTON ST","3RD AV",0.00,,Y,A,-,N,,,,,,,,,,N,3,0,1,2,A,-,09,21801,A,F,D,G,A,A,H,-,C,D,0,,Y,,,Y,,A,01,0,1,0,0,0,0,1,0,0,-,-,,,"SAN FRANCISCO","SAN FRANCISCO",-122.46057993,37.77402997
7101710,2015,2016-01-14,3801,2015-12-10,1533,004360,,4,5,7,3801,0,0,0,,0,001,"PENNSYLVANIA AV","25TH ST",20.00,N,N,C,-,N,,,,,,,,,,N,4,0,1,2,A,-,06,21750,,N,C,G,A,B,H,-,B,D,0,,Y,,,Y,,A,01,0,0,1,0,0,0,1,0,0,-,-,,,"SAN FRANCISCO","SAN FRANCISCO",-122.39266498,37.7525948
7101711,2015,2016-01-14,3801,2015-12-02,2336,001663,,3,5,7,3801,0,0,0,,0,3H15E,"OCEAN AV","SAN JOSE AV",0.00,,Y,A,-,N,,,,,,,,,,N,2,0,1,1,A,-,03,22350,,N,H,A,A,A,G,-,C,A,0,,Y,,,Y,,L,04,1,0,0,0,0,0,1,0,0,-,-,,,"SAN FRANCISCO","SAN FRANCISCO",-122.44480986,37.72292989
7101718,2015,2016-01-25,3801,2015-12-10,1753,2059,,4,5,7,3801,0,0,0,,0,3B12D,"MISSION ST","MINT ST",0.00,,N,C,-,N,,,,,,,,,,,3,0,1,2,A,-,03,22350,,N,D,G,A,B,H,-,E,A,0,,Y,,,Y,,L,04,0,1,0,0,0,0,1,0,0,-,-,,,"SAN FRANCISCO","SAN FRANCISCO",-122.40716992,37.7821899
7101724,2015,2017-02-03,3801,2015-12-22,0745,1036,,2,5,7,3801,0,0,0,,0,3G67,"CROSSOVER DR","MARTIN LUTHER KING JR",0.00,,Y,B,G,Y,SF,4,1,-,-,4.090,I,5,S,N,4,0,1,2,A,-,12,22450,A,F,G,G,A,B,H,-,A,A,0,,Y,,,Y,,A,,0,0,1,0,0,0,1,0,0,-,-,,,"SAN FRANCISCO","SAN FRANCISCO",-122.47744573,37.76599134
7101736,2015,2016-01-26,3801,2015-12-15,1122,1171,,2,5,7,3801,0,0,0,,0,,"2ND ST","BRANNAN ST",0.00,,Y,A,-,N,,,,,,,,,,N,3,0,1,2,A,-,08,22100,B,N,B,G,A,A,H,-,A,A,0,,Y,,,Y,,L,04,0,1,0,0,0,0,1,0,0,-,-,,,"SAN FRANCISCO","SAN FRANCISCO",-122.39205999,37.78183995
7101744,2015,2016-01-26,3801,2015-12-22,1315,2482,,2,5,7,3801,0,0,0,,0,3I15A,"OCEAN AV","LEE AV",68.00,W,N,C,-,N,,,,,,,,,,N,4,0,1,2,A,-,21,22106,,N,B,G,A,B,H,-,A,D,0,,Y,,,Y,,A,01,0,0,1,0,0,0,1,0,0,-,-,,,"SAN FRANCISCO","SAN FRANCISCO",-122.45432793,37.72353603
7101751,2015,2017-01-28,3801,2015-12-03,1319,001766,,4,5,7,3801,0,0,0,,0,4K5G,"GENEVA AV","RT 280",0.00,,Y,C,-,Y,SF,4,280,-,R,1.556,R,4,N,N,3,0,1,2,A,-,03,22350,,N,D,G,A,B,H,-,A,A,0,,Y,,,Y,,L,04,0,1,0,0,0,0,1,0,0,-,-,,,"SAN FRANCISCO","SAN FRANCISCO",-122.44822849,37.71993023
7101768,2015,2016-01-19,3801,2015-12-15,0740,2341,,2,5,7,3801,0,0,0,,0,002,"JERROLD AV","BAY SHORE BL",150.00,E,N,A,-,N,,,,,,,,,,N,4,0,1,2,A,-,08,22107,,N,B,G,A,A,H,-,A,D,0,,Y,,,Y,,A,01,0,0,1,0,0,0,1,0,0,-,-,,,"SAN FRANCISCO","SAN FRANCISCO",-122.40321907,37.74715678
7101845,2015,2016-01-26,3801,2015-12-15,1930,537,PARK,2,5,7,3801,0,0,0,,0,3F11D,"7TH AV","7TH AV 1200",0.00,,N,A,-,N,,,,,,,,,,N,4,0,1,2,A,-,08,22107,,N,D,G,A,A,H,-,C,D,0,,Y,,,Y,,A,01,0,0,1,0,0,0,1,0,0,-,-,,,"SAN FRANCISCO","SAN FRANCISCO",,
7101847,2015,2016-01-14,3801,2015-12-14,0755,004305,MISSI,1,5,7,3801,0,0,0,,0,3D11A,"13TH ST","S VAN NESS AV",0.00,,Y,A,-,N,,,,,,,,,,N,4,0,1,2,A,-,08,22100,A,N,B,G,A,A,H,-,A,A,0,,Y,,,Y,,A,07,0,0,1,0,0,0,1,0,0,-,-,,,"SAN FRANCISCO","SAN FRANCISCO",-122.41776996,37.76971998
7101848,2015,2016-01-14,3801,2015-12-10,0849,2056,TENDE,4,5,7,3801,0,0,0,,0,3013A,"MARKET ST","7TH ST",0.00,,N,B,C,N,,,,,,,,,,N,4,0,1,2,A,-,07,21658,A,F,B,G,A,B,H,-,A,D,0,,Y,,,Y,,-,-,0,0,1,0,0,0,1,0,0,-,-,,,"SAN FRANCISCO","SAN FRANCISCO",-122.4125099,37.7804799
7101856,2015,2016-01-14,3801,2015-12-17,1531,002388,TENDE,4,5,7,3801,0,0,0,,0,3J13D,"MARKET ST","7TH ST",36.00,E,N,A,-,N,,,,,,,,,,N,3,0,1,2,A,-,17,22109,,N,H,G,A,A,H,-,A,A,0,,Y,,,Y,,A,01,0,1,0,0,0,0,1,0,0,-,-,,,"SAN FRANCISCO","SAN FRANCISCO",-122.41242286,37.7805507
7101857,2015,2016-01-14,3801,2015-12-07,0739,000845,,1,5,7,3801,0,0,0,,0,,"7TH ST","BRYANT ST",0.00,,Y,B,-,N,,,,,,,,,,N,3,0,1,2,A,-,08,22107,,N,B,G,A,A,H,-,A,A,0,,Y,,,Y,,A,01,0,1,0,0,0,0,1,0,0,-,-,,,"SAN FRANCISCO","SAN FRANCISCO",-122.40484986,37.77437991
7101858,2015,2016-01-14,3801,2015-12-17,1813,004263,TENDE,4,5,7,3801,0,0,0,,0,001,"MARKET ST","TAYLOR ST",20.00,W,N,A,-,N,,,,,,,,,,N,4,0,1,2,A,-,06,21750,,N,B,G,A,A,H,-,C,A,0,,Y,,,Y,Y,L,04,0,0,1,0,0,0,1,0,0,-,-,,,"SAN FRANCISCO","SAN FRANCISCO",-122.41034929,37.78220142
7101864,2015,2016-01-14,3801,2015-12-17,1136,244,NORHT,4,5,7,3801,0,0,0,,0,3E13C,"SCOTT ST","TURK ST",142.00,S,N,A,-,N,,,,,,,,,,N,4,0,1,2,A,-,09,21804,A,N,D,G,A,A,H,-,A,D,0,,Y,,,Y,,L,04,0,0,1,0,0,0,1,0,0,-,-,,,"SAN FRANCISCO","SAN FRANCISCO",-122.43699133,37.77947373
7101874,2015,2016-01-14,3801,2015-12-18,1301,004335,MISSI,5,5,7,3801,0,0,0,,0,,"VALENCIA ST","17TH ST",0.00,,Y,A,-,N,,,,,,,,,,N,4,0,1,2,A,-,17,22517,,N,B,E,A,A,H,-,A,D,0,,Y,,,Y,,A,08,0,0,1,0,0,0,1,0,0,-,-,,,"SAN FRANCISCO","SAN FRANCISCO",-122.42173997,37.76329993
7101878,2015,2016-01-14,3801,2015-12-18,1645,2025,NORHT,5,5,7,3801,0,0,0,,0,3E12D,"MCALLISTER ST","STEINER ST",54.00,E,N,B,-,N,,,,,,,,,,N,4,0,1,3,A,-,17,22517,,N,B,G,A,A,H,-,C,D,0,,Y,,,Y,,-,,0,0,1,0,0,0,1,0,0,-,-,,,"SAN FRANCISCO","SAN FRANCISCO",-122.43321568,37.77844458
7110715,2015,2015-11-19,3801,2015-09-25,2252,001459,NORTH,5,5,7,3801,0,0,0,,0,3E11E,"SCOTT ST","FELL ST",0.00,,Y,A,-,N,,,,,,,,,,N,4,0,1,2,A,-,08,22107,,N,D,G,A,A,H,-,C,D,0,,Y,,,Y,,L,04,0,0,1,0,0,0,1,0,0,-,-,,,"SAN FRANCISCO","SAN FRANCISCO",-122.43593987,37.77426993
7110718,2015,2015-11-19,3801,2015-10-27,1711,001620,SOUTH,2,5,7,3801,0,0,0,,0,3B14D,"MISSION ST","2ND ST",0.00,,Y,A,-,N,,,,,,,,,,N,4,0,3,3,A,-,07,21658,A,F,B,G,A,A,H,-,A,A,0,,Y,,,Y,,A,01,0,0,3,0,0,0,1,0,0,-,-,,,"SAN FRANCISCO","SAN FRANCISCO",-122.39978994,37.78800992
7110722,2015,2015-11-16,3801,2015-10-19,1903,1937,SOUTH,1,5,7,3801,0,0,0,,0,3B12D,"4TH ST","LONG BRIDGE ST",0.00,,Y,A,-,N,,,,,,,,,,N,4,0,1,2,A,-,08,22107,,N,E,G,A,A,H,-,C,D,0,,Y,,,Y,,A,01,0,0,1,0,0,0,1,0,0,-,-,,,"SAN FRANCISCO","SAN FRANCISCO",-122.39147991,37.77363992
7110727,2015,2015-11-16,3801,2015-10-20,1657,004319,,2,5,7,3801,0,0,0,,0,901,"DUBOCE AV","MISSION ST",3.00,E,N,A,-,N,,,,,,,,,,N,4,0,1,2,A,-,03,22350,A,N,D,G,A,A,H,-,A,A,0,,Y,,,Y,,L,04,0,0,1,0,0,0,1,0,0,-,-,,,"SAN FRANCISCO","SAN FRANCISCO",-122.42018,37.76999
7110732,2015,2015-11-16,3801,2015-10-21,0850,004267,TARAV,3,5,7,3801,0,0,0,,0,3411,"HOLLOWAY AV","RALSTON ST",0.00,,Y,A,-,N,,,,,,,,,,N,4,0,1,1,A,-,03,22350,,N,B,E,A,A,H,-,A,D,0,,Y,,,Y,,L,04,0,0,1,0,0,0,1,0,0,-,-,,,"SAN FRANCISCO","SAN FRANCISCO",-122.46899996,37.72164
7110738,2015,2015-11-16,3801,2015-10-11,1601,1420,CENTR,7,5,7,3801,0,0,0,,0,4B7E,ENBARCADERO,SAMSOME,292.00,N,N,A,-,N,,,,,,,,,,N,2,0,1,2,A,-,07,21658,A,N,B,G,A,A,H,-,A,D,0,,Y,,,Y,,L,04,1,0,0,0,0,0,1,0,0,-,-,,,"SAN FRANCISCO","SAN FRANCISCO",,
7110740,2015,2015-11-16,3801,2015-10-20,1855,433,MISSI,2,5,7,3801,0,0,0,,0,901,"MISSION ST","22ND ST",0.00,,Y,A,-,N,,,,,,,,,,N,4,0,1,2,A,-,03,22350,,N,C,G,A,A,H,-,B,D,0,,Y,,,Y,,L,04,0,0,1,0,0,0,1,0,0,-,-,,,"SAN FRANCISCO","SAN FRANCISCO",-122.4187399,37.75544999
7110744,2015,2015-11-16,3801,2015-10-20,1732,004302,BAYVI,2,5,7,3801,0,0,0,,0,3C11D,"CESAR CHAVEZ ST","KANSAS ST",0.00,,Y,A,-,N,,,,,,,,,,N,2,0,1,2,A,-,07,21658,A,F,B,G,A,A,H,-,A,A,0,,Y,,,Y,,A,01,1,0,0,0,0,0,1,0,0,-,-,,,"SAN FRANCISCO","SAN FRANCISCO",-122.40205987,37.74938991
7110746,2015,2015-11-16,3801,2015-10-24,2139,001268,,6,5,7,3801,0,0,0,,0,3J12E,"4TH ST","MISSION ST",135.00,N,N,A,-,N,,,,,,,,,,N,4,0,1,2,A,-,00,21601,,N,A,G,A,A,H,-,C,D,0,,Y,,,Y,,L,04,0,0,1,0,0,0,1,0,0,-,-,,,"SAN FRANCISCO","SAN FRANCISCO",-122.40458041,37.78478991
7110770,2015,2015-11-16,3801,2015-10-15,1602,1246,MISSI,4,5,7,3801,0,0,0,,0,3D15D,"17TH ST","MISSION ST",0.00,,Y,A,-,N,,,,,,,,,,N,4,0,1,2,A,-,08,22107,,N,D,G,A,A,H,-,A,A,0,,Y,,,Y,,A,01,0,0,1,0,0,0,1,0,0,-,-,,,"SAN FRANCISCO","SAN FRANCISCO",-122.41949991,37.76341996
7110774,2015,2015-11-16,3801,2015-10-15,1750,4326,SOUTH,4,5,7,3801,0,0,0,,0,003,"HOWARD ST","6TH ST",0.00,,Y,A,-,N,,,,,,,,,,N,4,0,1,2,A,-,08,22107,,N,D,G,A,A,H,-,A,A,0,,Y,,,Y,,A,01,0,0,1,0,0,0,1,0,0,-,-,,,"SAN FRANCISCO","SAN FRANCISCO",-122.40713988,37.77974995
7110776,2015,2015-11-16,3801,2015-10-22,2230,1788,MISSI,4,5,7,3801,0,0,0,,0,0D1,"SANCHEZ ST","16TH ST",130.00,N,N,A,-,N,,,,,,,,,,N,4,0,1,2,A,-,09,21801,A,N,A,G,A,A,H,-,C,D,0,,Y,,,Y,,-,,0,0,1,0,0,0,1,0,0,-,-,,,"SAN FRANCISCO","SAN FRANCISCO",-122.43091102,37.76471626