CASE_ID,ACCIDENT_YEAR,PROC_DATE,JURIS,COLLISION_DATE,COLLISION_TIME,OFFICER_ID,REPORTING_DISTRICT,DAY_OF_WEEK,CHP_SHIFT,POPULATION,CNTY_CITY_LOC,SPECIAL_COND,BEAT_TYPE,CHP_BEAT_TYPE,CITY_DIVISION_LAPD,CHP_BEAT_CLASS,BEAT_NUMBER,PRIMARY_RD,SECONDARY_RD,DISTANCE,DIRECTION,INTERSECTION,WEATHER_1,WEATHER_2,STATE_HWY_IND,CALTRANS_COUNTY,CALTRANS_DISTRICT,STATE_ROUTE,ROUTE_SUFFIX,POSTMILE_PREFIX,POSTMILE,LOCATION_TYPE,RAMP_INTERSECTION,SIDE_OF_HWY,TOW_AWAY,COLLISION_SEVERITY,NUMBER_KILLED,NUMBER_INJURED,PARTY_COUNT,PRIMARY_COLL_FACTOR,PCF_CODE_OF_VIOL,PCF_VIOL_CATEGORY,PCF_VIOLATION,PCF_VIOL_SUBSECTION,HIT_AND_RUN,TYPE_OF_COLLISION,MVIW,PED_ACTION,ROAD_SURFACE,ROAD_COND_1,ROAD_COND_2,LIGHTING,CONTROL_DEVICE,CHP_ROAD_TYPE,PEDESTRIAN_ACCIDENT,BICYCLE_ACCIDENT,MOTORCYCLE_ACCIDENT,TRUCK_ACCIDENT,NOT_PRIVATE_PROPERTY,ALCOHOL_INVOLVED,STWD_VEHTYPE_AT_FAULT,CHP_VEHTYPE_AT_FAULT,COUNT_SEVERE_INJ,COUNT_VISIBLE_INJ,COUNT_COMPLAINT_PAIN,COUNT_PED_KILLED,COUNT_PED_INJURED,COUNT_BICYCLIST_KILLED,COUNT_BICYCLIST_INJURED,COUNT_MC_KILLED,COUNT_MC_INJURED,PRIMARY_RAMP,SECONDARY_RAMP,LATITUDE,LONGITUDE,COUNTY,CITY,POINT_X,POINT_Y
7173443,2016,2016-02-09,3801,2016-01-17,1809,1925,MISSI,7,5,7,3801,0,0,0,,0,3D15D,"17TH ST","MISSION ST",0.00,,Y,C,-,N,,,,,,,,,,N,3,0,1,2,A,-,09,21801,A,N,A,G,A,B,H,-,C,A,0,,Y,,,Y,,A,01,0,1,0,0,0,0,1,0,0,-,-,,,"SAN FRANCISCO","SAN FRANCISCO",-122.41949991,37.76341996
7173470,2016,2016-02-10,3801,2016-01-06,1940,0469,MISSI,3,5,7,3801,0,0,0,,0,3D2D,"MISSION ST","26TH ST",140.00,N,N,C,-,N,,,,,,,,,,N,4,0,1,2,A,-,03,22350,,N,B,G,A,B,H,-,C,D,0,,Y,,,Y,,L,04,0,0,1,0,0,0,1,0,0,-,-,,,"SAN FRANCISCO","SAN FRANCISCO",-122.4181812,37.74944319
7173481,2016,2016-02-11,3801,2016-01-07,1643,2225,COA,4,5,7,3801,0,0,0,,0,3A3C,"NORTH POINT ST","TAYLOR ST",150.00,W,N,A,-,N,,,,,,,,,,N,4,0,1,2,A,-,07,21658,A,N,B,G,A,A,H,-,A,D,0,,Y,,,Y,,A,01,0,0,1,0,0,0,1,0,0,-,-,,,"SAN FRANCISCO","SAN FRANCISCO",-122.41595286,37.80629499
7173507,2016,2016-02-10,3801,2016-01-10,1600,001431,,7,5,7,3801,0,0,0,,0,3G11D,"ALEMANY BL","SAN BRUNO AV",0.00,,Y,B,-,N,,,,,,,,,,,4,0,1,2,A,-,08,22107,,N,B,G,A,A,H,-,B,A,0,,Y,,,Y,,L,04,0,0,1,0,0,0,1,0,0,-,-,,,"SAN FRANCISCO","SAN FRANCISCO",-122.40816994,37.73588
7173508,2016,2016-02-10,3801,2016-01-05,1630,2168,,2,5,7,3801,0,0,0,,0,3A11C,"VAN NESS AV","BICYCLE ROUTE 2",582.00,S,N,B,-,N,,,,,,,,,,N,3,0,1,2,A,-,00,21760,B,N,B,G,A,B,H,-,B,D,0,,Y,,,Y,,A,01,0,1,0,0,0,0,1,0,0,-,-,,,"SAN FRANCISCO","SAN FRANCISCO",,
7173521,2016,2016-02-12,3801,2016-01-05,1911,1628,PARK,2,5,7,3801,0,0,0,,0,3F12D,"14TH ST","BELCHER ST",9.00,E,N,B,-,N,,,,,,,,,,N,4,0,1,2,A,-,09,21801,A,N,D,G,A,B,H,-,C,A,0,,Y,,,Y,,A,01,0,0,1,0,0,0,1,0,0,-,-,,,"SAN FRANCISCO","SAN FRANCISCO",-122.4300389,37.76766139
7173524,2016,2016-02-08,3801,2016-01-15,1221,000970,,5,5,7,3801,0,0,0,,0,3H11C,"BOSWORTH ST","LYELL ST",37.00,S,N,A,-,N,,,,,,,,,,N,4,0,1,2,A,-,09,21802,A,F,D,G,A,A,H,-,A,A,0,,Y,,,Y,,A,01,0,0,1,0,0,0,1,0,0,-,-,,,"SAN FRANCISCO","SAN FRANCISCO",-122.43201641,37.73299
7173532,2016,2016-02-08,3801,2016-01-09,1447,8,,6,5,7,3801,0,0,0,,0,3I44,"14TH AV","VICENTE ST",170.00,S,N,B,-,N,,,,,,,,,,N,4,0,1,2,A,-,08,22107,,N,D,G,A,A,H,-,A,D,0,,Y,,,Y,,A,07,0,0,1,0,0,0,1,0,0,-,-,,,"SAN FRANCISCO","SAN FRANCISCO",-122.46995309,37.73907347
7173533,2016,2016-02-12,3801,2016-01-11,0800,002200,TENDE,1,5,7,3801,0,0,0,,0,,"HYDE ST","HYDE ST 200 BLK",0.00,,-,A,-,N,,,,,,,,,,N,4,0,1,3,A,-,07,21658,A,F,B,G,A,A,H,-,A,D,0,,Y,,,Y,,A,01,0,0,1,0,0,0,1,0,0,-,-,,,"SAN FRANCISCO","SAN FRANCISCO",,
7173547,2016,2016-02-12,3801,2016-01-15,1600,1979,TARAV,5,5,7,3801,0,0,0,,0,3I16D,"GENEVA AV","OCEAN AV",80.00,S,N,A,-,N,,,,,,,,,,N,3,0,1,2,A,-,17,22517,,N,H,G,A,A,H,-,A,D,0,,Y,,,Y,,-,-,0,1,0,0,0,0,1,0,0,-,-,,,"SAN FRANCISCO","SAN FRANCISCO",-122.45213329,37.72291544
7173552,2016,2016-02-08,3801,2016-01-12,1929,1530,,2,5,7,3801,0,0,0,,0,3A13D,"PACIFIC AV","TAYLOR ST",112.00,W,N,A,-,N,,,,,,,,,,N,3,0,1,2,A,-,09,21801,A,N,A,G,A,A,H,-,C,D,0,,Y,,,Y,,A,01,0,1,0,0,0,0,1,0,0,-,-,,,"SAN FRANCISCO","SAN FRANCISCO",-122.41374373,37.79604589
7173573,2016,2016-02-08,3801,2016-01-09,1727,2440,,6,5,7,3801,0,0,0,,0,03A,"NORTH POINT",COLUMBUS,112.00,E,N,A,-,N,,,,,,,,,,N,3,0,1,2,A,-,09,21804,A,N,H,G,A,A,H,-,C,D,0,,Y,,,Y,,A,01,0,1,0,0,0,0,1,0,0,-,-,,,"SAN FRANCISCO","SAN FRANCISCO",-122.41798761,37.80603119
7173581,2016,2016-02-08,3801,2016-01-17,1428,1400,,7,5,7,3801,0,0,0,,0,,"HOWARD ST","DORE ST",0.00,,Y,A,-,N,,,,,,,,,,N,4,0,1,2,A,-,11,21954,A,N,D,B,A,A,H,-,A,D,0,,Y,,,Y,,L,04,0,0,1,0,0,0,1,0,0,-,-,,,"SAN FRANCISCO","SAN FRANCISCO",-122.41377991,37.77451991
7173583,2016,2016-02-12,3801,2016-01-26,1730,004333,TARAV,2,5,7,3801,0,0,0,,0,3I11D,"VICENTE ST","34TH AV",0.00,,Y,A,-,N,,,,,,,,,,N,3,0,1,2,A,-,12,22450,A,N,D,G,A,A,H,-,A,A,0,,Y,,,Y,,L,04,0,1,0,0,0,0,1,0,0,-,-,,,"SAN FRANCISCO","SAN FRANCISCO",-122.49152989,37.7386099
7173585,2016,2016-02-08,3801,2016-01-14,1530,2381,,4,5,7,3801,0,0,0,,0,004,"CAPP ST","24TH ST",0.00,,Y,C,-,N,,,,,,,,,,N,4,0,1,2,A,-,03,22350,,N,H,G,A,B,-,-,A,D,0,,Y,,,Y,,L,04,0,0,1,0,0,0,1,0,0,-,-,,,"SAN FRANCISCO","SAN FRANCISCO",-122.41733997,37.75230991
7173606,2016,2016-08-24,3801,2016-01-10,1514,2328,,7,5,7,3801,0,0,0,,0,3D74,"25TH ST","POTRERO AV",0.00,,Y,B,-,N,,,,,,,,,,N,4,0,1,2,A,-,05,21650,,N,D,G,A,A,H,-,A,A,0,,Y,,,Y,,L,04,0,0,1,0,0,0,1,0,0,-,-,,,"SAN FRANCISCO","SAN FRANCISCO",-122.40619992,37.75173998
7173610,2016,2016-02-11,3801,2016-01-09,1300,004335,,6,5,7,3801,0,0,0,,0,901,"CHURCH ST","19TH ST",50.00,N,N,B,-,N,,,,,,,,,,N,3,0,1,2,A,-,03,22350,,N,C,G,A,B,H,-,A,D,0,,Y,,,Y,,L,04,0,1,0,0,0,0,1,0,0,-,-,,,"SAN FRANCISCO","SAN FRANCISCO",-122.42825214,37.75985702
7173611,2016,2016-02-12,3801,2016-01-07,1428,1400,,4,5,7,3801,0,0,0,,0,,"HOWARD ST","DORE ST",0.00,,Y,A,-,N,,,,,,,,,,N,4,0,1,2,A,-,11,21954,A,N,D,B,A,A,H,-,A,D,0,,Y,,,Y,,L,04,0,0,1,0,0,0,1,0,0,-,-,,,"SAN FRANCISCO","SAN FRANCISCO",-122.41377991,37.77451991
7173617,2016,2016-02-08,3801,2016-01-11,0835,4036,,1,5,7,3801,0,0,0,,0,4B6C,"FOLSOM ST","21ST ST",132.00,S,N,B,-,N,,,,,,,,,,N,2,0,1,2,A,-,03,22350,,N,D,G,A,A,H,-,A,D,0,,Y,,,Y,,L,04,1,0,0,0,0,0,1,0,0,-,-,37.75745,-122.4147,"SAN FRANCISCO","SAN FRANCISCO",-122.41449023,37.75693815
7173626,2016,2016-02-12,3801,2016-01-09,1140,002325,,6,5,7,3801,0,0,0,,0,3D4C,"CESAR CHAVEZ DR","HAMPSHIRE ST",0.00,,Y,A,-,N,,,,,,,,,,N,2,0,1,2,A,-,12,22450,A,N,D,G,A,B,H,-,A,D,0,,Y,,,Y,,L,04,1,0,0,0,0,0,1,0,0,-,-,,,"SAN FRANCISCO","SAN FRANCISCO",-122.40676995,37.74877992
7173631,2016,2016-02-12,3801,2016-01-07,1343,002399,,4,5,7,3801,0,0,0,,0,"CO J","MARKET ST","4TH ST",10.00,W,N,A,-,N,,,,,,,,,,N,4,0,1,2,A,-,08,22107,,N,B,G,A,A,H,-,A,A,0,,Y,,,Y,Y,L,04,0,0,1,0,0,0,1,0,0,-,-,,,"SAN FRANCISCO","SAN FRANCISCO",-122.40591402,37.78568022
7173634,2016,2016-02-12,3801,2016-01-08,1435,002395,,5,5,7,3801,0,0,0,,0,001,"VALENCIA ST","15TH ST",256.00,S,N,A,-,N,,,,,,,,,,N,4,0,1,1,A,-,03,22350,,N,F,A,A,A,H,-,A,D,0,,Y,,,Y,,L,04,0,0,1,0,0,0,1,0,0,-,-,,,"SAN FRANCISCO","SAN FRANCISCO",-122.42195989,37.76582894
7173682,2016,2016-02-11,3801,2016-01-04,0847,2091,SOUTH,1,5,7,3801,0,0,0,,0,901,"BRYANT ST","DIVISION ST",0.00,,Y,A,-,N,,,,,,,,,,N,4,0,1,2,A,-,21,22106,,F,C,G,A,B,H,-,A,A,0,,Y,,,Y,,L,04,0,0,1,0,0,0,1,0,0,-,-,,,"SAN FRANCISCO","SAN FRANCISCO",-122.41081987,37.76930998
7173683,2016,2016-02-10,3801,2016-01-06,0900,856,SOUTH,3,5,7,3801,0,0,0,,0,3B15A,"TOWNSEND ST","7TH ST",0.00,,Y,C,-,N,,,,,,,,,,N,4,0,1,2,A,-,05,21650,1,N,A,J,A,B,H,-,A,D,0,,Y,,,Y,Y,L,04,0,0,1,0,0,0,1,0,0,-,-,,,"SAN FRANCISCO","SAN FRANCISCO",-122.40165987,37.77182999
7173685,2016,2016-08-24,3801,2016-01-31,0209,1561,TARAV,7,5,7,3801,0,0,0,,0,3I11E,"JUDAH ST","FUNSTON AV",0.00,,Y,A,-,N,,,,,,,,,,N,3,0,1,2,A,-,12,22450,A,N,D,C,A,A,H,-,C,D,0,,Y,,,Y,,L,04,0,1,0,0,0,0,1,0,0,-,-,,,"SAN FRANCISCO","SAN FRANCISCO",-122.47047994,37.76203994
7173691,2016,2016-02-10,3801,2016-01-28,1825,1930,TENDE,4,5,7,3801,0,0,0,,0,3J14D,"MARKET ST","2ND ST",0.00,,Y,-,-,N,,,,,,,,,,N,3,0,1,2,A,-,00,21760,B,M,-,-,A,-,-,-,-,-,0,,Y,,,Y,,-,,0,1,0,0,0,0,1,0,0,-,-,,,"SAN FRANCISCO","SAN FRANCISCO",-122.40139995,37.78923994
7173705,2016,2016-02-11,3801,2016-01-31,1727,004239,PARK,7,5,7,3801,0,0,0,,0,3F13D,"FELL ST","MASONIC AV",0.00,,Y,B,-,N,,,,,,,,,,N,3,0,1,2,A,-,09,21800,A,N,D,G,A,A,H,-,A,A,0,,Y,,,Y,,L,04,0,1,0,0,0,0,1,0,0,-,-,,,"SAN FRANCISCO","SAN FRANCISCO",-122.44591997,37.77297997
7173706,2016,2016-02-11,3801,2016-01-29,0821,30,NORTH,5,5,7,3801,0,0,0,,0,3E1A,"SCOTT ST","PAGE ST",0.00,,Y,B,-,N,,,,,,,,,,N,3,0,1,2,A,-,-,,,N,D,G,A,B,H,-,A,A,0,,Y,,,Y,,L,04,0,1,0,0,0,0,1,0,0,-,-,,,"SAN FRANCISCO","SAN FRANCISCO",-122.43557997,37.77241995
7173718,2016,2016-02-11,3801,2016-01-29,1825,829,SOUTH,5,5,7,3801,0,0,0,,0,0B5,"TOWNSEND ST","CLARENCE PL",0.00,,Y,C,-,N,,,,,,,,,,N,4,0,1,2,A,-,13,22502,A,M,B,G,A,B,H,-,C,D,0,,Y,,,Y,,-,,0,0,1,0,0,0,1,0,0,-,-,,,"SAN FRANCISCO","SAN FRANCISCO",-122.39221988,37.77928994
7173743,2016,2016-02-25,3801,2016-01-25,1242,00130,,1,5,7,3801,0,0,0,,0,3D42A,"VALENCIA ST","18TH ST",0.00,,Y,A,-,N,,,,,,,,,,N,4,0,1,2,A,-,08,22102,,N,D,C,A,A,H,-,A,A,0,,Y,,,Y,,L,04,0,0,1,0,0,0,1,0,0,-,-,,,"SAN FRANCISCO","SAN FRANCISCO",-122.42155988,37.76170995
7187455,2016,2016-03-10,3801,2016-02-22,1800,4298,MISSI,1,5,7,3801,0,0,0,,0,3D13D,"14TH ST","TRAINOR ST",0.00,,Y,A,-,N,,,,,,,,,,N,3,0,1,2,A,-,03,22350,,M,B,G,A,A,H,-,C,D,0,,Y,,,Y,,A,01,0,1,0,0,0,0,1,0,0,-,-,,,"SAN FRANCISCO","SAN FRANCISCO",-122.41454996,37.76858995
7187522,2016,2016-08-24,3801,2016-02-10,1711,892,SOUTH,3,5,7,3801,0,0,0,,0,3B11D,"THE EMBARCADERO","BRYANT ST",0.00,,Y,A,-,N,,,,,,,,,,N,3,0,1,2,A,-,05,21650,1,F,D,G,A,A,H,-,A,A,0,,Y,,,Y,,L,04,0,1,0,0,0,0,1,0,0,-,-,,,"SAN FRANCISCO","SAN FRANCISCO",-122.38800995,37.78708995
7193273,2016,2016-04-13,3801,2016-03-25,1315,004286,RICHM,5,5,7,3801,0,0,0,,0,0G2,"CALIFORNIA ST","BRODERICK ST",30.00,W,N,A,-,N,,,,,,,,,,N,3,0,1,2,A,-,17,22517,,N,E,G,A,A,H,-,A,D,0,,Y,,,Y,,A,01,0,1,0,0,0,0,1,0,0,-,-,,,"SAN FRANCISCO","SAN FRANCISCO",-122.44218237,37.78783617
7193274,2016,2016-04-13,3801,2016-03-24,0914,002452,SOUTH,4,5,7,3801,0,0,0,,0,3B13A,"MARKET ST","GOUGH ST",0.00,,Y,A,-,N,,,,,,,,,,N,4,0,1,2,A,-,02,22400,A,N,H,G,A,A,H,-,A,A,0,,Y,,,Y,,A,01,0,0,1,0,0,0,1,0,0,-,-,,,"SAN FRANCISCO","SAN FRANCISCO",-122.42220993,37.77286996
7199858,2016,2016-12-08,3801,2016-06-25,1420,256,INGLE,6,5,7,3801,0,0,0,,0,4B8H,"SAN JOSE AV","ROUSSEAU ST",115.00,S,N,A,-,N,,,,,,,,,,N,1,1,0,1,D,-,00,,,N,H,-,A,A,H,-,A,D,0,,Y,,,Y,,-,-,0,0,0,0,0,1,0,0,0,-,-,37.73423,-122.43038,"SAN FRANCISCO","SAN FRANCISCO",-122.43079192,37.73373854
7200160,2016,2017-06-23,3801,2016-12-11,0854,991,SOUTH,7,5,7,3801,0,0,0,,0,4B2B,"HARRISON ST","8TH ST",0.00,,Y,B,-,N,,,,,,,,,,N,1,1,0,2,A,-,12,21453,A,N,D,G,A,A,H,-,-,A,0,,Y,,,Y,,L,04,0,0,0,0,0,1,0,0,0,-,-,37.77381,-122.40825,"SAN FRANCISCO","SAN FRANCISCO",-122.40852994,37.77375997
7201214,2016,2016-03-14,3801,2016-02-23,0812,002347,INGLS,2,5,7,3801,0,0,0,,0,3H11E,"TOWNSEND ST","7TH ST",0.00,,Y,A,-,N,,,,,,,,,,N,3,0,1,2,A,-,08,22107,,F,B,G,A,A,H,-,A,A,0,,Y,,,Y,,A,01,0,1,0,0,0,0,1,0,0,-,-,,,"SAN FRANCISCO","SAN FRANCISCO",-122.40165987,37.77182999
7202014,2016,2016-03-07,3801,2016-02-18,1839,856,SOUTH,4,5,7,3801,0,0,0,,0,002,"5TH ST","MINNA ST",100.00,S,N,A,-,N,,,,,,,,,,N,4,0,1,2,A,-,07,21658,A,N,B,G,A,A,H,-,A,D,0,,Y,,,Y,,A,01,0,0,1,0,0,0,1,0,0,-,-,,,"SAN FRANCISCO","SAN FRANCISCO",-122.40567014,37.78210989
7202020,2016,2016-03-07,3801,2016-02-17,1910,615,PARK,3,5,7,3801,0,0,0,,0,3CAR,"MCALLISTER ST","MCALLISTER ST 1858",0.00,,-,C,-,N,,,,,,,,,,N,3,0,1,2,A,-,21,22106,,N,C,G,A,B,H,-,C,D,0,,Y,,,Y,,A,01,0,1,0,0,0,0,1,0,0,-,-,,,"SAN FRANCISCO","SAN FRANCISCO",,
7202027,2016,2016-03-07,3801,2016-02-17,0518,2105,NORTH,3,5,7,3801,0,0,0,,0,3E11E,"STEINER ST","PAGE ST",34.00,S,N,A,-,N,,,,,,,,,,N,2,0,1,4,A,-,07,21658,A,F,B,G,A,A,H,-,C,D,0,,Y,,,Y,,-,,1,0,0,0,0,0,1,0,0,-,-,,,"SAN FRANCISCO","SAN FRANCISCO",-122.4322604,37.7727379
7202031,2016,2016-03-07,3801,2016-02-22,1230,2310,NORTH,1,5,7,3801,0,0,0,,0,3E13C,"POLK ST","GEARY ST",8.00,S,N,A,-,N,,,,,,,,,,N,3,0,1,2,A,-,17,21209,A,M,D,G,A,A,H,-,A,A,0,,Y,,,Y,,A,01,0,1,0,0,0,0,1,0,0,-,-,,,"SAN FRANCISCO","SAN FRANCISCO",-122.41973539,37.78587833
7202032,2016,2016-03-07,3801,2016-02-25,1000,649,NORTH,4,5,7,3801,0,0,0,,0,3E12A,"POLK ST","ELLIS ST",0.00,,Y,A,-,N,,,,,,,,,,N,4,0,1,2,A,-,07,21658,A,N,B,G,A,A,H,-,A,A,0,,Y,,,Y,,A,01,0,0,1,0,0,0,1,0,0,-,-,,,"SAN FRANCISCO","SAN FRANCISCO",-122.41934987,37.78403996
7202035,2016,2016-03-07,3801,2016-02-25,0900,2235,CENTR,4,5,7,3801,0,0,0,,0,004,"NORTH POINT ST","GRANT AV",130.00,W,N,A,-,N,,,,,,,,,,,4,0,1,2,A,-,07,21658,A,F,B,G,A,A,H,-,A,D,0,,Y,,,Y,,A,01,0,0,1,0,0,0,1,0,0,-,-,,,"SAN FRANCISCO","SAN FRANCISCO",-122.40932423,37.80712242
7202036,2016,2016-03-07,3801,2016-02-14,1615,1718,PARK,7,5,7,3801,0,0,0,,0,3F43,"LAGUNA HONDA BL","DEWEY BL",0.00,,Y,A,-,N,,,,,,,,,,N,3,0,1,2,A,-,09,21800,A,N,D,G,A,A,H,-,B,A,0,,Y,,,Y,,A,01,0,1,0,0,0,0,1,0,0,-,-,,,"SAN FRANCISCO","SAN FRANCISCO",-122.45918995,37.74726995
7202040,2016,2016-03-07,3801,2016-02-17,1630,1184,NORTH,3,5,7,3801,0,0,0,,0,3E13D,"POLK ST","SUTTER ST",0.00,,Y,C,-,N,,,,,,,,,,N,4,0,1,2,A,-,-,,,N,B,G,A,B,H,-,A,A,0,,Y,,,Y,,I,11,0,0,1,0,0,0,1,0,0,-,-,,,"SAN FRANCISCO","SAN FRANCISCO",-122.42009991,37.78775993
7202055,2016,2016-03-07,3801,2016-02-21,1015,193100,NORTH,7,5,7,3801,0,0,0,,0,3E00,"PAGE ST","OCTAVIA ST",0.00,,Y,B,-,N,,,,,,,,,,N,4,0,1,2,A,-,17,22517,,N,B,G,A,B,H,-,A,D,0,,Y,,,Y,,A,01,0,0,1,0,0,0,1,0,0,-,-,,,"SAN FRANCISCO","SAN FRANCISCO",-122.42410987,37.77387996
7202071,2016,2016-03-07,3801,2016-02-05,2017,795,NORTH,5,5,7,3801,0,0,0,,0,3E12D,"SUTTER ST","DIVISADERO ST",0.00,,Y,A,-,N,,,,,,,,,,N,3,0,1,2,A,-,12,21453,A,N,A,G,A,A,H,-,C,A,0,,Y,,,Y,Y,L,04,0,1,0,0,0,0,1,0,0,-,-,,,"SAN FRANCISCO","SAN FRANCISCO",-122.43985997,37.78524993
7202075,2016,2016-03-07,3801,2016-02-04,0736,2039,SOUTH,4,5,7,3801,0,0,0,,0,004,"13TH ST","SOUTH VAN NESS",0.00,,Y,A,-,N,,,,,,,,,,N,4,0,1,2,A,-,12,21453,A,N,D,G,A,A,H,-,A,A,0,,Y,,,Y,,L,04,0,0,1,0,0,0,1,0,0,-,-,,,"SAN FRANCISCO","SAN FRANCISCO",-122.41776996,37.76971998
7202077,2016,2016-03-07,3801,2016-02-03,1040,1378,TARVA,3,5,7,3801,0,0,0,,0,3I11A,"IRVING ST","20TH AV",14.00,W,N,A,-,N,,,,,,,,,,N,4,0,1,2,A,-,05,21202,A,N,B,G,A,A,H,-,A,A,0,,Y,,,Y,,L,04,0,0,1,0,0,0,1,0,0,-,-,,,"SAN FRANCISCO","SAN FRANCISCO",-122.47825839,37.76350819
7202083,2016,2016-03-11,3801,2016-02-24,1530,537,PARK,3,5,7,3801,0,0,0,,0,3F12D,"IRVING ST","3RD AV",0.00,,Y,-,-,N,,,,,,,,,,N,3,0,1,2,A,-,09,21801,A,N,-,-,A,-,-,-,-,-,0,,Y,,,Y,,A,01,0,1,0,0,0,0,1,0,0,-,-,,,"SAN FRANCISCO","SAN FRANCISCO",-122.45988997,37.76431997
7202084,2016,2016-03-07,3801,2016-02-26,0815,1887,TENDE,5,5,7,3801,0,0,0,,0,4B1C,"7TH ST","STEVENSON ST",25.00,S,N,A,-,N,,,,,,,,,,N,4,0,1,2,A,-,17,22517,,N,B,G,A,A,H,-,A,D,0,,Y,,,Y,,A,01,0,0,1,0,0,0,1,0,0,-,-,,,"SAN FRANCISCO","SAN FRANCISCO",-122.41182795,37.77994213
7202088,2016,2016-03-07,3801,2016-02-29,0528,1857,TENDE,1,5,7,3801,0,0,0,,0,0J4,"EDDY ST","LEAVENWORTH ST",0.00,,Y,-,-,N,,,,,,,,,,,4,0,1,2,A,-,17,21657,,N,A,G,A,-,-,-,-,D,0,,Y,,,Y,,L,04,0,0,1,0,0,0,1,0,0,-,-,,,"SAN FRANCISCO","SAN FRANCISCO",-122.41423994,37.78372989
7202094,2016,2016-03-07,3801,2016-02-22,0644,711,MISSI,1,5,7,3801,0,0,0,,0,3D60,"17TH ST","GUERRERO ST",0.00,,Y,B,-,N,,,,,,,,,,N,4,0,1,2,A,-,09,21801,A,N,D,G,A,A,H,-,B,A,0,,Y,,,Y,,A,01,0,0,1,0,0,0,1,0,0,-,-,,,"SAN FRANCISCO","SAN FRANCISCO",-122.42393,37.76316991
7202097,2016,2016-03-07,3801,2016-02-11,1748,1312,MISSI,4,5,7,3801,0,0,0,,0,,"CESAR CHAVEZ ST","ALABAMA ST",2.00,N,N,A,-,N,,,,,,,,,,N,4,0,1,2,A,-,09,21800,A,N,D,G,A,A,H,-,B,A,0,,Y,,,Y,,L,04,0,0,1,0,0,0,1,0,0,-,-,,,"SAN FRANCISCO","SAN FRANCISCO",-122.41054,37.74833
7202107,2016,2016-03-07,3801,2016-02-14,1428,4372,RICHM,7,5,7,3801,0,0,0,,0,"1 CAR","JOHN F KENNEDY DR","STOW LAKE DR",0.00,,Y,A,-,N,,,,,,,,,,N,3,0,1,1,B,-,22,,,N,H,I,A,A,H,-,A,A,0,,Y,,,Y,,L,04,0,1,0,0,0,0,1,0,0,-,-,,,"SAN FRANCISCO","SAN FRANCISCO",-122.47388997,37.77120995
7202109,2016,2016-03-07,3801,2016-02-12,2232,2059,SOUTH,5,5,7,3801,0,0,0,,0,3B12E,"10TH ST","MISSION ST",0.00,,Y,A,-,N,,,,,,,,,,N,4,0,1,2,A,I,-,,,N,D,G,A,A,H,-,C,A,0,,Y,,Y,Y,,L,04,0,0,1,0,0,0,1,0,0,-,-,,,"SAN FRANCISCO","SAN FRANCISCO",-122.41590991,37.77527999
7202111,2016,2016-03-07,3801,2016-02-13,1115,1573,BAYVI,6,5,7,3801,0,0,0,,0,005,"3RD ST","JAMESTOWN ST",0.00,,Y,A,-,N,,,,,,,,,,N,3,0,1,2,A,-,06,21750,,F,B,G,A,A,H,-,A,A,0,,Y,,,Y,Y,A,07,0,1,0,0,0,0,1,0,0,-,-,,,"SAN FRANCISCO","SAN FRANCISCO",-122.39670991,37.72025992
7202165,2016,2016-03-08,3801,2016-02-17,0725,915,J,3,5,7,3801,0,0,0,,0,3J12A,"MARKET ST","GRANT AV",0.00,,Y,A,-,N,,,,,,,,,,N,4,0,1,2,A,-,08,22101,D,N,B,G,A,A,H,-,A,A,0,,Y,,,Y,,L,04,0,0,1,0,0,0,1,0,0,-,-,,,"SAN FRANCISCO","SAN FRANCISCO",-122.40457993,37.78676992
7202166,2016,2016-03-08,3801,2016-02-12,2303,2008,MISSI,5,5,7,3801,0,0,0,,0,3D14E,"23RD ST","HARRISON ST",0.00,,Y,A,-,N,,,,,,,,,,N,4,0,1,2,D,-,00,,,N,D,G,A,A,H,-,C,A,0,,Y,,,Y,,-,-,0,0,1,0,0,0,1,0,0,-,-,,,"SAN FRANCISCO","SAN FRANCISCO",-122.41209986,37.75423991
7202173,2016,2016-03-08,3801,2016-02-13,1156,2039,SOUTH,6,5,7,3801,0,0,0,,0,005,"3RD ST","CHINA BASIN",0.00,,Y,A,-,N,,,,,,,,,,N,4,0,1,2,A,-,06,21750,,N,B,G,A,A,H,-,A,A,0,,Y,,,Y,,-,,0,0,1,0,0,0,1,0,0,-,-,,,"SAN FRANCISCO","SAN FRANCISCO",-122.38970999,37.77201991
7202182,2016,2016-03-08,3801,2016-02-14,1515,1230,CENTR,7,5,7,3801,0,0,0,,0,3A11D,"CALIFORNIA ST","HYDE ST",0.00,,Y,-,-,N,,,,,,,,,,N,3,0,1,2,D,-,00,,,N,-,-,A,-,-,-,-,-,0,,Y,,,Y,,-,-,0,1,0,0,0,0,1,0,0,-,-,,,"SAN FRANCISCO","SAN FRANCISCO",-122.41739993,37.79098997
7202185,2016,2016-03-08,3801,2016-02-12,0949,2093,TENDE,5,5,7,3801,0,0,0,,0,3J13A,"4TH ST","JESSIE ST",66.00,N,N,A,-,N,,,,,,,,,,N,4,0,1,2,A,-,17,22517,,N,-,G,A,A,H,-,A,D,0,,Y,,,Y,,A,01,0,0,1,0,0,0,1,0,0,-,-,,,"SAN FRANCISCO","SAN FRANCISCO",-122.40492755,37.7850713