CASE_ID,ACCIDENT_YEAR,PROC_DATE,JURIS,COLLISION_DATE,COLLISION_TIME,OFFICER_ID,REPORTING_DISTRICT,DAY_OF_WEEK,CHP_SHIFT,POPULATION,CNTY_CITY_LOC,SPECIAL_COND,BEAT_TYPE,CHP_BEAT_TYPE,CITY_DIVISION_LAPD,CHP_BEAT_CLASS,BEAT_NUMBER,PRIMARY_RD,SECONDARY_RD,DISTANCE,DIRECTION,INTERSECTION,WEATHER_1,WEATHER_2,STATE_HWY_IND,CALTRANS_COUNTY,CALTRANS_DISTRICT,STATE_ROUTE,ROUTE_SUFFIX,POSTMILE_PREFIX,POSTMILE,LOCATION_TYPE,RAMP_INTERSECTION,SIDE_OF_HWY,TOW_AWAY,COLLISION_SEVERITY,NUMBER_KILLED,NUMBER_INJURED,PARTY_COUNT,PRIMARY_COLL_FACTOR,PCF_CODE_OF_VIOL,PCF_VIOL_CATEGORY,PCF_VIOLATION,PCF_VIOL_SUBSECTION,HIT_AND_RUN,TYPE_OF_COLLISION,MVIW,PED_ACTION,ROAD_SURFACE,ROAD_COND_1,ROAD_COND_2,LIGHTING,CONTROL_DEVICE,CHP_ROAD_TYPE,PEDESTRIAN_ACCIDENT,BICYCLE_ACCIDENT,MOTORCYCLE_ACCIDENT,TRUCK_ACCIDENT,NOT_PRIVATE_PROPERTY,ALCOHOL_INVOLVED,STWD_VEHTYPE_AT_FAULT,CHP_VEHTYPE_AT_FAULT,COUNT_SEVERE_INJ,COUNT_VISIBLE_INJ,COUNT_COMPLAINT_PAIN,COUNT_PED_KILLED,COUNT_PED_INJURED,COUNT_BICYCLIST_KILLED,COUNT_BICYCLIST_INJURED,COUNT_MC_KILLED,COUNT_MC_INJURED,PRIMARY_RAMP,SECONDARY_RAMP,LATITUDE,LONGITUDE,COUNTY,CITY,POINT_X,POINT_Y
8020468,2016,2016-04-13,3801,2016-03-16,0817,001015,PARK,3,5,7,3801,0,0,0,,0,"4 CAR","STEINER ST","WALLER ST",57.00,S,N,A,-,N,,,,,,,,,,N,3,0,1,2,A,-,03,22350,,N,H,A,A,A,B,-,A,D,0,,Y,,,Y,,L,04,0,1,0,0,0,0,1,0,0,-,-,,,"SAN FRANCISCO","SAN FRANCISCO",-122.43186413,37.77082476
8020472,2016,2016-04-13,3801,2016-03-16,0919,282,CNTRL,3,5,7,3801,0,0,0,,0,3A12A,"MARKET ST","NEW MONTGOMERY ST",200.00,W,N,A,-,N,,,,,,,,,,N,3,0,1,2,A,-,17,22517,,N,H,G,A,A,H,-,A,D,0,,Y,,,Y,,A,07,0,1,0,0,0,0,1,0,0,-,-,,,"SAN FRANCISCO","SAN FRANCISCO",-122.40249317,37.78839262
8020476,2016,2016-04-13,3801,2016-03-16,1948,1849,COJ,3,5,7,3801,0,0,0,,0,3J60,"MARKET ST","OFARRELL ST",0.00,,Y,A,-,N,,,,,,,,,,N,3,0,1,2,A,-,00,21760,B,F,B,G,A,A,H,-,C,A,0,,Y,,,Y,,A,01,0,1,0,0,0,0,1,0,0,-,-,,,"SAN FRANCISCO","SAN FRANCISCO",,
8038173,2016,2016-05-31,3801,2016-04-05,0945,4306,,2,5,7,3801,0,0,0,,0,901,"VALENCIA ST","14TH ST",78.00,S,N,A,-,N,,,,,,,,,,N,4,0,1,2,A,-,17,22517,,N,H,G,A,A,H,-,A,D,0,,Y,,,Y,,A,01,0,0,1,0,0,0,1,0,0,-,-,,,"SAN FRANCISCO","SAN FRANCISCO",-122.42215864,37.76793639
8039604,2016,2016-05-17,3801,2016-04-15,0756,2082,BAYVI,5,5,7,3801,0,0,0,,0,003,"PALOU AV","INGALLS ST",0.00,,Y,A,-,N,,,,,,,,,,N,4,0,1,2,A,-,12,22450,A,N,D,G,A,A,H,-,A,A,0,,Y,,,Y,,L,04,0,0,1,0,0,0,1,0,0,-,-,,,"SAN FRANCISCO","SAN FRANCISCO",-122.38343996,37.72974991
8039608,2016,2016-06-08,3801,2016-04-15,0826,2020,CENTR,5,5,7,3801,0,0,0,,0,3A14A,"STOCKTON ST","JACKSON ST",0.00,,Y,A,-,N,,,,,,,,,,N,3,0,1,2,D,-,00,,,N,H,G,A,A,H,-,A,A,0,,Y,,,Y,,-,-,0,1,0,0,0,0,1,0,0,-,-,,,"SAN FRANCISCO","SAN FRANCISCO",-122.40821999,37.7958299
8039652,2016,2016-06-03,3801,2016-04-06,0930,1316,TENDE,3,5,7,3801,0,0,0,,0,3J14A,"EDDY ST","MASON ST",30.00,E,N,A,-,N,,,,,,,,,,N,3,0,1,2,A,-,17,22517,,N,H,G,A,A,H,-,A,A,0,,Y,,Y,Y,,F,26,0,1,0,0,0,0,1,0,0,-,-,,,"SAN FRANCISCO","SAN FRANCISCO",-122.40919796,37.78439531
8039926,2016,2016-05-16,3801,2016-04-29,2100,2020,CENTR,5,5,7,3801,0,0,0,,0,3A00,"POLK ST","BAY ST",0.00,,Y,A,-,N,,,,,,,,,,N,3,0,1,2,A,-,08,22107,,N,B,G,A,A,H,-,C,A,0,,Y,,,Y,,A,01,0,1,0,0,0,0,1,0,0,-,-,,,"SAN FRANCISCO","SAN FRANCISCO",-122.4234499,37.80435995
8039931,2016,2016-05-16,3801,2016-04-20,2024,781,SOUTH,3,5,7,3801,0,0,0,,0,0B3,"5TH ST","BRYANT ST",0.00,,Y,A,-,N,,,,,,,,,,N,4,0,1,2,A,-,01,21200,5,N,A,G,A,A,H,-,C,A,0,,Y,,,Y,Y,L,04,0,0,1,0,0,0,1,0,0,-,-,,,"SAN FRANCISCO","SAN FRANCISCO",-122.40028996,37.77779999
8039939,2016,2016-08-29,3801,2016-04-21,0940,1570,CENTR,4,5,7,3801,0,0,0,,0,3A60,"MONTGOMERY ST","BUSH ST",0.00,,Y,A,-,N,,,,,,,,,,N,4,0,1,2,A,-,17,22517,,N,H,G,A,A,H,-,A,D,0,,Y,,,Y,,A,01,0,0,1,0,0,0,1,0,0,-,-,,,"SAN FRANCISCO","SAN FRANCISCO",-122.40235994,37.79096998
8039942,2016,2016-05-24,3801,2016-04-25,1805,4372,RICHM,1,5,7,3801,0,0,0,,0,2CAR,"GEARY BL","ST JOSEPHS AV",0.00,,Y,A,-,N,,,,,,,,,,N,3,0,1,2,A,-,12,21453,A,N,D,G,A,A,H,-,A,A,0,,Y,,,Y,,L,04,0,1,0,0,0,0,1,0,0,-,-,,,"SAN FRANCISCO","SAN FRANCISCO",-122.44276998,37.78281
8039943,2016,2016-05-16,3801,2016-04-20,1909,748,SOUTH,3,5,7,3801,0,0,0,,0,0B4,"MISSION ST","DUBOCE ST",0.00,,Y,B,-,N,,,,,,,,,,N,4,0,1,2,A,-,06,21750,,N,B,G,A,A,H,-,A,A,0,,Y,,,Y,,A,01,0,0,1,0,0,0,1,0,0,-,-,,,"SAN FRANCISCO","SAN FRANCISCO",-122.42017991,37.76998996
8039963,2016,2016-05-16,3801,2016-04-13,1130,563,PARK,3,5,7,3801,0,0,0,,0,003,"TURK ST","BEAUMONT ST",40.00,W,N,A,-,N,,,,,,,,,,N,3,0,1,2,A,-,07,21658,A,N,B,G,A,A,H,-,A,D,0,,Y,,,Y,,A,01,0,1,0,0,0,0,1,0,0,-,-,,,"SAN FRANCISCO","SAN FRANCISCO",-122.45446683,37.77768328
8039975,2016,2016-05-16,3801,2016-04-17,1130,2452,SOUTH,7,5,7,3801,0,0,0,,0,3B14A,"13TH ST","BRYANT ST",0.00,,Y,A,-,N,,,,,,,,,,Y,4,0,3,3,A,-,03,22350,A,N,A,C,A,A,H,-,A,A,0,,Y,,,Y,,A,01,0,0,3,0,0,0,1,0,0,-,-,,,"SAN FRANCISCO","SAN FRANCISCO",,
8039986,2016,2016-05-16,3801,2016-04-22,2209,4042,INGLE,5,5,7,3801,0,0,0,,0,0H2,"30TH ST","SAN JOSE AV",0.00,,Y,A,-,N,,,,,,,,,,,3,0,1,2,A,-,05,21650,,N,A,G,A,A,H,-,C,A,0,,Y,,,Y,,L,04,0,1,0,0,0,0,1,0,0,-,-,,,"SAN FRANCISCO","SAN FRANCISCO",-122.42328998,37.7422799
8039995,2016,2016-05-16,3801,2016-04-14,0758,1325,TENDE,4,5,7,3801,0,0,0,,0,3J13A,"GOLDEN GATE AV","LARKIN ST",93.00,W,N,A,-,N,,,,,,,,,,N,3,0,1,2,A,-,17,22517,,N,A,G,A,A,H,-,A,B,0,,Y,,,Y,,A,01,0,1,0,0,0,0,1,0,0,-,-,,,"SAN FRANCISCO","SAN FRANCISCO",-122.41746784,37.78139955
8042405,2016,2016-05-16,3801,2016-04-15,2208,1631,SOUTH,5,5,7,3801,0,0,0,,0,3B14D,"11TH ST","FOLSOM ST",0.00,,Y,A,-,N,,,,,,,,,,N,4,0,1,2,A,-,09,21801,A,F,D,G,A,A,H,-,C,A,0,,Y,,,Y,,-,,0,0,1,0,0,0,1,0,0,-,-,,,"SAN FRANCISCO","SAN FRANCISCO",-122.4140099,37.77187989
8042422,2016,2016-05-16,3801,2016-04-13,1050,001588,CENTR,3,5,7,3801,0,0,0,,0,3A14A,"SACRAMENTO ST","BATTERY ST",140.00,E,N,A,-,N,,,,,,,,,,N,4,0,1,2,A,-,06,21750,,N,H,G,A,A,D,-,A,A,0,,Y,,,Y,,L,04,0,0,1,0,0,0,1,0,0,-,-,,,"SAN FRANCISCO","SAN FRANCISCO",-122.39968154,37.79424134
8042430,2016,2016-05-16,3801,2016-04-08,1000,004372,RICHM,5,5,7,3801,0,0,0,,0,5CAR,"GREAT HWY","BALBOA ST",0.00,,Y,A,-,N,,,,,,,,,,N,3,0,1,2,A,-,08,22107,,N,B,G,A,A,H,-,A,A,0,,Y,,,Y,,A,01,0,1,0,0,0,0,1,0,0,-,-,,,"SAN FRANCISCO","SAN FRANCISCO",-122.51128997,37.77507992
8042434,2016,2016-05-16,3801,2016-04-08,1925,640,TENDE,5,5,7,3801,0,0,0,,0,3J00,"MARKET ST","VAN NESS AV",0.00,,Y,C,-,N,,,,,,,,,,N,4,0,1,2,A,-,07,21658,A,F,B,G,A,B,H,-,B,A,0,,Y,,,Y,,-,,0,0,1,0,0,0,1,0,0,-,-,,,"SAN FRANCISCO","SAN FRANCISCO",-122.41925991,37.77516996
8042437,2016,2016-05-16,3801,2016-04-08,1938,001404,NORTH,5,5,7,3801,0,0,0,,0,001,"OCTAVIA ST","OAK ST",0.00,,Y,A,-,N,,,,,,,,,,N,3,0,1,2,A,-,12,21453,A,N,D,G,A,A,H,-,C,A,0,,Y,,,Y,,L,04,0,1,0,0,0,0,1,0,0,-,-,,,"SAN FRANCISCO","SAN FRANCISCO",-122.42429995,37.77479993
8042445,2016,2016-05-16,3801,2016-04-14,1311,4182,SOUTH,4,5,7,3801,0,0,0,,0,3B2A,"HARRISON ST","4TH ST",225.00,E,N,A,-,N,,,,,,,,,,N,3,0,1,2,A,-,08,22107,,F,D,G,A,A,H,-,A,D,0,,Y,,,Y,,A,01,0,1,0,0,0,0,1,0,0,-,-,,,"SAN FRANCISCO","SAN FRANCISCO",-122.39908005,37.78121763
8042453,2016,2016-05-16,3801,2016-04-15,1000,4305,MISSI,5,5,7,3801,0,0,0,,0,,"FOLSOM ST","18TH ST",0.00,,Y,A,-,N,,,,,,,,,,N,4,0,1,2,D,-,00,,,N,A,G,A,A,H,-,A,A,0,,Y,,,Y,,-,-,0,0,1,0,0,0,1,0,0,-,-,,,"SAN FRANCISCO","SAN FRANCISCO",-122.4149899,37.76209989
8042457,2016,2016-05-16,3801,2016-04-10,2230,2443,MISSI,7,5,7,3801,0,0,0,,0,3D41A,"15TH ST","SHARON ST",0.00,,Y,F,-,N,,,,,,,,,,N,4,0,1,2,A,-,09,21801,A,N,D,G,A,A,G,-,D,D,0,,Y,,,Y,,A,01,0,0,1,0,0,0,1,0,0,-,-,,,"SAN FRANCISCO","SAN FRANCISCO",-122.42989986,37.76604989
8042473,2016,2016-05-16,3801,2016-04-04,1805,1784,PARK,1,5,7,3801,0,0,0,,0,3F13D,"STANYAN ST","PAGE ST",0.00,,Y,F,-,N,,,,,,,,,,N,4,0,1,2,A,-,09,21801,A,N,D,G,A,A,G,-,-,A,0,,Y,,,Y,,L,04,0,0,1,0,0,0,1,0,0,-,-,,,"SAN FRANCISCO","SAN FRANCISCO",-122.45371995,37.77009991
8042478,2016,2016-05-16,3801,2016-04-05,1924,2111,MISSI,2,5,7,3801,0,0,0,,0,3D14D,"VALENCIA ST","19TH ST",30.00,S,N,A,-,N,,,,,,,,,,N,3,0,1,2,A,-,17,22517,,N,E,G,A,A,H,-,A,A,0,,Y,,,Y,,A,01,0,1,0,0,0,0,1,0,0,-,-,,,"SAN FRANCISCO","SAN FRANCISCO",-122.42139324,37.76002776
8042578,2016,2016-05-17,3801,2016-04-20,1830,2417,INGLE,3,5,7,3801,0,0,0,,0,3H11D,"TIFFANY ST","DUNCAN ST",0.00,,Y,A,-,N,,,,,,,,,,N,2,0,1,2,A,-,21,22106,,N,C,G,A,A,D,-,A,D,0,,Y,,,Y,,A,01,1,0,0,0,0,0,1,0,0,-,-,,,"SAN FRANCISCO","SAN FRANCISCO",-122.42037989,37.74646
8042598,2016,2016-05-17,3801,2016-04-17,1205,1081,TARAV,7,5,7,3801,0,0,0,,0,3I13A,"TERRACE DR","PORTOLA DR",0.00,,Y,A,-,N,,,,,,,,,,N,4,0,1,2,A,-,09,21802,A,N,D,G,A,A,H,-,A,A,0,,Y,,,Y,,A,01,0,0,1,0,0,0,1,0,0,-,-,,,"SAN FRANCISCO","SAN FRANCISCO",-122.46753992,37.73795992
8042610,2016,2016-05-17,3801,2016-04-16,1413,4230,PARK,6,5,7,3801,0,0,0,,0,3F13A,"CARL ST","STANYAN ST",100.00,W,N,A,-,N,,,,,,,,,,N,3,0,1,2,A,-,17,22517,,N,H,G,A,A,H,-,A,D,0,,Y,,,Y,,-,,0,1,0,0,0,0,1,0,0,-,-,,,"SAN FRANCISCO","SAN FRANCISCO",-122.45309247,37.76538057
8042632,2016,2016-05-17,3801,2016-04-01,1254,2443,MISSI,5,5,7,3801,0,0,0,,0,001,"MARKET ST","CHURCH ST",280.00,W,N,A,-,N,,,,,,,,,,N,4,0,1,2,A,-,08,22107,,N,B,G,A,A,H,-,A,A,0,,Y,,,Y,,A,07,0,0,1,0,0,0,1,0,0,-,-,,,"SAN FRANCISCO","SAN FRANCISCO",-122.42961454,37.76705778
8042825,2016,2016-05-17,3801,2016-03-19,1230,518,INGLE,6,5,7,3801,0,0,0,,0,4B6H,"SAN JOSE AV",DIAMOND,5.00,E,N,A,-,N,,,,,,,,,,N,2,0,1,1,A,-,03,22350,,N,-,G,A,A,-,-,A,A,0,,Y,,,Y,,L,04,1,0,0,0,0,0,1,0,0,-,-,,,"SAN FRANCISCO","SAN FRANCISCO",,
8043732,2015,2016-05-23,3801,2015-08-12,0632,000251,,3,5,7,3801,0,0,0,,0,4C3,"CABRILLO AV","20TH AV",0.00,,Y,A,-,N,,,,,,,,,,N,4,0,1,2,D,-,00,,,N,D,G,A,A,H,-,A,D,0,,Y,,,Y,,-,-,0,0,1,0,0,0,1,0,0,-,-,,,"SAN FRANCISCO","SAN FRANCISCO",-122.47896998,37.77468989
8046643,2016,2016-08-29,3801,2016-04-08,1904,892,SOUTH,5,5,7,3801,0,0,0,,0,3B12D,"3RD ST","MINNA ST",0.00,,Y,B,-,N,,,,,,,,,,N,3,0,1,2,A,-,08,22107,,N,D,G,A,A,H,-,A,A,0,,Y,,,Y,,A,01,0,1,0,0,0,0,1,0,0,-,-,,,"SAN FRANCISCO","SAN FRANCISCO",-122.40147986,37.78583997
8046648,2016,2016-05-17,3801,2016-04-06,2005,1306,COA,3,5,7,3801,0,0,0,,0,3A15D,EMBARCADERO,"WASHINGTON ST",175.00,S,N,A,-,N,,,,,,,,,,N,4,0,1,2,A,-,08,22107,,N,B,G,A,A,H,-,C,A,0,,Y,,,Y,,A,01,0,0,1,0,0,0,1,0,0,-,-,,,"SAN FRANCISCO","SAN FRANCISCO",,
8046668,2016,2016-05-17,3801,2016-04-10,1445,640,TENDE,7,5,7,3801,0,0,0,,0,3J41D,"JONES ST","OFARRELL ST",0.00,,Y,A,-,N,,,,,,,,,,N,3,0,1,1,A,-,03,22350,,N,F,-,A,A,H,-,A,-,0,,Y,,,Y,,L,04,0,1,0,0,0,0,1,0,0,-,-,,,"SAN FRANCISCO","SAN FRANCISCO",-122.41296991,37.78579997
8046691,2016,2016-05-17,3801,2016-04-06,1135,573,TARAV,3,5,7,3801,0,0,0,,0,4B51,"SKYLINE BL","HARDING DR",225.00,S,N,A,-,N,,,,,,,,,,N,3,0,1,2,A,-,07,21658,A,N,B,G,A,A,H,-,A,D,0,,Y,,,Y,,L,04,0,1,0,0,0,0,1,0,0,-,-,,,"SAN FRANCISCO","SAN FRANCISCO",-122.50274598,37.72602617
8046708,2016,2016-05-17,3801,2016-04-11,1515,1312,MISSI,1,5,7,3801,0,0,0,,0,3D15C,"18TH ST","DOLORES ST",0.00,,Y,A,-,N,,,,,,,,,,N,4,0,1,2,A,-,06,21750,,N,D,G,A,A,H,-,A,A,0,,Y,,,Y,,L,04,0,0,1,0,0,0,1,0,0,-,-,,,"SAN FRANCISCO","SAN FRANCISCO",-122.42615994,37.76143993
8046711,2016,2016-05-17,3801,2016-04-02,1900,1306,COA,6,5,7,3801,0,0,0,,0,3A15D,"WASHINGTON ST","EMBARCADERO NORTH ST",22.00,W,N,A,-,N,,,,,,,,,,N,4,0,1,2,A,-,04,21703,,F,C,G,A,A,H,-,A,A,0,,Y,,,Y,Y,A,01,0,0,1,0,0,0,1,0,0,-,-,,,"SAN FRANCISCO","SAN FRANCISCO",,
8046720,2016,2016-05-17,3801,2016-04-05,1800,004286,RICHM,2,5,7,3801,0,0,0,,0,0G4,"LAKE ST","17TH AV",0.00,,Y,A,-,N,,,,,,,,,,N,3,0,1,2,A,-,09,21801,A,N,D,G,A,A,H,-,A,A,0,,Y,,,Y,,A,01,0,1,0,0,0,0,1,0,0,-,-,,,"SAN FRANCISCO","SAN FRANCISCO",-122.47656987,37.78613992
8046723,2016,2016-05-18,3801,2016-04-16,1614,2472,MISIS,6,5,7,3801,0,0,0,,0,3D15D,"18TH ST","SANCHEZ ST",212.00,E,N,A,-,N,,,,,,,,,,N,3,0,1,2,A,-,17,22517,,N,B,G,A,A,H,-,A,A,0,,Y,,,Y,,A,01,0,1,0,0,0,0,1,0,0,-,-,,,"SAN FRANCISCO","SAN FRANCISCO",-122.42983913,37.76120006
8046731,2016,2016-05-18,3801,2016-04-18,0926,2008,RICHM,1,5,7,3801,0,0,0,,0,3G68,"JOHN F KENNEDY DR","TRANSVERSE DR",528.00,W,N,A,-,N,,,,,,,,,,Y,4,0,1,2,A,-,08,22107,,N,B,G,A,A,H,-,A,D,0,,Y,,,Y,,A,01,0,0,1,0,0,0,1,0,0,-,-,,,"SAN FRANCISCO","SAN FRANCISCO",-122.48163859,37.77002847
8046736,2016,2016-05-18,3801,2016-04-26,1800,002334,SOUTH,2,5,7,3801,0,0,0,,0,0B5,"TOWNSEND ST","6TH ST",50.00,E,N,A,-,N,,,,,,,,,,N,4,0,1,2,A,-,08,22107,,N,D,G,A,A,H,-,A,D,0,,Y,,,Y,,A,01,0,0,1,0,0,0,1,0,0,-,-,,,"SAN FRANCISCO","SAN FRANCISCO",-122.39930812,37.77370751
8046741,2016,2016-05-25,3801,2016-04-02,1800,2483,NORTH,6,5,7,3801,0,0,0,,0,3E12D,"BROADWAY ST","LAGUNA ST",0.00,,Y,A,-,N,,,,,,,,,,N,2,0,1,2,A,-,17,22517,,N,B,G,A,A,H,-,A,D,0,,Y,,,Y,,A,01,1,0,0,0,0,0,1,0,0,-,-,,,"SAN FRANCISCO","SAN FRANCISCO",-122.42997997,37.79488992
8046742,2016,2016-05-18,3801,2016-04-23,1818,1240,MISSI,6,5,7,3801,0,0,0,,0,3D14D,"VALENCIA ST","23RD ST",234.00,S,N,A,-,N,,,,,,,,,,N,3,0,1,2,A,-,03,22350,,N,C,G,A,A,H,-,A,D,0,,Y,,,Y,,L,04,0,1,0,0,0,0,1,0,0,-,-,,,"SAN FRANCISCO","SAN FRANCISCO",-122.42074552,37.75305921
8046743,2016,2016-05-18,3801,2016-04-23,1600,546,INGLE,6,5,7,3801,0,0,0,,0,4B7H,"ALEMANY BL","TINGLEY ST",77.00,S,N,A,-,N,,,,,,,,,,N,4,0,1,1,A,-,03,22350,,N,E,I,A,A,A,-,A,D,0,,Y,,,Y,,L,04,0,0,1,0,0,0,1,0,0,-,-,37.72937,-122.43379,"SAN FRANCISCO","SAN FRANCISCO",-122.43417428,37.72918757
8046752,2016,2016-05-17,3801,2016-04-26,1040,00670,SOUTH,2,5,7,3801,0,0,0,,0,3B13A,"3RD ST","HOWARD ST",45.00,N,N,A,-,N,,,,,,,,,,N,3,0,1,2,A,-,17,22517,,N,B,G,A,A,H,-,A,D,0,,Y,,,Y,,A,01,0,1,0,0,0,0,1,0,0,-,-,,,"SAN FRANCISCO","SAN FRANCISCO",-122.40060324,37.78510256
8046754,2016,2016-05-23,3801,2016-04-24,1654,195,NORTH,7,5,7,3801,0,0,0,,0,3E14D,FILLMORE,"WASHINGTON ST",20.00,N,N,A,-,N,,,,,,,,,,N,3,0,1,2,C,-,18,,,N,H,G,A,A,H,-,A,A,0,,Y,,,Y,,-,-,0,1,0,0,0,0,1,0,0,-,-,,,"SAN FRANCISCO","SAN FRANCISCO",-122.43438141,37.79165419
8046766,2016,2016-05-18,3801,2016-04-25,1245,2475,NORTH,1,5,7,3801,0,0,0,,0,3E13C,"POLK ST",OFARRELL,25.00,N,N,A,-,N,,,,,,,,,,N,3,0,1,2,A,-,07,21658,A,N,B,G,A,A,H,-,A,A,0,,Y,,,Y,,A,01,0,1,0,0,0,0,1,0,0,-,-,,,"SAN FRANCISCO","SAN FRANCISCO",-122.41956328,37.78503787
8046781,2016,2016-05-18,3801,2016-04-20,1140,2399,TENDE,3,5,7,3801,0,0,0,,0,,"MARKET ST","POWELL ST",65.00,E,N,A,-,N,,,,,,,,,,N,3,0,1,2,A,-,07,21658,A,N,H,A,A,A,H,-,A,A,0,,Y,,,Y,,A,01,0,1,0,0,0,0,1,0,0,-,-,,,"SAN FRANCISCO","SAN FRANCISCO",,
8046797,2016,2016-05-18,3801,2016-04-21,2204,2413,MISSI,4,5,7,3801,0,0,0,,0,3D15E,"VALENCIA ST","14TH ST",16.00,S,N,A,-,N,,,,,,,,,,N,3,0,1,2,A,-,08,21717,,N,B,G,A,A,H,-,C,A,0,,Y,,,Y,,A,01,0,1,0,0,0,0,1,0,0,-,-,,,"SAN FRANCISCO","SAN FRANCISCO",-122.42217562,37.76810618
8046835,2016,2016-05-17,3801,2016-04-19,2028,002137,,2,5,7,3801,0,0,0,,0,002,"TURK BL","MASONIC AV",0.00,,Y,A,-,N,,,,,,,,,,N,4,0,1,2,A,-,09,21801,B,N,A,G,A,A,H,-,C,A,0,,Y,,,Y,,L,04,0,0,1,0,0,0,1,0,0,-,-,,,"SAN FRANCISCO","SAN FRANCISCO",-122.44705,37.77862996
8049474,2016,2016-06-09,3801,2016-05-10,0848,2441,NORTH,2,5,7,3801,0,0,0,,0,3E16A,"POLK ST","FILBERT ST",155.00,S,N,A,-,N,,,,,,,,,,N,3,0,1,2,A,-,17,22517,,N,H,G,A,A,H,-,A,D,0,,Y,,,Y,,D,22,0,1,0,0,0,0,1,0,0,-,-,,,"SAN FRANCISCO","SAN FRANCISCO",-122.42242939,37.79927902
8049521,2016,2016-06-14,3801,2016-04-28,1031,2317,SOUTH,4,5,7,3801,0,0,0,,0,3B12A,"4TH ST","MISSION ST",0.00,,Y,A,-,N,,,,,,,,,,N,4,0,1,2,A,-,-,,,N,H,A,A,A,H,-,A,A,0,,Y,,,Y,,L,04,0,0,1,0,0,0,1,0,0,-,-,,,"SAN FRANCISCO","SAN FRANCISCO",-122.40425995,37.78451991
8049608,2016,2016-06-07,3801,2016-05-08,1005,777,TARAV,7,5,7,3801,0,0,0,,0,313A,"WEST PORTAL AV","15TH AV",108.00,S,N,B,-,N,,,,,,,,,,N,2,0,1,1,B,-,22,,,N,E,I,A,A,H,-,A,A,0,,Y,,,Y,,-,-,1,0,0,0,0,0,1,0,0,-,-,,,"SAN FRANCISCO","SAN FRANCISCO",-122.47075651,37.73632851
8049616,2016,2016-06-07,3801,2016-05-11,1210,000776,TARAV,3,5,7,3801,0,0,0,,0,,"VARELA AV","HOLLOWAY ST",120.00,S,N,B,-,N,,,,,,,,,,N,4,0,1,2,A,-,21,22106,,N,C,G,A,A,H,-,A,D,0,,Y,,,Y,,A,01,0,0,1,0,0,0,1,0,0,-,-,,,"SAN FRANCISCO","SAN FRANCISCO",-122.47608928,37.72043042
8049640,2016,2016-06-07,3801,2016-05-04,1829,2205,TEND,3,5,7,3801,0,0,0,,0,3J11D,"9TH ST","MARKET ST",38.00,S,N,A,-,N,,,,,,,,,,N,4,0,1,2,C,-,18,,,F,-,G,A,A,H,-,A,A,0,,Y,,,Y,,-,-,0,0,1,0,0,0,1,0,0,-,-,,,"SAN FRANCISCO","SAN FRANCISCO",-122.41623737,37.77742589
8049648,2016,2016-06-07,3801,2016-05-03,2330,1312,,2,5,7,3801,0,0,0,,0,,"MISSION ST","FAIR AV",0.00,,Y,A,-,N,,,,,,,,,,N,4,0,1,2,A,-,09,21800,A,F,D,G,A,A,H,-,C,A,0,,Y,,,Y,Y,A,01,0,0,1,0,0,0,1,0,0,-,-,,,"SAN FRANCISCO","SAN FRANCISCO",-122.41986995,37.74558993
8049668,2016,2016-06-07,3801,2016-05-03,1535,640,COJ,2,5,7,3801,0,0,0,,0,004,"GOLDEN GATE AV","MARKET ST",130.00,W,N,A,-,N,,,,,,,,,,N,4,0,2,2,A,-,11,21955,,N,D,B,D,A,H,-,A,D,0,Y,Y,,,Y,,N,60,0,0,2,0,1,0,1,0,0,-,-,,,"SAN FRANCISCO","SAN FRANCISCO",-122.41074875,37.78226
8049675,2016,2016-06-07,3801,2016-05-19,1245,2078,CENTR,4,5,7,3801,0,0,0,,0,3A14A,"NORTHPOINT ST","STOCKTON ST",0.00,,Y,A,-,N,,,,,,,,,,N,4,0,1,2,A,-,09,21804,A,N,H,G,A,A,H,-,A,D,0,,Y,,,Y,,A,01,0,0,1,0,0,0,1,0,0,-,-,,,"SAN FRANCISCO","SAN FRANCISCO",,
8049694,2016,2016-06-07,3801,2016-05-13,2305,002038,F,5,5,7,3801,0,0,0,,0,3F4E,"CHURCH ST","DUBOCE AV",0.00,,Y,A,-,N,,,,,,,,,,N,3,0,1,2,A,-,12,22450,A,N,D,G,A,A,H,-,C,A,0,,Y,,,Y,,L,04,0,1,0,0,0,0,1,0,0,-,-,,,"SAN FRANCISCO","SAN FRANCISCO",-122.42911992,37.76945996
8049698,2016,2016-06-07,3801,2016-05-14,1140,000970,COB,6,5,7,3801,0,0,0,,0,3B3C,"8TH ST","HARRISON AVE",30.00,S,N,A,-,N,,,,,,,,,,N,4,0,1,2,A,-,08,22107,,N,G,G,A,A,H,-,A,D,0,,Y,,,Y,,A,01,0,0,1,0,0,0,1,0,0,-,-,,,"SAN FRANCISCO","SAN FRANCISCO",-122.40845576,37.77370238
8049717,2016,2016-06-08,3801,2016-05-08,1805,1784,PARK,7,5,7,3801,0,0,0,,0,3F12D,"CONSERVATORY DR EAST","ARGUELLO BL",794.00,E,N,A,-,N,,,,,,,,,,N,3,0,1,2,D,-,00,,,N,A,G,A,A,H,-,A,D,0,,Y,,,Y,,-,-,0,1,0,0,0,0,1,0,0,-,-,,,"SAN FRANCISCO","SAN FRANCISCO",-122.45635052,37.77342526