CASE_ID,ACCIDENT_YEAR,PROC_DATE,JURIS,COLLISION_DATE,COLLISION_TIME,OFFICER_ID,REPORTING_DISTRICT,DAY_OF_WEEK,CHP_SHIFT,POPULATION,CNTY_CITY_LOC,SPECIAL_COND,BEAT_TYPE,CHP_BEAT_TYPE,CITY_DIVISION_LAPD,CHP_BEAT_CLASS,BEAT_NUMBER,PRIMARY_RD,SECONDARY_RD,DISTANCE,DIRECTION,INTERSECTION,WEATHER_1,WEATHER_2,STATE_HWY_IND,CALTRANS_COUNTY,CALTRANS_DISTRICT,STATE_ROUTE,ROUTE_SUFFIX,POSTMILE_PREFIX,POSTMILE,LOCATION_TYPE,RAMP_INTERSECTION,SIDE_OF_HWY,TOW_AWAY,COLLISION_SEVERITY,NUMBER_KILLED,NUMBER_INJURED,PARTY_COUNT,PRIMARY_COLL_FACTOR,PCF_CODE_OF_VIOL,PCF_VIOL_CATEGORY,PCF_VIOLATION,PCF_VIOL_SUBSECTION,HIT_AND_RUN,TYPE_OF_COLLISION,MVIW,PED_ACTION,ROAD_SURFACE,ROAD_COND_1,ROAD_COND_2,LIGHTING,CONTROL_DEVICE,CHP_ROAD_TYPE,PEDESTRIAN_ACCIDENT,BICYCLE_ACCIDENT,MOTORCYCLE_ACCIDENT,TRUCK_ACCIDENT,NOT_PRIVATE_PROPERTY,ALCOHOL_INVOLVED,STWD_VEHTYPE_AT_FAULT,CHP_VEHTYPE_AT_FAULT,COUNT_SEVERE_INJ,COUNT_VISIBLE_INJ,COUNT_COMPLAINT_PAIN,COUNT_PED_KILLED,COUNT_PED_INJURED,COUNT_BICYCLIST_KILLED,COUNT_BICYCLIST_INJURED,COUNT_MC_KILLED,COUNT_MC_INJURED,PRIMARY_RAMP,SECONDARY_RAMP,LATITUDE,LONGITUDE,COUNTY,CITY,POINT_X,POINT_Y
8184157,2016,2017-02-09,3801,2016-11-23,2100,1279,BAYVI,3,5,7,3801,0,0,0,,0,3C12D,"BAYSHORE BL","PAUL AV",0.00,,Y,A,-,N,,,,,,,,,,N,4,0,1,2,A,-,12,21453,A,N,D,G,A,A,H,-,C,A,0,,Y,,,Y,,L,04,0,0,1,0,0,0,1,0,0,-,-,,,"SAN FRANCISCO","SAN FRANCISCO",-122.40078991,37.72360989
8184161,2016,2016-12-12,3801,2016-11-18,1018,2747,TENDE,5,5,7,3801,0,0,0,,0,3J12A,"MARKET ST","5TH ST",139.00,E,N,A,-,N,,,,,,,,,,N,3,0,1,2,A,-,06,21750,A,N,D,G,A,A,H,-,A,D,0,,Y,,,Y,,L,04,0,1,0,0,0,0,1,0,0,-,-,,,"SAN FRANCISCO","SAN FRANCISCO",-122.40771486,37.78426604
8184168,2016,2016-12-15,3801,2016-11-19,0023,2117,MISSI,6,5,7,3801,0,0,0,,0,3D13E,"HARRISON ST","MARIPOSA ST",0.00,,Y,A,-,N,,,,,,,,,,N,3,0,1,2,A,-,12,22450,A,N,D,G,A,A,H,-,C,A,0,,Y,,,Y,,L,04,0,1,0,0,0,0,1,0,0,-,-,,,"SAN FRANCISCO","SAN FRANCISCO",-122.41290999,37.76289989
8184177,2016,2017-01-31,3801,2016-11-30,0846,1679,CENTR,3,5,7,3801,0,0,0,,0,3A14B,"BEACH ST","JONES ST",0.00,,Y,C,-,N,,,,,,,,,,N,3,0,1,2,A,-,09,21801,A,N,D,G,A,B,H,-,A,A,0,,Y,,,Y,,A,01,0,1,0,0,0,0,1,0,0,-,-,,,"SAN FRANCISCO","SAN FRANCISCO",-122.41725997,37.80707992
8184183,2016,2016-12-15,3801,2016-11-07,0955,33,MISSI,1,5,7,3801,0,0,0,,0,3D13A,"VALENCIA ST","LIBERTY ST",0.00,,Y,A,-,N,,,,,,,,,,,3,0,1,2,A,-,09,21801,A,N,F,G,A,A,H,-,A,D,0,,Y,,,Y,,A,01,0,1,0,0,0,0,1,0,0,-,-,,,"SAN FRANCISCO","SAN FRANCISCO",-122.42116986,37.75768999
8184188,2016,2016-12-15,3801,2016-11-24,1953,2739,BAYVI,4,5,7,3801,0,0,0,,0,3C11D,"JENNINGS ST","WALLACE AV",15.00,N,N,A,-,N,,,,,,,,,,N,3,0,1,2,A,-,12,22450,A,F,H,G,A,A,H,-,C,A,0,,Y,,,Y,Y,A,01,0,1,0,0,0,0,1,0,0,-,-,,,"SAN FRANCISCO","SAN FRANCISCO",-122.3892194,37.72645328
8184192,2016,2016-12-15,3801,2016-11-20,1817,754,NORTH,7,5,7,3801,0,0,0,,0,3E12D,"GOLDEN GATE","LAGUNA ST",0.00,,Y,B,-,N,,,,,,,,,,N,4,0,1,2,A,-,09,21801,A,M,D,G,A,A,H,-,C,A,0,,Y,,,Y,,-,99,0,0,1,0,0,0,1,0,0,-,-,,,"SAN FRANCISCO","SAN FRANCISCO",-122.42701999,37.78019988
8184201,2016,2016-12-12,3801,2016-11-10,1820,505,RICHM,4,5,7,3801,0,0,0,,0,3G4A,"17TH AV","ANZA ST",0.00,,Y,A,-,N,,,,,,,,,,N,3,0,1,2,A,-,09,21802,A,N,D,G,A,A,H,-,C,A,0,,Y,,,Y,,A,01,0,1,0,0,0,0,1,0,0,-,-,,,"SAN FRANCISCO","SAN FRANCISCO",-122.47603,37.77853998
8184204,2016,2016-12-15,3801,2016-11-18,2215,1588,COD,5,5,7,3801,0,0,0,,0,3D11E,"14TH ST","VALENCIA ST",0.00,,Y,A,-,N,,,,,,,,,,N,4,0,1,2,A,-,12,21453,A,N,D,G,A,A,H,-,C,A,0,,Y,,,Y,,L,04,0,0,1,0,0,0,1,0,0,-,-,,,"SAN FRANCISCO","SAN FRANCISCO",-122.42217989,37.76814989
8184205,2016,2016-12-09,3801,2016-11-13,1510,2228,TARAV,7,5,7,3801,0,0,0,,0,3111D,"MARTIN LUTHER KING JR DR","LINCOLN WY",0.00,,Y,A,-,N,,,,,,,,,,N,4,0,1,2,D,-,00,,,N,B,G,A,A,H,-,A,D,0,,Y,,,Y,,-,-,0,0,1,0,0,0,1,0,0,-,-,,,"SAN FRANCISCO","SAN FRANCISCO",-122.50940998,37.76403997
8184209,2016,2016-12-12,3801,2016-11-11,1810,000302,NORTH,5,5,7,3801,0,0,0,,0,3E14D,"CLAY ST","FILLMORE ST",58.00,E,N,A,-,N,,,,,,,,,,N,3,0,1,2,A,-,04,21703,,N,C,G,A,A,H,-,C,D,0,,Y,,,Y,,A,01,0,1,0,0,0,0,1,0,0,-,-,,,"SAN FRANCISCO","SAN FRANCISCO",-122.43399139,37.79074337
8184221,2016,2016-12-09,3801,2016-11-12,1043,2375,RICHM,6,5,7,3801,0,0,0,,0,3G60,"JOHN F KENNEDY DR","BERNICE RODGERS WY",176.00,N,N,A,-,N,,,,,,,,,,N,3,0,1,2,A,-,04,21703,,N,C,G,A,A,H,-,A,D,0,,Y,,,Y,,L,04,0,1,0,0,0,0,1,0,0,-,-,,,"SAN FRANCISCO","SAN FRANCISCO",-122.50571268,37.76680806
8184251,2016,2016-12-12,3801,2016-11-02,0550,315,SOUTH,3,5,7,3801,0,0,0,,0,0B4,"9TH ST","HARRISON ST",4.00,N,N,A,-,N,,,,,,,,,,N,3,0,1,2,A,-,08,22101,D,N,D,G,A,A,H,-,C,A,0,,Y,,,Y,,L,04,0,1,0,0,0,0,1,0,0,-,-,,,"SAN FRANCISCO","SAN FRANCISCO",-122.41005989,37.77253769
8184255,2016,2016-12-12,3801,2016-11-01,0127,480,COD,2,5,7,3801,0,0,0,,0,3D14D,"MISSION ST","18TH ST",170.00,S,N,A,-,N,,,,,,,,,,N,3,0,1,2,A,-,17,22517,,M,D,G,A,B,H,-,C,D,0,,Y,,,Y,,-,99,0,1,0,0,0,0,1,0,0,-,-,,,"SAN FRANCISCO","SAN FRANCISCO",-122.41932807,37.76137417
8184256,2016,2016-12-12,3801,2016-11-13,1339,1956,TARAV,7,5,7,3801,0,0,0,,0,6CAR,"PACHECO ST","36TH AV",0.00,,Y,A,-,N,,,,,,,,,,N,4,0,1,2,A,-,10,21950,A,N,D,G,A,A,H,-,A,A,0,,Y,,,Y,,A,01,0,0,1,0,0,0,1,0,0,-,-,,,"SAN FRANCISCO","SAN FRANCISCO",-122.49441993,37.74971991
8184263,2016,2016-12-12,3801,2016-11-01,0931,004284,3801,2,5,7,3801,0,0,0,,0,3B70,"POTRERO AV","DIVISION ST",5.00,S,N,A,-,N,,,,,,,,,,N,3,0,1,2,A,-,08,22107,,N,D,G,A,A,H,-,A,A,0,,Y,,,Y,,A,01,0,1,0,0,0,0,1,0,0,-,-,,,"SAN FRANCISCO","SAN FRANCISCO",-122.40788,37.76920626
8184272,2016,2016-12-12,3801,2016-11-04,2032,001430,11042,5,5,7,3801,0,0,0,,0,3D13D,"MISSION ST","23RD ST",5.00,S,N,A,-,N,,,,,,,,,,N,4,0,1,2,A,-,12,21453,A,F,D,G,A,A,H,-,C,A,0,,Y,,,Y,,A,07,0,0,1,0,0,0,1,0,0,-,-,,,"SAN FRANCISCO","SAN FRANCISCO",-122.41859899,37.75381629
8184278,2016,2017-04-17,3801,2016-11-30,1934,2180,TARAV,3,5,7,3801,0,0,0,,0,3I13D,"LA PLAYA ST","LINCOLN WY",0.00,,Y,A,-,N,,,,,,,,,,N,4,0,1,2,A,-,11,21955,,N,H,J,D,-,H,-,C,A,0,Y,Y,,,Y,,N,60,0,0,1,0,0,0,1,0,0,-,-,,,"SAN FRANCISCO","SAN FRANCISCO",-122.50940998,37.76403997
8184280,2016,2016-12-12,3801,2016-11-03,1800,002355,SOUTH,4,5,7,3801,0,0,0,,0,0B1,"FOLSOM ST","HAWTHORNE ST",0.00,,Y,A,-,N,,,,,,,,,,N,4,0,1,2,A,-,08,22100,A,N,G,G,A,A,H,-,B,A,0,,Y,,,Y,,A,01,0,0,1,0,0,0,1,0,0,-,-,,,"SAN FRANCISCO","SAN FRANCISCO",-122.39782993,37.78467992
8184284,2016,2016-12-12,3801,2016-11-04,0751,30,NORTH,5,5,7,3801,0,0,0,,0,3E11A,"OAK ST","DIVISADERO ST",81.00,E,N,A,-,N,,,,,,,,,,N,3,0,1,2,A,-,08,22107,,N,D,G,A,A,H,-,A,D,0,,Y,,,Y,,D,22,0,1,0,0,0,0,1,0,0,-,-,,,"SAN FRANCISCO","SAN FRANCISCO",-122.43715254,37.77317176
8184296,2016,2016-12-12,3801,2016-11-03,1022,1887,TENDE,4,5,7,3801,0,0,0,,0,4B1C,"MARKET ST","8TH ST",222.00,E,N,A,-,N,,,,,,,,,,N,4,0,1,2,A,-,08,22107,,N,B,G,A,A,H,-,A,D,0,,Y,,,Y,,A,07,0,0,1,0,0,0,1,0,0,-,-,,,"SAN FRANCISCO","SAN FRANCISCO",-122.41420946,37.77913543
8184298,2016,2017-01-19,3801,2016-11-01,1609,2093,TARAV,2,5,7,3801,0,0,0,,0,3I14D,"UPPER GREAT HWY","MORAGA ST",0.00,,Y,A,-,N,,,,,,,,,,N,2,0,1,1,A,-,03,22350,,N,H,A,A,A,H,-,A,D,0,,Y,,,Y,,L,04,1,0,0,0,0,0,1,0,0,-,-,,,"SAN FRANCISCO","SAN FRANCISCO",,
8194619,2016,2017-02-15,3801,2016-12-02,1445,2483,TENDE,5,5,7,3801,0,0,0,,0,3J60,"POLK ST","PACIFIC AV",0.00,,Y,F,-,N,,,,,,,,,,N,4,0,1,2,A,-,12,21453,A,M,D,G,A,A,H,-,A,-,0,,Y,,,Y,,A,08,0,0,1,0,0,0,1,0,0,-,-,,,"SAN FRANCISCO","SAN FRANCISCO",-122.42157987,37.79502998
8205530,2016,2017-04-20,3801,2016-12-29,0815,1054,RICHM,4,5,7,3801,0,0,0,,0,003,"ANZA ST","14TH AV",0.00,,Y,A,-,N,,,,,,,,,,N,4,0,1,2,A,-,10,21950,A,N,D,G,A,A,H,-,A,A,0,,Y,,,Y,,-,,0,0,1,0,0,0,1,0,0,-,-,,,"SAN FRANCISCO","SAN FRANCISCO",-122.47274989,37.77869991
8205558,2016,2017-01-12,3801,2016-12-20,1730,1679,CENTR,2,5,7,3801,0,0,0,,0,3A11D,"NORTHPOINT ST","LEAVENWORTH ST",0.00,,Y,A,-,N,,,,,,,,,,N,4,0,1,2,A,-,09,21802,A,N,D,G,A,A,H,-,D,A,0,,Y,,,Y,,A,01,0,0,1,0,0,0,1,0,0,-,-,,,"SAN FRANCISCO","SAN FRANCISCO",,
8205590,2016,2017-01-12,3801,2016-12-16,1620,4139,CENTR,5,5,7,3801,0,0,0,,0,002,"ELLIS ST","POWELL ST",156.00,E,N,A,-,N,,,,,,,,,,N,4,0,1,2,A,-,09,21804,A,N,A,G,A,A,H,-,A,A,0,,Y,,,Y,,A,01,0,0,1,0,0,0,1,0,0,-,-,,,"SAN FRANCISCO","SAN FRANCISCO",-122.40729665,37.78556685
8205598,2016,2017-01-12,3801,2016-12-20,2005,329,SOUTH,2,5,7,3801,0,0,0,,0,0B5,"KANSAS ST","17TH ST",0.00,,Y,A,-,N,,,,,,,,,,N,3,0,1,2,A,-,01,21200,5,N,D,G,A,A,H,-,C,D,0,,Y,,,Y,Y,L,04,0,1,0,0,0,0,1,0,0,-,-,,,"SAN FRANCISCO","SAN FRANCISCO",-122.40352,37.76472989
8205604,2016,2017-01-12,3801,2016-12-09,2335,A09481,MISSI,5,5,7,3801,0,0,0,,0,3D15E,"MISSION ST","18TH ST",108.00,S,N,C,-,N,,,,,,,,,,N,3,0,1,1,A,-,03,22350,,N,E,I,A,B,H,-,C,D,0,,Y,,,Y,,L,04,0,1,0,0,0,0,1,0,0,-,-,,,"SAN FRANCISCO","SAN FRANCISCO",-122.41934337,37.76154406
8205634,2016,2017-01-13,3801,2016-12-13,1704,2470,PARK,2,5,7,3801,0,0,0,,0,3F12D,"PARNASSUS AV","PARNASSUS AV 634",0.00,,Y,C,-,N,,,,,,,,,,N,4,0,1,2,D,-,00,,,N,B,G,A,B,H,-,C,D,0,,Y,,,Y,,-,-,0,0,1,0,0,0,1,0,0,-,-,,,"SAN FRANCISCO","SAN FRANCISCO",,
8205654,2016,2017-01-13,3801,2016-12-13,0630,160,MISSI,2,5,7,3801,0,0,0,,0,901,"CESAR CHAVEZ ST","ALABAMA ST",91.00,E,N,A,-,N,,,,,,,,,,N,4,0,1,2,A,-,07,21658,A,N,C,G,A,A,H,-,B,D,0,,Y,,,Y,,-,-,0,0,1,0,0,0,1,0,0,-,-,,,"SAN FRANCISCO","SAN FRANCISCO",-122.41022529,37.74833715
8205670,2016,2017-01-12,3801,2016-12-07,2130,1497,MISSI,3,5,7,3801,0,0,0,,0,3D62,"FOLSOM ST","26TH ST",70.00,S,N,C,-,N,,,,,,,,,,N,4,0,1,2,A,-,05,21202,A,N,C,G,A,B,H,-,C,D,0,,Y,,,Y,,L,04,0,0,1,0,0,0,1,0,0,-,-,,,"SAN FRANCISCO","SAN FRANCISCO",-122.41377004,37.74912835
8205719,2016,2017-01-12,3801,2016-12-02,1809,172,NORTH,5,5,7,3801,0,0,0,,0,3E12D,"POLK ST","CALIFORNIA ST",42.00,S,N,A,-,N,,,,,,,,,,N,3,0,1,2,A,-,17,22517,,N,B,G,A,A,H,-,C,D,0,,Y,,,Y,,A,01,0,1,0,0,0,0,1,0,0,-,-,,,"SAN FRANCISCO","SAN FRANCISCO",-122.42065793,37.79045596
8205735,2016,2017-01-12,3801,2016-12-04,1342,30,NORTH,7,5,7,3801,0,0,0,,0,3E1A,"OAK ST","DIVISADERO ST",0.00,,Y,A,-,N,,,,,,,,,,N,3,0,1,2,A,-,08,22100,A,N,B,G,A,A,H,-,A,A,0,,Y,,,Y,,-,,0,1,0,0,0,0,1,0,0,-,-,,,"SAN FRANCISCO","SAN FRANCISCO",-122.43742995,37.77313993
8205751,2016,2017-01-13,3801,2016-12-05,0855,2235,3A,1,5,7,3801,0,0,0,,0,003,NORTHPOINT,"LEAVENWORTH ST",0.00,,Y,A,-,N,,,,,,,,,,N,3,0,1,2,D,-,00,,,N,D,G,A,B,H,-,A,A,0,,Y,,,Y,,-,-,0,1,0,0,0,0,1,0,0,-,-,,,"SAN FRANCISCO","SAN FRANCISCO",,
8205755,2016,2017-01-12,3801,2016-12-05,1300,2374,INGLE,1,5,7,3801,0,0,0,,0,3H13C,"MISSION ST","BRAZIL AV",100.00,N,N,B,-,N,,,,,,,,,,N,3,0,2,3,A,-,17,22517,,N,H,G,A,A,H,-,A,D,0,,Y,,,Y,,A,01,0,1,1,0,0,0,2,0,0,-,-,,,"SAN FRANCISCO","SAN FRANCISCO",-122.43464246,37.72493082
8205957,2016,2017-01-13,3801,2016-12-10,1850,271,MISSI,6,5,7,3801,0,0,0,,0,3D11D,"18TH ST","SANCHEZ ST",199.00,E,N,B,-,N,,,,,,,,,,N,3,0,1,1,C,-,18,,,N,H,I,A,B,A,-,C,D,0,,Y,,,Y,,-,-,0,1,0,0,0,0,1,0,0,-,-,,,"SAN FRANCISCO","SAN FRANCISCO",-122.42988394,37.76119699
8206353,2016,2017-04-17,3801,2016-12-30,1316,4229,CENTR,5,5,7,3801,0,0,0,,0,3A5,"MARKET ST","2ND ST",21.00,E,N,A,-,N,,,,,,,,,,N,3,0,1,1,A,-,17,21208,A,N,H,I,A,A,H,-,A,D,0,,Y,,,Y,,L,04,0,1,0,0,0,0,1,0,0,-,-,,,"SAN FRANCISCO","SAN FRANCISCO",-122.40134928,37.78928133
8280062,2016,2017-01-17,3801,2016-12-02,0945,129,NORTH,5,5,7,3801,0,0,0,,0,03E,"POLK ST","HAYES ST",23.00,S,N,A,-,N,,,,,,,,,,N,3,0,1,2,A,-,08,22107,,N,H,G,A,A,H,-,A,A,0,,Y,,,Y,Y,A,01,0,1,0,0,0,0,1,0,0,-,-,,,"SAN FRANCISCO","SAN FRANCISCO",-122.41802997,37.77744732
8280206,2016,2017-01-23,3801,2016-12-06,1811,2073,3801,2,5,7,3801,0,0,0,,0,001,"VALENCIA ST","ROSA PARKS LN",0.00,,Y,A,-,N,,,,,,,,,,N,4,0,1,2,A,-,03,22350,,N,D,G,A,A,H,-,B,D,0,,Y,,,Y,,L,04,0,0,1,0,0,0,1,0,0,-,-,,,"SAN FRANCISCO","SAN FRANCISCO",-122.42210988,37.76744989
8280230,2016,2017-01-30,3801,2016-12-21,1127,1922,SOUTH,3,5,7,3801,0,0,0,,0,,"AHERN ST","6TH ST",0.00,,Y,A,-,N,,,,,,,,,,N,4,0,1,2,A,-,12,22450,A,N,D,G,A,A,H,-,A,A,0,,Y,,,Y,,A,01,0,0,1,0,0,0,1,0,0,-,-,,,"SAN FRANCISCO","SAN FRANCISCO",-122.40335998,37.77673999
8280279,2016,2017-01-13,3801,2016-12-11,0845,991,SOUTH,7,5,7,3801,0,0,0,,0,4B2B,"HARRISON ST","8TH ST",0.00,,Y,B,-,N,,,,,,,,,,N,2,0,1,2,A,-,12,21453,A,N,D,G,A,A,H,-,A,A,0,,Y,,,Y,,L,04,1,0,0,0,0,0,1,0,0,-,-,37.77381,-122.40825,"SAN FRANCISCO","SAN FRANCISCO",-122.40852994,37.77375997
8280283,2016,2017-01-13,3801,2016-12-12,1711,215,MISSI,1,5,7,3801,0,0,0,,0,3D13D,"CESAR CHAVEZ ST","BRYANT ST",26.00,E,N,A,-,N,,,,,,,,,,N,3,0,1,2,A,-,08,22100,A,F,A,G,A,A,H,-,C,A,0,,Y,,,Y,,-,,0,1,0,0,0,0,1,0,0,-,-,,,"SAN FRANCISCO","SAN FRANCISCO",-122.40863005,37.74837
8280298,2016,2017-01-13,3801,2016-12-02,1019,646,SOUTH,5,5,7,3801,0,0,0,,0,003,"HARRISON ST","7TH ST",598.00,W,N,A,-,N,,,,,,,,,,N,3,0,1,2,A,-,17,22517,,N,B,G,A,A,H,-,A,D,0,,Y,,,Y,,A,01,0,1,0,0,0,0,1,0,0,-,-,,,"SAN FRANCISCO","SAN FRANCISCO",-122.40775062,37.77438435
8280306,2016,2017-01-13,3801,2016-12-14,0810,307,MISSI,3,5,7,3801,0,0,0,,0,,"CESAR CHAVEZ ST","PENNSYLVANIA AV",50.00,W,N,B,-,N,,,,,,,,,,N,2,0,1,2,D,-,00,,,F,B,G,A,B,H,-,A,A,0,,Y,,,Y,,-,-,1,0,0,0,0,0,1,0,0,-,-,,,"SAN FRANCISCO","SAN FRANCISCO",-122.39259163,37.75003284
8280319,2016,2017-01-13,3801,2016-12-03,1415,373,NORTH,6,5,7,3801,0,0,0,,0,035,"MARINA BL","CASA WY",165.00,E,N,A,-,N,,,,,,,,,,N,3,0,1,2,A,-,03,22350,,N,C,G,A,A,H,-,A,D,0,,Y,,,Y,,L,04,0,1,0,0,0,0,1,0,0,-,-,,,"SAN FRANCISCO","SAN FRANCISCO",-122.43931635,37.80615393
8280353,2016,2017-01-24,3801,2016-12-18,1825,271,MISSI,7,5,7,3801,0,0,0,,0,3D11D,"VALENCIA ST","21ST ST",8.00,N,N,A,-,N,,,,,,,,,,,3,0,2,2,A,-,12,21453,A,N,D,G,A,A,H,-,C,A,0,,Y,,,Y,,L,04,0,1,1,0,0,0,2,0,0,-,-,,,"SAN FRANCISCO","SAN FRANCISCO",-122.42110197,37.75693192
8280354,2016,2017-02-09,3801,2016-11-17,1158,1452,TENDE,4,5,7,3801,0,0,0,,0,004,"JONES ST","ELLIS ST",24.00,S,N,A,-,N,,,,,,,,,,N,2,0,1,2,A,-,08,22107,,F,B,G,A,A,H,-,A,A,0,,Y,,,Y,,A,01,1,0,0,0,0,0,1,0,0,-,-,,,"SAN FRANCISCO","SAN FRANCISCO",-122.4127672,37.78483486
8280691,2016,2017-01-12,3801,2016-11-25,1854,1994,CENTR,5,5,7,3801,0,0,0,,0,4B3B,"SUTTER ST","POWELL ST",57.00,E,N,A,-,N,,,,,,,,,,N,2,0,1,2,A,-,11,21954,A,N,G,B,E,A,H,-,C,D,0,Y,Y,,,Y,,N,60,1,0,0,0,0,0,1,0,0,-,-,37.78913,-122.40848,"SAN FRANCISCO","SAN FRANCISCO",-122.40841468,37.78925222
8281104,2016,2017-01-18,3801,2016-10-27,1803,002731,SOUTH,4,5,7,3801,0,0,0,,0,0B5,"4TH ST","MARIPOSA ST",220.00,N,N,B,C,N,,,,,,,,,,N,2,0,1,2,A,-,09,21802,A,N,D,G,A,B,H,-,B,A,0,,Y,,,Y,,A,07,1,0,0,0,0,0,1,0,0,-,-,,,"SAN FRANCISCO","SAN FRANCISCO",-122.3907811,37.76480511
8316448,2016,2017-02-27,3801,2016-11-27,1300,2719,SOUTH,7,5,7,3801,0,0,0,,0,005,"MISSION ST","2ND ST",125.00,W,N,A,-,N,,,,,,,,,,N,3,0,1,2,A,-,08,22102,,N,D,G,A,A,H,-,A,A,0,,Y,,,Y,,A,01,0,1,0,0,0,0,1,0,0,-,-,,,"SAN FRANCISCO","SAN FRANCISCO",-122.40009691,37.78776794
90769997,2018,2018-07-16,9350,2018-07-06,1015,021075,,5,1,7,3801,0,1,2,,1,120,"US-101 N/B (GOLDEN GATE BRIDGE)","LINCOLN BLVD",3168.00,N,N,B,-,Y,,,101,,,,,,N,Y,4,0,1,2,B,-,22,,,N,A,G,A,A,H,-,A,D,0,,Y,,,Y,,L,04,0,0,1,0,0,0,1,0,0,-,-,37.815,-122.47796,"SAN FRANCISCO","SAN FRANCISCO",-122.47807821,37.8149846
8361885,2016,2017-05-22,3801,2016-11-03,1923,1067,,4,5,7,3801,0,0,0,,0,,"MARKET ST","CYRIL MAGNIN ST",0.00,,Y,A,-,N,,,,,,,,,,N,3,0,1,2,A,-,17,22517,,N,H,G,A,A,H,-,C,A,0,,Y,,,Y,,A,01,0,1,0,0,0,0,1,0,0,-,-,,,"SAN FRANCISCO","SAN FRANCISCO",-122.40805989,37.78399992
90709597,2018,2018-04-20,9350,2018-04-14,1240,021901,,6,1,7,3801,0,1,2,,1,120,"US-101 GOLDEN GATE BRIDGE BICYCLE PATH","GOLDEN GATE BRIDGE SOUTH TOWER",320.00,S,N,A,-,N,,,101,,,,,,,N,4,0,1,1,B,-,22,,,N,F,A,A,A,H,-,A,D,0,,Y,,,Y,,L,04,0,0,1,0,0,0,1,0,0,-,-,37.81316,-122.47767,"SAN FRANCISCO","SAN FRANCISCO",-122.47783768,37.81313816
90702059,2018,2018-04-10,9350,2018-03-30,1328,021739,,5,1,7,3801,0,3,5,,2,001,"MERCHANT RD","LINCOLN AVE",400.00,E,N,A,-,N,,,,,,,,,,N,3,0,1,2,A,-,03,22350,,N,B,G,A,A,H,-,A,D,0,,Y,,,Y,,L,04,0,1,0,0,0,0,1,0,0,-,-,37.80557,-122.47599,"SAN FRANCISCO","SAN FRANCISCO",-122.47567,37.80442
90697789,2018,2018-04-03,9350,2018-03-29,1236,021075,,4,1,7,3801,0,1,2,,2,020,"US-101 N/B (GOLDEN GATE BRIDGE)","NORTH TOWER",4.00,S,N,A,-,Y,,,101,,,,,,N,Y,3,0,1,1,A,-,03,22350,,N,F,A,A,A,H,-,A,D,0,,Y,,,Y,,L,04,0,1,0,0,0,0,1,0,0,-,-,37.82549,-122.47918,"SAN FRANCISCO","SAN FRANCISCO",-122.47943068,37.8254533
90697765,2018,2018-04-03,9350,2018-03-29,1235,021075,,4,1,7,3801,0,1,2,,2,020,"US-101 N/B (GOLDEN GATE BRIDGE)","NORTH TOWER",4.00,S,N,A,-,Y,,,101,,,,,,N,N,3,0,1,1,A,-,03,22350,,N,F,A,A,A,H,-,A,D,0,,Y,,,Y,,L,04,0,1,0,0,0,0,1,0,0,-,-,37.82549,-122.47918,"SAN FRANCISCO","SAN FRANCISCO",-122.47943068,37.8254533
90618822,2017,2017-12-18,9350,2017-12-10,1300,019927,,7,1,7,3801,0,1,2,,1,120,"US-101 S/B (GGB WEST SIDEWALK)","MERCHANT RD",5808.00,N,N,A,-,N,,,101,,,,,,S,N,2,0,1,2,B,-,22,,,N,D,G,A,A,H,-,A,D,0,,Y,,,Y,,L,04,1,0,0,0,0,0,1,0,0,-,-,37.8191,-122.47824,"SAN FRANCISCO","SAN FRANCISCO",-122.47870208,37.81904505
90578797,2017,2017-10-26,9350,2017-10-24,1326,014448,,2,1,7,3801,0,1,2,,1,120,"EAST WALKWAY OF THE GOLDEN GATE BRIDGE","LT. POLE # 103",20.00,N,N,A,-,N,,,,,,,,,,N,3,0,1,2,B,-,22,,,N,H,G,A,A,H,-,A,D,0,,Y,,,Y,,L,04,0,1,0,0,0,0,1,0,0,-,-,37.81314,-122.47747,"SAN FRANCISCO","SAN FRANCISCO",,
90534822,2017,2017-08-28,9350,2017-08-18,1025,021704,,5,1,7,3801,0,1,2,,2,020,"US-101 S/B","GGB NORTH TOWER",2.00,S,N,B,-,Y,,,101,,,,,,S,N,3,0,1,1,B,-,22,,,N,F,A,A,A,H,-,A,D,0,,Y,,,Y,,L,04,0,1,0,0,0,0,1,0,0,-,-,37.82552,-122.47934,"SAN FRANCISCO","SAN FRANCISCO",-122.47952685999999,37.82549194
90522122,2017,2017-08-14,9350,2017-08-03,1130,019150,,4,1,7,3801,0,1,2,,1,120,"GGB EAST SIDEWALK","GGB TOLL PLAZA",560.00,N,N,B,-,N,,,,,,,,,,Y,2,0,2,2,B,-,22,,,N,G,B,E,A,H,-,A,D,0,Y,Y,,,Y,,L,04,1,1,0,0,1,0,1,0,0,-,-,37.80849,-122.47671,"SAN FRANCISCO","SAN FRANCISCO",,
90515300,2017,2017-08-02,9350,2017-07-29,1716,020831,,6,2,7,3801,0,1,2,,1,120,"US-101 S/B","GOLDEN GATE BRIDGE NORTH TOWER",5.00,S,N,B,-,Y,,,101,,,,,,S,N,2,0,1,1,A,-,03,22350,,N,E,I,A,A,G,-,A,D,0,,Y,,,Y,,L,04,1,0,0,0,0,0,1,0,0,-,-,37.82544,-122.47933,"SAN FRANCISCO","SAN FRANCISCO",-122.47951489,37.82541224