CASE_ID,ACCIDENT_YEAR,PROC_DATE,JURIS,COLLISION_DATE,COLLISION_TIME,OFFICER_ID,REPORTING_DISTRICT,DAY_OF_WEEK,CHP_SHIFT,POPULATION,CNTY_CITY_LOC,SPECIAL_COND,BEAT_TYPE,CHP_BEAT_TYPE,CITY_DIVISION_LAPD,CHP_BEAT_CLASS,BEAT_NUMBER,PRIMARY_RD,SECONDARY_RD,DISTANCE,DIRECTION,INTERSECTION,WEATHER_1,WEATHER_2,STATE_HWY_IND,CALTRANS_COUNTY,CALTRANS_DISTRICT,STATE_ROUTE,ROUTE_SUFFIX,POSTMILE_PREFIX,POSTMILE,LOCATION_TYPE,RAMP_INTERSECTION,SIDE_OF_HWY,TOW_AWAY,COLLISION_SEVERITY,NUMBER_KILLED,NUMBER_INJURED,PARTY_COUNT,PRIMARY_COLL_FACTOR,PCF_CODE_OF_VIOL,PCF_VIOL_CATEGORY,PCF_VIOLATION,PCF_VIOL_SUBSECTION,HIT_AND_RUN,TYPE_OF_COLLISION,MVIW,PED_ACTION,ROAD_SURFACE,ROAD_COND_1,ROAD_COND_2,LIGHTING,CONTROL_DEVICE,CHP_ROAD_TYPE,PEDESTRIAN_ACCIDENT,BICYCLE_ACCIDENT,MOTORCYCLE_ACCIDENT,TRUCK_ACCIDENT,NOT_PRIVATE_PROPERTY,ALCOHOL_INVOLVED,STWD_VEHTYPE_AT_FAULT,CHP_VEHTYPE_AT_FAULT,COUNT_SEVERE_INJ,COUNT_VISIBLE_INJ,COUNT_COMPLAINT_PAIN,COUNT_PED_KILLED,COUNT_PED_INJURED,COUNT_BICYCLIST_KILLED,COUNT_BICYCLIST_INJURED,COUNT_MC_KILLED,COUNT_MC_INJURED,PRIMARY_RAMP,SECONDARY_RAMP,LATITUDE,LONGITUDE,COUNTY,CITY,POINT_X,POINT_Y
90463123,2017,2017-05-25,9350,2017-05-17,0724,021564,,3,1,7,3801,0,1,2,,1,120,"US-101 S/B (EAST SIDEWALK OF GGB)","NORTH TOWER",150.00,S,N,A,-,N,,,101,,,,R,,S,N,3,0,2,2,B,-,22,,,N,H,G,A,A,H,-,A,D,0,,Y,,,Y,,L,04,0,1,1,0,0,0,2,0,0,-,-,37.8253,-122.4791,"SAN FRANCISCO","SAN FRANCISCO",-122.4791,37.8253
90459773,2017,2017-05-19,9350,2017-05-10,1347,013450,,3,1,7,3801,0,1,2,,2,020,"US 101 (GOLDEN GATE BRIDGE) (N/B)","GGB SOUTH TOWER",30.00,S,N,A,G,Y,,,,,,,,,,N,3,0,1,2,A,-,17,23114,A,N,H,A,A,A,H,-,A,D,0,,Y,,,Y,,E,22,0,1,0,0,0,0,1,0,0,-,-,,,"SAN FRANCISCO","SAN FRANCISCO",,
90429411,2017,2017-04-06,9350,2017-03-31,1510,021586,,5,2,7,3801,0,1,2,,1,120,"US-101 SOUTHBOUND (GGB WEST WALKWAY)","NORTH TOWER OF GOLDEN GATE BRIDGE",2250.00,S,N,A,-,Y,,,101,,,,,,S,N,3,0,1,1,B,-,22,,,N,B,I,A,A,H,-,A,D,0,,Y,,,Y,,L,04,0,1,0,0,0,0,1,0,0,-,-,37.81674,-122.47828,"SAN FRANCISCO","SAN FRANCISCO",-122.47841959,37.81672277
90414963,2017,2017-03-20,9350,2017-03-12,1256,021520,,7,1,7,3801,0,1,2,,1,120,"US-101 S/B (GGB WEST SIDEWALK)","GOLDEN GATE BRIDGE SOUTH TOWER",295.00,S,N,A,-,N,,,101,,,,,,S,N,2,0,1,1,B,-,22,,,N,H,I,A,A,H,-,A,D,0,,Y,,,Y,,L,04,1,0,0,0,0,0,1,0,0,-,-,37.81315,-122.47794,"SAN FRANCISCO","SAN FRANCISCO",-122.47795444,37.81314831
90380501,2017,2017-01-27,9350,2017-01-26,1240,021437,,4,1,7,3801,0,1,2,,1,120,"US-101 N/B (GGB EAST SIDEWALK)","SOUTH TOWER",2112.00,N,N,A,-,N,,,101,,,,,,N,N,3,0,1,1,B,-,22,,,N,F,A,A,A,H,-,A,D,0,,Y,,,Y,,L,04,0,1,0,0,0,0,1,0,0,-,-,37.81712,-122.47817,"SAN FRANCISCO","SAN FRANCISCO",-122.47834599,37.8170982
90371224,2017,2017-01-18,9350,2017-01-14,1505,019927,,6,2,7,3801,0,1,2,,1,120,"GOLDEN GATE BRIDGE WEST SIDEWALK","MERCHANT ROAD",1782.00,N,N,A,-,N,,,,,,,,,,N,4,0,1,2,B,-,22,,,N,H,B,E,A,G,-,A,D,0,Y,Y,,,Y,,N,60,0,0,1,0,0,0,1,0,0,-,-,,,"SAN FRANCISCO","SAN FRANCISCO",,
8804181,2018,2019-02-28,3801,2018-12-06,1410,917,TRAFF,4,5,7,3801,0,0,0,,0,4B4E,"HOWARD ST","3RD ST",30.00,E,N,A,-,N,,,,,,,,,,N,4,0,1,2,A,-,03,22350,,N,C,G,A,A,H,-,A,D,0,,Y,,,Y,,A,01,0,0,1,0,0,0,1,0,0,-,-,,,"SAN FRANCISCO","SAN FRANCISCO",-122.40042592,37.78506776
8787867,2018,2019-01-28,3801,2018-12-19,1800,179,SOUTH,3,5,7,3801,0,0,0,,0,3B14D,"VALENCIA ST","20TH ST",0.00,,Y,A,-,N,,,,,,,,,,N,3,0,1,2,A,-,08,22107,,F,H,A,A,A,H,-,C,A,0,,Y,,,Y,,-,,0,1,0,0,0,0,1,0,0,-,-,,,"SAN FRANCISCO","SAN FRANCISCO",-122.42126,37.75850991
8777470,2018,2019-01-29,3801,2018-12-27,0909,2339,PARK,4,5,7,3801,0,0,0,,0,3F13A,"LAGUNA HONDA","DEWEY BL",0.00,,Y,A,-,N,,,,,,,,,,N,3,0,1,2,A,-,08,22107,,N,D,G,A,A,H,-,A,D,0,,Y,,,Y,,L,04,0,1,0,0,0,0,1,0,0,-,-,,,"SAN FRANCISCO","SAN FRANCISCO",-122.45918995,37.74726995
8777434,2018,2019-01-31,3801,2018-12-19,1421,1469,SOUTH,3,5,7,3801,0,0,0,,0,3B13C,"BRANNAN ST","8TH ST",0.00,,Y,A,-,N,,,,,,,,,,N,3,0,1,2,A,-,09,21801,A,N,D,G,A,A,H,-,A,A,0,,Y,,,Y,,A,01,0,1,0,0,0,0,1,0,0,-,-,,,"SAN FRANCISCO","SAN FRANCISCO",-122.40542986,37.77128993
8777433,2018,2019-01-30,3801,2018-12-17,1932,555,PARK,1,5,7,3801,0,0,0,,0,3F13D,"MASONIC AV","OFARRELL ST",48.00,S,N,A,-,N,,,,,,,,,,N,3,0,1,2,A,-,08,22107,,N,C,G,A,A,H,-,C,D,0,,Y,,,Y,,L,04,0,1,0,0,0,0,1,0,0,-,-,,,"SAN FRANCISCO","SAN FRANCISCO",-122.44751367,37.7809098
8777428,2018,2019-01-19,3801,2018-12-18,0736,326,MISSI,2,5,7,3801,0,0,0,,0,3D16A,"14TH ST","SHOTWELL ST",0.00,E,N,A,-,N,,,,,,,,,,N,4,0,1,2,A,-,08,22107,,M,B,G,A,A,H,-,A,D,0,,Y,,,Y,,A,01,0,0,1,0,0,0,1,0,0,-,-,,,"SAN FRANCISCO","SAN FRANCISCO",-122.41670993,37.76847991
8777399,2018,2019-01-23,3801,2018-11-30,0952,4258,NORTH,5,5,7,3801,0,0,0,,0,4CAR,"PIERCE ST","BUSH ST",0.00,,Y,A,-,N,,,,,,,,,,N,4,0,1,2,A,-,09,21801,A,N,D,G,A,A,H,-,A,A,0,,Y,,,Y,,A,01,0,0,1,0,0,0,1,0,0,-,-,,,"SAN FRANCISCO","SAN FRANCISCO",-122.43674995,37.78660998
8777381,2018,2019-01-30,3801,2018-12-22,1820,2147,BAYVI,6,5,7,3801,0,0,0,,0,3C15D,"REVERE AV","INGALLS ST",0.00,,Y,A,-,N,,,,,,,,,,,3,0,1,3,A,-,05,21650,,F,B,G,A,A,H,-,C,D,0,,Y,,,Y,,A,01,0,1,0,0,0,0,1,0,0,-,-,,,"SAN FRANCISCO","SAN FRANCISCO",-122.38455994,37.72848993
8777374,2018,2019-01-31,3801,2018-12-19,1242,1951,INGLE,3,5,7,3801,0,0,0,,0,3H13C,"MISSION ST","COLLEGE TER",0.00,,Y,A,-,N,,,,,,,,,,N,3,0,1,2,A,-,09,21801,B,N,D,G,A,A,H,-,A,D,0,,Y,,,Y,,L,04,0,1,0,0,0,0,1,0,0,-,-,,,"SAN FRANCISCO","SAN FRANCISCO",-122.42578991,37.73427999
8777360,2018,2019-01-29,3801,2018-12-06,0900,1540,PARK,4,5,7,3801,0,0,0,,0,3F14A,"TURK ST","MASONIC AV",0.00,,Y,A,-,N,,,,,,,,,,N,4,0,1,2,A,-,08,22107,,F,-,G,A,A,H,-,A,A,0,,Y,,,Y,,A,01,0,0,1,0,0,0,1,0,0,-,-,,,"SAN FRANCISCO","SAN FRANCISCO",-122.44705,37.77862996
8777351,2018,2019-01-30,3801,2018-12-28,1541,801,SOUTH,5,5,7,3801,0,0,0,,0,0B2,"MINNA ST","6TH ST",92.00,E,N,A,-,N,,,,,,,,,,N,4,0,1,2,A,-,06,21750,A,N,C,G,A,A,H,-,A,D,0,,Y,,,Y,Y,A,01,0,0,1,0,0,0,1,0,0,-,-,,,"SAN FRANCISCO","SAN FRANCISCO",-122.40790693,37.78073036
8777336,2018,2019-01-29,3801,2018-12-01,1752,2200,NORTH,6,5,7,3801,0,0,0,,0,002,"FULTON ST","BUCHANAN ST",0.00,,Y,A,-,N,,,,,,,,,,N,4,0,1,2,A,-,05,21650,1,F,D,G,A,A,H,-,C,A,0,,Y,,,Y,,L,04,0,0,1,0,0,0,1,0,0,-,-,,,"SAN FRANCISCO","SAN FRANCISCO",-122.4283799,37.77810996
8777330,2018,2019-05-03,3801,2018-12-31,1742,717,CENTR,1,5,7,3801,0,0,0,,0,4CAR,"FRONT ST","PACIFIC AV",144.00,N,N,A,G,N,,,,,,,,,,N,3,0,1,2,A,-,01,23153,A,N,D,G,A,A,H,-,C,D,0,,Y,,,Y,Y,A,01,0,1,0,0,0,0,1,0,0,-,-,,,"SAN FRANCISCO","SAN FRANCISCO",-122.39974103,37.79820894
8777328,2018,2019-01-29,3801,2018-12-01,2351,1861,TARAV,6,5,7,3801,0,0,0,,0,3I12D,"IRVING ST","31ST AV",0.00,,Y,A,-,N,,,,,,,,,,N,2,0,1,2,A,-,17,21200,A,N,D,G,A,A,H,-,C,A,0,,Y,,,Y,,L,04,1,0,0,0,0,0,1,0,0,-,-,,,"SAN FRANCISCO","SAN FRANCISCO",-122.48997996,37.76299995
8777318,2018,2019-01-30,3801,2018-12-23,1751,1955,INGLE,7,5,7,3801,0,0,0,,0,3H15D,"GENEVA AV","CAYUGA AV",0.00,,Y,C,-,N,,,,,,,,,,N,4,0,1,2,A,-,09,21801,A,N,D,G,A,B,H,-,C,A,0,,Y,,,Y,,A,01,0,0,1,0,0,0,1,0,0,-,-,,,"SAN FRANCISCO","SAN FRANCISCO",-122.44367987,37.71891995
8777301,2018,2019-05-13,3801,2018-12-03,1008,245,SOUTH,1,5,7,3801,0,0,0,,0,0B1,"FOLSOM ST","SPEAR ST",18.00,S,N,A,-,N,,,,,,,,,,N,3,0,1,3,A,-,17,22517,,N,H,G,A,A,H,-,A,A,0,,Y,,,Y,,-,,0,1,0,0,0,0,1,0,0,-,-,,,"SAN FRANCISCO","SAN FRANCISCO",-122.39104414,37.7900451
8777297,2018,2019-03-04,3801,2018-12-03,1120,2372,INGLE,1,5,7,3801,0,0,0,,0,3H1A,"MISSION ST","MISSION ST 3349",0.00,,N,A,-,N,,,,,,,,,,N,4,0,1,2,A,-,07,21658,A,N,B,G,A,A,H,-,A,D,0,,Y,,,Y,,A,01,0,0,1,0,0,0,1,0,0,-,-,,,"SAN FRANCISCO","SAN FRANCISCO",,
8777281,2018,2019-01-30,3801,2018-12-03,1953,1150,SOUTH,1,5,7,3801,0,0,0,,0,3B12D,"HOWARD ST",4TH,120.00,E,N,-,-,N,,,,,,,,,,N,4,0,1,2,A,-,21,22106,,F,B,G,A,A,H,-,D,A,0,,Y,,,Y,,A,01,0,0,1,0,0,0,1,0,0,-,-,,,"SAN FRANCISCO","SAN FRANCISCO",-122.40240355,37.7835009
8777279,2018,2019-01-29,3801,2018-12-02,2126,4106,NORTH,7,5,7,3801,0,0,0,,0,3E13E,"POLK ST","CEDAR ST",0.00,,Y,A,-,N,,,,,,,,,,N,4,0,1,2,A,-,03,22350,,F,C,G,A,A,H,-,C,D,0,,Y,,,Y,,-,,0,0,1,0,0,0,1,0,0,-,-,,,"SAN FRANCISCO","SAN FRANCISCO",-122.41982993,37.78636992
8777269,2018,2019-01-25,3801,2018-12-25,1432,1938,NORTH,2,5,7,3801,0,0,0,,0,3E43C,"DIVISADERO ST","OAK ST",0.00,,Y,A,-,N,,,,,,,,,,N,2,0,1,2,A,-,12,21453,A,N,H,G,A,A,H,-,A,A,0,,Y,,,Y,,A,01,1,0,0,0,0,0,1,0,0,-,-,,,"SAN FRANCISCO","SAN FRANCISCO",-122.43742995,37.77313993
8777262,2018,2019-01-25,3801,2018-12-14,1640,386,MISIS,5,5,7,3801,0,0,0,,0,3D11D,"CHURCH ST","18TH ST",18.00,N,N,A,-,N,,,,,,,,,,N,4,0,1,1,D,-,00,,,N,H,A,A,B,-,-,A,D,0,,Y,,,Y,,-,-,0,0,1,0,0,0,1,0,0,-,-,,,"SAN FRANCISCO","SAN FRANCISCO",-122.42838247,37.76134941
8777258,2018,2019-01-25,3801,2018-12-14,1814,308,MISIS,5,5,7,3801,0,0,0,,0,3D13D,"MISSION ST","22ND ST",260.00,S,N,C,-,N,,,,,,,,,,N,4,0,1,2,A,-,08,22102,,N,D,C,A,B,H,-,C,D,0,,Y,,,Y,,A,01,0,0,1,0,0,0,1,0,0,-,-,,,"SAN FRANCISCO","SAN FRANCISCO",-122.41868117,37.75473729
8777251,2018,2019-01-29,3801,2018-12-12,0748,1530,BAYVI,3,5,7,3801,0,0,0,,0,3C67,"OAKDALE AV","BARNEVELD AV",28.00,W,N,A,-,N,,,,,,,,,,N,3,0,1,2,A,-,03,22350,,F,C,G,A,A,H,-,A,A,0,,Y,,,Y,,A,01,0,1,0,0,0,0,1,0,0,-,-,,,"SAN FRANCISCO","SAN FRANCISCO",-122.40356897,37.74210455
8777242,2018,2019-01-25,3801,2018-12-15,1617,1306,MISSI,6,5,7,3801,0,0,0,,0,3D41D,"MISSION ST","16TH ST",308.00,S,N,A,-,N,,,,,,,,,,N,4,0,1,2,A,-,17,22517,,N,H,G,A,A,H,-,A,D,0,,Y,,,Y,,A,01,0,0,1,0,0,0,1,0,0,-,-,,,"SAN FRANCISCO","SAN FRANCISCO",-122.41958039,37.76420687
8777229,2018,2019-01-24,3801,2018-12-22,2148,969,MISSI,6,5,7,3801,0,0,0,,0,3D14D,"FOLSOM ST","14TH ST",315.00,S,N,A,-,N,,,,,,,,,,N,3,0,1,2,A,-,17,21209,,F,C,G,A,A,H,-,C,D,0,,Y,,,Y,,A,01,0,1,0,0,0,0,1,0,0,-,-,,,"SAN FRANCISCO","SAN FRANCISCO",-122.4155296,37.767677
8777207,2018,2019-01-29,3801,2018-12-13,1430,2211,MISSI,4,5,7,3801,0,0,0,,0,3D11D,"HARRISON ST","12 ST",0.00,,Y,-,-,N,,,,,,,,,,N,4,0,1,1,D,-,00,,,N,H,A,A,A,B,D,A,D,0,,Y,,,Y,,-,-,0,0,1,0,0,0,1,0,0,-,-,,,"SAN FRANCISCO","SAN FRANCISCO",-122.41305994,37.77008997
8777201,2018,2019-01-24,3801,2018-12-28,1047,1507,NORTH,5,5,7,3801,0,0,0,,0,003,"POLK ST","DR TOM WADDELL PL",0.00,,Y,A,-,N,,,,,,,,,,N,4,0,1,2,A,-,08,22107,,N,B,G,A,A,H,-,A,D,0,,Y,,,Y,,A,01,0,0,1,0,0,0,1,0,0,-,-,,,"SAN FRANCISCO","SAN FRANCISCO",,
8777162,2018,2019-01-30,3801,2018-12-17,1958,4022,,1,5,7,3801,0,0,0,,0,D41D,"17TH ST","DOLORES ST",153.00,E,N,A,-,N,,,,,,,,,,N,3,0,1,2,A,-,08,22100,B,N,D,G,A,A,H,-,C,D,0,,Y,,,Y,,D,22,0,1,0,0,0,0,1,0,0,-,-,,,"SAN FRANCISCO","SAN FRANCISCO",-122.42577288,37.7630483
8777108,2018,2019-01-25,3801,2018-12-01,0755,1477,MISSI,6,5,7,3801,0,0,0,,0,3D13A,"CAPP ST","22ND ST",0.00,,Y,B,-,N,,,,,,,,,,N,4,0,1,2,A,-,12,22450,A,F,D,G,A,B,-,-,A,A,0,,Y,,,Y,,A,01,0,0,1,0,0,0,1,0,0,-,-,,,"SAN FRANCISCO","SAN FRANCISCO",-122.41765999,37.75552995
8777104,2018,2019-01-25,3801,2018-12-02,1207,1116,MISSI,7,5,7,3801,0,0,0,,0,3D13A,"VALENCIA ST","19TH ST",138.00,S,N,A,-,N,,,,,,,,,,N,3,0,1,2,A,-,17,22517,,N,B,G,A,A,H,-,A,D,0,,Y,,,Y,,A,08,0,1,0,0,0,0,1,0,0,-,-,,,"SAN FRANCISCO","SAN FRANCISCO",-122.42136891,37.7597317
8777100,2018,2019-01-25,3801,2018-12-02,1738,2705,,7,5,7,3801,0,0,0,,0,,"ILLINOIS ST","AMADOR ST",140.00,N,N,A,-,N,,,,,,,,,,,4,0,1,1,A,-,05,21202,A,N,H,-,A,D,H,-,C,D,0,,Y,,,Y,Y,L,04,0,0,1,0,0,0,1,0,0,-,-,,,"SAN FRANCISCO","SAN FRANCISCO",-122.38607834,37.74615339
8777084,2018,2019-01-25,3801,2018-12-09,0221,2457,SOTHE,7,5,7,3801,0,0,0,,0,3B13E,"HOWARD ST","2ND ST",400.00,W,N,A,-,N,,,,,,,,,,N,2,0,1,3,A,-,03,22350,,F,C,G,A,A,H,-,E,D,0,,Y,Y,,Y,,-,,1,0,0,0,0,0,1,0,0,-,-,,,"SAN FRANCISCO","SAN FRANCISCO",-122.39923174,37.78601545
8777080,2018,2019-01-25,3801,2018-12-08,1300,327,,6,5,7,3801,0,0,0,,0,,"VALENCIA ST","23RD ST",240.00,S,N,B,-,N,,,,,,,,,,N,4,0,1,2,A,-,03,22350,,N,B,G,A,A,A,-,A,D,0,,Y,,,Y,,L,04,0,0,1,0,0,0,1,0,0,-,-,,,"SAN FRANCISCO","SAN FRANCISCO",-122.42074386,37.75304278
8777064,2018,2019-01-25,3801,2018-12-05,1119,1557,MISSI,3,5,7,3801,0,0,0,,0,3D13C,"CAPP ST","20TH ST",330.00,S,N,B,C,N,,,,,,,,,,N,3,0,1,2,A,-,09,21801,A,N,A,C,A,B,H,-,A,D,0,,Y,,,Y,,A,01,0,1,0,0,0,0,1,0,0,-,-,,,"SAN FRANCISCO","SAN FRANCISCO",-122.41787524,37.75777594
8777056,2018,2019-01-25,3801,2018-12-05,1543,215,BAYVI,3,5,7,3801,0,0,0,,0,2CAR,"PAUL AV","WHEAT ST",0.00,,-,B,-,N,,,,,,,,,,N,4,0,1,2,A,-,21,22106,,N,H,G,A,A,H,-,A,D,0,,Y,,,Y,Y,A,01,0,0,1,0,0,0,1,0,0,-,-,,,"SAN FRANCISCO","SAN FRANCISCO",-122.40008992,37.72342989
8776948,2018,2019-01-28,3801,2018-12-11,1748,2207,CENTR,2,5,7,3801,0,0,0,,0,3A15D,"NEW MONTGOMERY ST","JESSIE ST",0.00,,Y,A,-,N,,,,,,,,,,N,4,0,1,2,A,-,09,21804,A,N,D,G,A,A,H,-,C,D,0,,Y,,Y,Y,,F,55,0,0,1,0,0,0,1,0,0,-,-,,,"SAN FRANCISCO","SAN FRANCISCO",-122.40098995,37.78786989
8776908,2018,2019-01-30,3801,2018-12-13,0920,317,,4,5,7,3801,0,0,0,,0,3B15A,"4TH ST","BERRY ST",50.00,S,N,A,-,N,,,,,,,,,,N,3,0,1,3,A,-,06,21750,A,N,C,G,A,A,H,-,A,A,0,,Y,,,Y,,A,01,0,1,0,0,0,0,1,0,0,-,-,,,"SAN FRANCISCO","SAN FRANCISCO",-122.39321612,37.77568409
8766620,2018,2019-01-07,3801,2018-11-14,1135,723,CENTR,3,5,7,3801,0,0,0,,0,5CAR,"MARKET ST","2ND ST",0.00,,N,A,-,N,,,,,,,,,,,2,0,1,1,A,-,03,22350,,N,H,G,A,A,H,-,A,A,0,,Y,,,Y,,L,04,1,0,0,0,0,0,1,0,0,-,-,,,"SAN FRANCISCO","SAN FRANCISCO",-122.40139995,37.78923994
8766608,2018,2018-12-24,3801,2018-11-02,1630,563,PARK,5,5,7,3801,0,0,0,,0,004,"MARKET ST","MARKET ST 1133",0.00,,Y,A,-,N,,,,,,,,,,N,4,0,1,2,A,-,08,22102,,F,D,G,A,A,-,-,A,D,0,,Y,,,Y,,A,01,0,0,1,0,0,0,1,0,0,-,-,,,"SAN FRANCISCO","SAN FRANCISCO",,
8764339,2018,2019-01-03,3801,2018-11-16,1223,169,SOUTH,5,5,7,3801,0,0,0,,0,3B12A,"MISSION ST","MISSION ST 814",0.00,,Y,A,-,N,,,,,,,,,,N,4,0,1,1,A,-,03,22350,,N,H,I,A,A,H,-,A,D,0,,Y,,,Y,,L,04,0,0,1,0,0,0,1,0,0,-,-,,,"SAN FRANCISCO","SAN FRANCISCO",,
8764304,2018,2018-12-28,3801,2018-11-12,1727,30,CENTR,1,5,7,3801,0,0,0,,0,4M54,"MARKET ST","BEALE ST",0.00,,Y,A,-,N,,,,,,,,,,N,3,0,1,1,B,-,22,,,N,E,-,A,A,G,-,C,A,0,,Y,,,Y,,L,04,0,1,0,0,0,0,1,0,0,-,-,,,"SAN FRANCISCO","SAN FRANCISCO",-122.39733986,37.79248997
8764299,2018,2018-12-28,3801,2018-11-15,1848,2749,CENTR,4,5,7,3801,0,0,0,,0,3A11D,"GEARY ST","POWELL ST",270.00,W,N,A,-,N,,,,,,,,,,N,3,0,1,2,D,-,00,,,N,B,G,A,A,H,-,C,D,0,,Y,,,Y,,-,-,0,1,0,0,0,0,1,0,0,-,-,,,"SAN FRANCISCO","SAN FRANCISCO",-122.40913493,37.7872535
8760642,2018,2019-01-18,3801,2018-11-05,1107,714,MISSI,1,5,7,3801,0,0,0,,0,3D6A,"13TH ST","MISSION ST",0.00,,Y,A,-,N,,,,,,,,,,N,4,0,1,2,A,-,09,21800,A,N,-,G,A,A,H,-,A,A,0,,Y,,,Y,,L,04,0,0,1,0,0,0,1,0,0,-,-,,,"SAN FRANCISCO","SAN FRANCISCO",-122.42017991,37.76998996
8760525,2018,2018-12-24,3801,2018-11-17,1523,1398,NORTH,6,5,7,3801,0,0,0,,0,3E41C,"GOUGH ST","FELL ST",16.00,S,N,A,-,N,,,,,,,,,,N,4,0,1,3,A,-,17,22517,,F,E,G,A,A,A,-,A,A,0,,Y,,,Y,,A,01,0,0,1,0,0,0,1,0,0,-,-,37.46332,-122.25222,"SAN FRANCISCO","SAN FRANCISCO",-122.42277092,37.77589664
8760509,2018,2018-12-24,3801,2018-11-12,1641,1291,TENDE,1,5,7,3801,0,0,0,,0,3J11D,"MARKET ST","HYDE ST",5.00,E,N,A,-,N,,,,,,,,,,N,4,0,1,2,A,-,17,22517,,N,H,G,A,A,H,-,A,A,0,,Y,,,Y,,A,01,0,0,1,0,0,0,1,0,0,-,-,,,"SAN FRANCISCO","SAN FRANCISCO",-122.41474759,37.77871957
8760501,2018,2018-12-24,3801,2018-11-08,0940,2376,SOUTH,4,5,7,3801,0,0,0,,0,3B5A,"7TH ST","KING ST",29.00,S,N,A,-,N,,,,,,,,,,,4,0,1,2,A,-,17,22517,,N,C,G,A,A,H,-,A,D,0,,Y,,,Y,,-,-,0,0,1,0,0,0,1,0,0,-,-,,,"SAN FRANCISCO","SAN FRANCISCO",-122.40074181,37.77108155
8760440,2018,2018-12-27,3801,2018-10-09,1416,524,SOUTH,2,5,7,3801,0,0,0,,0,3B90,"MISSION ST","3RD ST",225.00,W,N,A,-,N,,,,,,,,,,,3,0,1,2,A,-,04,21703,,F,C,G,A,A,H,-,A,D,0,,Y,,,Y,,A,01,0,1,0,0,0,0,1,0,0,-,-,,,"SAN FRANCISCO","SAN FRANCISCO",-122.4025514,37.78583348
8760309,2018,2018-12-21,3801,2018-11-27,0933,2202,INGLE,2,5,7,3801,0,0,0,,0,3H11A,"CORTLAND AV","PROSPECT AV",41.00,W,N,B,-,N,,,,,,,,,,N,4,0,1,2,A,-,12,22450,A,N,B,G,A,B,H,-,A,D,0,,Y,,,Y,,A,01,0,0,1,0,0,0,1,0,0,-,-,,,"SAN FRANCISCO","SAN FRANCISCO",-122.42094717,37.74026987
8758396,2018,2019-01-17,3801,2018-11-13,1816,4214,SOUTH,2,5,7,3801,0,0,0,,0,4B4G,"DIVISION ST","HENRY ADAMS ST",32.00,E,N,F,-,N,,,,,,,,,,N,3,0,1,2,A,-,06,21750,,N,B,G,A,A,G,-,B,A,0,,Y,,,Y,,A,01,0,1,0,0,0,0,1,0,0,-,-,,,"SAN FRANCISCO","SAN FRANCISCO",,
8758356,2018,2019-01-17,3801,2018-11-14,1650,386,MISSI,3,5,7,3801,0,0,0,,0,3L93D,"VALENCIA ST","18TH ST",55.00,N,N,A,-,N,,,,,,,,,,N,3,0,1,2,A,-,00,21760,,N,B,G,A,A,H,-,A,D,0,,Y,,,Y,,L,04,0,1,0,0,0,0,1,0,0,-,-,,,"SAN FRANCISCO","SAN FRANCISCO",-122.42157613,37.76186055
8758348,2018,2019-01-18,3801,2018-11-30,1826,001460,SOUTH,5,5,7,3801,0,0,0,,0,3B5C,"DIVISION ST","VERMONT ST",0.00,,Y,A,-,N,,,,,,,,,,N,4,0,1,2,A,-,09,21801,A,N,D,G,A,-,-,-,B,D,0,,Y,,,Y,,A,01,0,0,1,0,0,0,1,0,0,-,-,,,"SAN FRANCISCO","SAN FRANCISCO",-122.40496988,37.76973993
8758332,2018,2019-01-18,3801,2018-11-28,0854,245,SOUTH,3,5,7,3801,0,0,0,,0,0B1,"FOLSOM ST","HAWTHORNE ST",0.00,,Y,A,-,N,,,,,,,,,,N,3,0,1,3,A,-,17,22517,,N,G,B,A,A,H,-,A,A,0,,Y,,,Y,,-,,0,1,0,0,0,0,1,0,0,-,-,,,"SAN FRANCISCO","SAN FRANCISCO",-122.39782993,37.78467992
8758315,2018,2019-02-12,3801,2018-11-24,1600,4208,BAYVI,6,5,7,3801,0,0,0,,0,3C12D,"BAYSHORE BL","OAKDALE AV",440.00,N,N,A,-,N,,,,,,,,,,Y,4,0,1,5,A,-,03,22350,A,F,B,C,A,B,H,-,A,D,0,,Y,,,Y,,A,01,0,0,1,0,0,0,1,0,0,-,-,,,"SAN FRANCISCO","SAN FRANCISCO",-122.40452433,37.74411204
8758309,2018,2019-01-18,3801,2018-11-11,0442,1254,CENTR,7,5,7,3801,0,0,0,,0,3A14E,EMBARCADERO,BROADWAY,0.00,,Y,A,-,N,,,,,,,,,,N,3,0,1,2,A,-,12,21453,A,N,D,G,A,A,H,-,C,A,0,,Y,,,Y,,L,04,0,1,0,0,0,0,1,0,0,-,-,,,"SAN FRANCISCO","SAN FRANCISCO",,
8758301,2018,2019-01-18,3801,2018-11-08,0950,1144,NORTH,4,5,7,3801,0,0,0,,0,3E12A,"FULTON ST","OCTAVIA ST",8.00,W,N,A,-,N,,,,,,,,,,N,3,0,1,2,A,-,08,22107,,N,H,G,A,A,H,-,A,D,0,,Y,,,Y,,A,01,0,1,0,0,0,0,1,0,0,-,-,,,"SAN FRANCISCO","SAN FRANCISCO",-122.42501734,37.77853652