CASE_ID,ACCIDENT_YEAR,PROC_DATE,JURIS,COLLISION_DATE,COLLISION_TIME,OFFICER_ID,REPORTING_DISTRICT,DAY_OF_WEEK,CHP_SHIFT,POPULATION,CNTY_CITY_LOC,SPECIAL_COND,BEAT_TYPE,CHP_BEAT_TYPE,CITY_DIVISION_LAPD,CHP_BEAT_CLASS,BEAT_NUMBER,PRIMARY_RD,SECONDARY_RD,DISTANCE,DIRECTION,INTERSECTION,WEATHER_1,WEATHER_2,STATE_HWY_IND,CALTRANS_COUNTY,CALTRANS_DISTRICT,STATE_ROUTE,ROUTE_SUFFIX,POSTMILE_PREFIX,POSTMILE,LOCATION_TYPE,RAMP_INTERSECTION,SIDE_OF_HWY,TOW_AWAY,COLLISION_SEVERITY,NUMBER_KILLED,NUMBER_INJURED,PARTY_COUNT,PRIMARY_COLL_FACTOR,PCF_CODE_OF_VIOL,PCF_VIOL_CATEGORY,PCF_VIOLATION,PCF_VIOL_SUBSECTION,HIT_AND_RUN,TYPE_OF_COLLISION,MVIW,PED_ACTION,ROAD_SURFACE,ROAD_COND_1,ROAD_COND_2,LIGHTING,CONTROL_DEVICE,CHP_ROAD_TYPE,PEDESTRIAN_ACCIDENT,BICYCLE_ACCIDENT,MOTORCYCLE_ACCIDENT,TRUCK_ACCIDENT,NOT_PRIVATE_PROPERTY,ALCOHOL_INVOLVED,STWD_VEHTYPE_AT_FAULT,CHP_VEHTYPE_AT_FAULT,COUNT_SEVERE_INJ,COUNT_VISIBLE_INJ,COUNT_COMPLAINT_PAIN,COUNT_PED_KILLED,COUNT_PED_INJURED,COUNT_BICYCLIST_KILLED,COUNT_BICYCLIST_INJURED,COUNT_MC_KILLED,COUNT_MC_INJURED,PRIMARY_RAMP,SECONDARY_RAMP,LATITUDE,LONGITUDE,COUNTY,CITY,POINT_X,POINT_Y
8758299,2018,2019-02-14,3801,2018-11-21,0810,746,INGLE,3,5,7,3801,0,0,0,,0,3H74,"17TH ST","ISLAND ST",0.00,,Y,C,-,N,,,,,,,,,,N,3,0,1,2,A,-,06,21750,A,N,B,G,A,B,H,-,A,D,0,,Y,,,Y,,L,04,0,1,0,0,0,0,1,0,0,-,-,,,"SAN FRANCISCO","SAN FRANCISCO",,
8758297,2018,2019-01-18,3801,2018-11-09,0953,4361,,5,5,7,3801,0,0,0,,0,,"14TH ST","VALENCIA ST",0.00,,Y,A,-,N,,,,,,,,,,N,3,0,1,2,A,-,08,22107,,N,B,G,A,A,H,-,A,A,0,,Y,,,Y,,A,08,0,1,0,0,0,0,1,0,0,-,-,,,"SAN FRANCISCO","SAN FRANCISCO",-122.42217989,37.76814989
8758285,2018,2019-01-18,3801,2018-11-09,0815,1263,BAYVI,5,5,7,3801,0,0,0,,0,3C00,"CEASAR CHAVEZ ST","EVANS AV",0.00,,Y,-,-,N,,,,,,,,,,N,4,0,1,2,D,-,00,,,M,B,G,A,-,-,-,-,-,0,,Y,,,Y,,-,-,0,0,1,0,0,0,1,0,0,-,-,,,"SAN FRANCISCO","SAN FRANCISCO",-122.39731995,37.74968998
8758277,2018,2019-01-18,3801,2018-11-11,1010,1870,BAYVI,7,5,7,3801,0,0,0,,0,3C13A,"PALOU AV","3RD ST",0.00,,Y,A,-,N,,,,,,,,,,N,2,0,1,1,A,-,03,22350,,N,H,-,A,A,H,-,A,D,0,,Y,,,Y,,L,04,1,0,0,0,0,0,1,0,0,-,-,,,"SAN FRANCISCO","SAN FRANCISCO",-122.3910599,37.73403994
8758238,2018,2019-01-24,3801,2018-11-01,1014,1116,MISSI,4,5,7,3801,0,0,0,,0,3D13A,"MISSION ST","21ST ST",277.00,N,N,A,-,N,,,,,,,,,,,4,0,1,2,A,-,17,22517,,N,B,G,A,A,H,-,A,D,0,,Y,,,Y,,A,01,0,0,1,0,0,0,1,0,0,-,-,,,"SAN FRANCISCO","SAN FRANCISCO",-122.41897764,37.75777957
8758235,2018,2019-01-24,3801,2018-11-16,1445,385,NORTH,5,5,7,3801,0,0,0,,0,3E60,"FILLMORE ST","GOLDEN GATE AV",0.00,,Y,A,-,N,,,,,,,,,,N,3,0,1,2,A,-,08,22107,,N,D,G,A,A,H,-,A,A,0,,Y,,,Y,,L,04,0,1,0,0,0,0,1,0,0,-,-,,,"SAN FRANCISCO","SAN FRANCISCO",-122.43193991,37.77955996
8758225,2018,2019-01-23,3801,2018-11-01,1130,1917,TARAV,4,5,7,3801,0,0,0,,0,3I16A,"LINCOLN WY","41ST AV",0.00,,Y,A,-,N,,,,,,,,,,N,3,0,1,2,A,-,09,21801,A,N,B,G,A,A,H,-,A,A,0,,Y,,,Y,,A,01,0,1,0,0,0,0,1,0,0,-,-,,,"SAN FRANCISCO","SAN FRANCISCO",-122.50084998,37.7644099
8758206,2018,2019-01-24,3801,2018-11-08,1705,2334,SOUTH,4,5,7,3801,0,0,0,,0,0B1,"EMBARCADERO ST","BRYANT ST",0.00,,Y,B,-,N,,,,,,,,,,N,4,0,1,2,A,-,08,22107,,F,D,G,A,A,H,-,A,A,0,,Y,,,Y,,A,01,0,0,1,0,0,0,1,0,0,-,-,,,"SAN FRANCISCO","SAN FRANCISCO",,
8758202,2018,2019-01-24,3801,2018-11-06,1923,4132,MISSI,2,5,7,3801,0,0,0,,0,1CAR,"VALENCIA ST","19TH ST",165.00,S,N,A,-,N,,,,,,,,,,N,2,0,1,3,A,-,08,22107,,N,C,G,A,A,H,-,B,A,0,,Y,,,Y,,A,01,1,0,0,0,0,0,1,0,0,-,-,,,"SAN FRANCISCO","SAN FRANCISCO",-122.42136282,37.75965768
8758191,2018,2019-01-24,3801,2018-11-24,2054,1046,CENTR,6,5,7,3801,0,0,0,,0,3A12D,"KEARNY ST","CLAY ST",0.00,,Y,A,-,N,,,,,,,,,,N,3,0,1,3,A,-,17,22517,,N,E,G,A,A,-,-,C,A,0,,Y,,,Y,,A,01,0,1,0,0,0,0,1,0,0,-,-,,,"SAN FRANCISCO","SAN FRANCISCO",-122.40477986,37.79444999
8758183,2018,2019-01-24,3801,2018-11-28,1150,2378,SOUTH,3,5,7,3801,0,0,0,,0,3B13B,"MISSION ST","7TH ST",0.00,,Y,B,-,N,,,,,,,,,,N,3,0,1,2,A,-,09,21800,A,N,B,G,A,B,H,-,A,A,0,,Y,,,Y,,L,04,0,1,0,0,0,0,1,0,0,-,-,,,"SAN FRANCISCO","SAN FRANCISCO",-122.41089991,37.7792099
8758177,2018,2019-01-23,3801,2018-11-02,1950,2342,NORTH,5,5,7,3801,0,0,0,,0,3E1FD,"CHESTNUT ST","FRANKLIN ST",140.00,E,N,A,-,N,,,,,,,,,,N,4,0,1,2,A,-,08,22107,,F,D,G,A,A,H,-,D,D,0,,Y,,,Y,,A,01,0,0,1,0,0,0,1,0,0,-,-,,,"SAN FRANCISCO","SAN FRANCISCO",-122.42590063,37.80212693
8758154,2018,2019-01-18,3801,2018-11-06,0856,1325,TENDE,2,5,7,3801,0,0,0,,0,3J11A,"MARKET ST","8TH ST",0.00,,Y,A,-,N,,,,,,,,,,N,4,0,1,1,A,-,-,,,N,H,-,A,A,G,-,A,A,0,,Y,,,Y,,L,04,0,0,1,0,0,0,1,0,0,-,-,,,"SAN FRANCISCO","SAN FRANCISCO",-122.41475996,37.77870988
8758142,2018,2019-01-18,3801,2018-11-05,1044,A20877,TARAV,1,5,7,3801,0,0,0,,0,3I13A,"BROTHERHOOD WY","ST THOMAS MORE WY",0.00,,Y,A,-,N,,,,,,,,,,Y,3,0,1,2,A,-,10,21950,A,N,D,G,A,A,H,-,A,A,0,,Y,,,Y,,A,01,0,1,0,0,0,0,1,0,0,-,-,,,"SAN FRANCISCO","SAN FRANCISCO",,
8758137,2018,2019-01-18,3801,2018-11-08,1835,233,MISSI,4,5,7,3801,0,0,0,,0,0D1,"VALENCIA ST","15TH ST",40.00,N,N,A,-,N,,,,,,,,,,N,3,0,1,2,A,-,17,22517,,N,E,G,A,A,H,-,C,A,0,,Y,,,Y,,A,01,0,1,0,0,0,0,1,0,0,-,-,,,"SAN FRANCISCO","SAN FRANCISCO",-122.42203953,37.76663963
8758130,2018,2019-01-18,3801,2018-11-06,1400,895,INGLE,2,5,7,3801,0,0,0,,0,3H140,"OCEAN AV","HOWTH ST",0.00,,Y,A,-,N,,,,,,,,,,N,3,0,1,2,A,-,03,22350,,F,D,G,A,A,H,-,A,A,0,,Y,,,Y,,-,,0,1,0,0,0,0,1,0,0,-,-,,,"SAN FRANCISCO","SAN FRANCISCO",-122.44957991,37.72295998
8758109,2018,2019-01-29,3801,2018-11-11,1747,1023,CENTR,7,5,7,3801,0,0,0,,0,3A15D,"THE EMBARCADERO","DON CHEE WY",523.00,N,N,A,-,N,,,,,,,,,,N,4,0,1,2,A,-,-,,,F,E,J,-,A,H,-,C,D,0,Y,Y,,,Y,,N,60,0,0,1,0,0,0,1,0,0,-,-,,,"SAN FRANCISCO","SAN FRANCISCO",-122.39451309,37.79525206
8758105,2018,2019-01-18,3801,2018-11-12,1558,399,PARK,1,5,7,3801,0,0,0,,0,2CAR,"CORBETT AV","MARS ST",13.00,S,N,A,-,N,,,,,,,,,,N,4,0,1,2,A,-,09,21801,A,N,D,G,A,A,H,-,A,D,0,,Y,,,Y,,A,01,0,0,1,0,0,0,1,0,0,-,-,,,"SAN FRANCISCO","SAN FRANCISCO",-122.4443645,37.76054005
8758102,2018,2019-01-18,3801,2018-11-08,1750,498,MISSI,4,5,7,3801,0,0,0,,0,006,"17TH ST","BRYANT ST",60.00,E,N,A,-,N,,,,,,,,,,N,4,0,1,1,A,-,03,22350,,N,E,J,A,A,B,-,C,D,0,,Y,,,Y,,L,04,0,0,1,0,0,0,1,0,0,-,-,,,"SAN FRANCISCO","SAN FRANCISCO",-122.41017294,37.76433218
8758081,2018,2019-01-18,3801,2018-11-02,1253,1994,TENDE,5,5,7,3801,0,0,0,,0,4B3G,"MARKET ST","HYDE ST",0.00,,Y,A,-,N,,,,,,,,,,N,4,0,1,2,A,-,12,21453,A,N,D,G,A,A,H,-,A,A,0,,Y,,,Y,,L,04,0,0,1,0,0,0,1,0,0,-,-,,,"SAN FRANCISCO","SAN FRANCISCO",-122.41475996,37.77870988
8758079,2018,2018-12-28,3801,2018-11-13,2030,555,PARK,2,5,7,3801,0,0,0,,0,3F11D,"KEZAR DR","JOHN F KENNEDY DR",0.00,,Y,A,-,N,,,,,,,,,,N,4,0,1,2,D,-,00,,,N,D,G,A,A,H,-,C,D,0,,Y,,,Y,,-,-,0,0,1,0,0,0,1,0,0,-,-,,,"SAN FRANCISCO","SAN FRANCISCO",-122.45532994,37.77085991
8758067,2018,2019-01-04,3801,2018-11-13,0823,1851,TENDE,2,5,7,3801,0,0,0,,0,3J13A,"MCCALLISTER ST","HYDE ST",0.00,,Y,B,-,N,,,,,,,,,,N,3,0,1,2,A,-,09,21801,A,N,D,G,A,B,H,-,A,A,0,,Y,,,Y,,D,22,0,1,0,0,0,0,1,0,0,-,-,,,"SAN FRANCISCO","SAN FRANCISCO",-122.4153199,37.78073993
8757957,2018,2018-12-27,3801,2018-11-01,1425,2059,CENTR,4,5,7,3801,0,0,0,,0,3A15A,"MARKET ST","FRONT ST",0.00,,Y,A,-,N,,,,,,,,,,N,4,0,1,2,A,-,05,21202,,N,D,G,A,A,H,-,A,A,0,,Y,,,Y,,L,04,0,0,1,0,0,0,1,0,0,-,-,,,"SAN FRANCISCO","SAN FRANCISCO",-122.39833993,37.79168989
8756741,2018,2019-01-28,3801,2018-10-29,1135,2239,INGLE,1,5,7,3801,0,0,0,,0,3HILE,"SAN JOSE AV","SAINT MARYS AV",700.00,N,N,A,-,N,,,,,,,,,,N,4,0,1,2,A,-,17,27400,,N,A,E,A,A,H,-,A,D,0,,Y,,,Y,,L,04,0,0,1,0,0,0,1,0,0,-,-,,,"SAN FRANCISCO","SAN FRANCISCO",-122.42662698,37.73620649
8756631,2018,2018-12-11,3801,2018-10-31,1629,321,RICHM,3,5,7,3801,0,0,0,,0,3G15D,"POINT LOBOS","POINT LOBOS 1090",0.00,,Y,A,-,N,,,,,,,,,,N,4,0,1,2,D,-,00,,,N,D,G,A,A,H,-,A,D,0,,Y,,,Y,,-,-,0,0,1,0,0,0,1,0,0,-,-,,,"SAN FRANCISCO","SAN FRANCISCO",,
8756629,2018,2018-12-11,3801,2018-10-30,1855,2355,PARK,2,5,7,3801,0,0,0,,0,0F3,"FELL ST","STANYAN ST",0.00,,Y,A,-,N,,,,,,,,,,N,3,0,2,2,A,-,11,21453,D,N,D,G,A,A,H,-,C,A,0,,Y,Y,,Y,,L,04,0,1,1,0,0,0,1,0,1,-,-,,,"SAN FRANCISCO","SAN FRANCISCO",-122.45406996,37.77196992
8756620,2018,2018-12-11,3801,2018-10-17,1540,335,CENTR,3,5,7,3801,0,0,0,,0,3A15C,"LARKIN ST","LARKIN ST 2543",0.00,,Y,A,-,N,,,,,,,,,,N,3,0,1,2,D,-,00,,,N,H,G,A,A,H,-,A,D,0,,Y,,,Y,,-,-,0,1,0,0,0,0,1,0,0,-,-,,,"SAN FRANCISCO","SAN FRANCISCO",,
8756615,2018,2018-12-11,3801,2018-10-08,0326,2732,CENTR,1,5,7,3801,0,0,0,,0,,"GEARY ST","LARKIN ST",0.00,,Y,A,-,N,,,,,,,,,,N,3,0,1,2,A,-,17,21200,,N,C,G,A,A,H,-,C,A,0,,Y,,,Y,Y,L,04,0,1,0,0,0,0,1,0,0,-,-,,,"SAN FRANCISCO","SAN FRANCISCO",-122.4181099,37.78610989
8756604,2018,2018-12-28,3801,2018-10-14,1512,4026,MISSI,7,5,7,3801,0,0,0,,0,3D4C,"MISSION ST","MISSION ST 2337",0.00,,Y,A,-,N,,,,,,,,,,N,4,0,1,2,A,-,08,22107,,N,B,G,A,A,H,-,A,D,0,,Y,,,Y,,A,01,0,0,1,0,0,0,1,0,0,-,-,,,"SAN FRANCISCO","SAN FRANCISCO",,
8756601,2018,2018-12-11,3801,2018-10-12,0556,1518,BAYVI,5,5,7,3801,0,0,0,,0,0C5,"CESAR CHAVEZ ST","CESAR CHAVEZ ST 2323",0.00,,Y,A,-,N,,,,,,,,,,N,3,0,2,2,A,-,17,21209,A,N,B,G,A,A,H,-,C,A,0,,Y,Y,,Y,,C,03,0,1,1,0,0,0,1,0,1,-,-,,,"SAN FRANCISCO","SAN FRANCISCO",,
8756600,2018,2018-12-11,3801,2018-10-13,1500,2724,TENDE,6,5,7,3801,0,0,0,,0,3J00,"STEINER ST","DUBOCE ST",20.00,N,N,A,-,N,,,,,,,,,,N,4,0,1,2,A,-,08,22107,,N,D,G,A,A,H,-,A,D,0,,Y,,,Y,,A,01,0,0,1,0,0,0,1,0,0,-,-,,,"SAN FRANCISCO","SAN FRANCISCO",-122.43159219,37.76937408
8756205,2018,2018-12-13,3801,2018-10-26,1619,2099,SOUTH,5,5,7,3801,0,0,0,,0,3E46C,"MARKET ST","PAGE ST",0.00,,Y,A,-,N,,,,,,,,,,N,3,0,1,2,A,-,08,22107,,N,D,-,A,A,H,-,A,A,0,,Y,,,Y,,L,04,0,1,0,0,0,0,1,0,0,-,-,,,"SAN FRANCISCO","SAN FRANCISCO",-122.42026,37.77439999
8755022,2018,2018-12-06,3801,2018-10-30,1636,2122,SOUTH,2,5,7,3801,0,0,0,,0,3B46,"MISSION ST","8TH ST",0.00,,Y,A,-,N,,,,,,,,,,N,4,0,1,2,A,-,-,,,N,B,G,A,A,H,-,A,A,0,,Y,,,Y,,L,04,0,0,1,0,0,0,1,0,0,-,-,,,"SAN FRANCISCO","SAN FRANCISCO",-122.41315999,37.77745997
8755006,2018,2018-12-28,3801,2018-10-29,1331,1145,SOUTH,1,5,7,3801,0,0,0,,0,3B48,"17TH ST","PENNSYLVANIA AV",12.00,W,N,A,-,N,,,,,,,,,,N,4,0,1,2,A,-,21,22106,,N,H,A,A,A,H,-,A,D,0,,Y,,,Y,,A,01,0,0,1,0,0,0,1,0,0,-,-,,,"SAN FRANCISCO","SAN FRANCISCO",-122.39395582,37.76523582
8755002,2018,2018-12-06,3801,2018-10-29,0945,576,TENDE,1,5,7,3801,0,0,0,,0,005,"ELLIS ST","LEAVENWORTH ST",40.00,W,N,A,-,N,,,,,,,,,,N,3,0,1,1,A,-,03,22350,,N,H,J,A,A,H,-,A,A,0,,Y,,,Y,,L,04,0,1,0,0,0,0,1,0,0,-,-,,,"SAN FRANCISCO","SAN FRANCISCO",-122.4145558,37.78464856
8754982,2018,2018-12-07,3801,2018-10-19,1008,878,SOUTH,5,5,7,3801,0,0,0,,0,3B12A,"TOWNSEND ST","4TH ST",0.00,,Y,A,-,N,,,,,,,,,,N,3,0,1,2,A,-,06,21750,A,N,B,G,A,A,H,-,A,D,0,,Y,,,Y,,A,01,0,1,0,0,0,0,1,0,0,-,-,,,"SAN FRANCISCO","SAN FRANCISCO",-122.39498995,37.77710997
8754970,2018,2018-12-17,3801,2018-10-24,1217,839,SOUTH,3,5,7,3801,0,0,0,,0,0B4,"MARKET ST","ELGIN PARK",0.00,,Y,A,-,N,,,,,,,,,,N,3,0,1,2,A,-,08,22107,,N,H,G,A,A,H,-,A,D,0,,Y,,,Y,,A,01,0,1,0,0,0,0,1,0,0,-,-,,,"SAN FRANCISCO","SAN FRANCISCO",-122.42380992,37.77159991
8754938,2018,2018-12-06,3801,2018-10-26,1422,1520,NORTH,5,5,7,3801,0,0,0,,0,003,"POLK ST","ELM ST",0.00,,Y,A,-,N,,,,,,,,,,N,4,0,1,2,A,-,09,21801,A,N,D,G,A,A,H,-,A,D,0,,Y,,,Y,,-,,0,0,1,0,0,0,1,0,0,-,-,,,"SAN FRANCISCO","SAN FRANCISCO",-122.41890986,37.78169989
8754869,2018,2018-12-07,3801,2018-10-04,0911,143,CENTR,4,5,7,3801,0,0,0,,0,03A,EMBARCADERO,"BAY ST",200.00,S,N,A,-,N,,,,,,,,,,N,4,0,1,2,A,-,17,22517,,N,G,-,A,A,H,-,A,A,0,,Y,,,Y,,A,01,0,0,1,0,0,0,1,0,0,-,-,,,"SAN FRANCISCO","SAN FRANCISCO",,
8754866,2018,2018-12-07,3801,2018-10-27,2205,1060,,6,5,7,3801,0,0,0,,0,,"MARKET ST","OCTAVIA ST",95.00,W,N,A,-,N,,,,,,,,,,N,4,0,1,2,A,-,12,22450,A,N,D,G,A,A,H,-,C,A,0,,Y,,,Y,,L,04,0,0,1,0,0,0,1,0,0,-,-,,,"SAN FRANCISCO","SAN FRANCISCO",-122.42381904,37.77159277
8754864,2018,2018-12-10,3801,2018-10-25,1240,1927,RICHM,4,5,7,3801,0,0,0,,0,3G52B,"16TH AV","CLEMENT ST",422.00,S,N,A,-,N,,,,,,,,,,N,4,0,1,2,A,-,17,22517,,N,H,A,A,A,H,-,A,D,0,,Y,,,Y,,A,01,0,0,1,0,0,0,1,0,0,-,-,,,"SAN FRANCISCO","SAN FRANCISCO",-122.47516282,37.78128232
8754858,2018,2018-12-07,3801,2018-10-27,0950,242,NORTH,6,5,7,3801,0,0,0,,0,005,"GREENWHICH ST","FILLMORE ST",0.00,,Y,A,-,N,,,,,,,,,,N,2,0,1,2,A,-,12,22450,A,N,B,G,A,A,H,-,A,A,0,,Y,,,Y,,L,04,1,0,0,0,0,0,1,0,0,-,-,,,"SAN FRANCISCO","SAN FRANCISCO",,
8754856,2018,2018-12-10,3801,2018-10-31,2215,1702,MISIS,3,5,7,3801,0,0,0,,0,3D17D,"16TH ST","MISSION ST",0.00,,Y,A,-,N,,,,,,,,,,N,4,0,1,2,A,-,06,21750,A,N,D,G,A,A,H,-,C,A,0,,Y,,,Y,,L,04,0,0,1,0,0,0,1,0,0,-,-,,,"SAN FRANCISCO","SAN FRANCISCO",-122.41966992,37.76504991
8754848,2018,2018-12-10,3801,2018-10-30,0820,A22160,,2,5,7,3801,0,0,0,,0,,"PAGE ST","ASHBURY ST",0.00,,Y,A,-,N,,,,,,,,,,,4,0,1,2,A,-,08,22107,,N,D,G,A,-,H,-,C,A,0,,Y,,,Y,Y,-,,0,0,1,0,0,0,1,0,0,-,-,,,"SAN FRANCISCO","SAN FRANCISCO",-122.44710992,37.77091991
8754844,2018,2018-12-10,3801,2018-10-03,0941,839,SOUHT,3,5,7,3801,0,0,0,,0,0B2,"5TH ST","BRYANT ST",0.00,,Y,A,-,N,,,,,,,,,,N,3,0,1,2,A,-,09,21801,A,N,D,-,A,A,H,-,A,D,0,,Y,,,Y,,A,01,0,1,0,0,0,0,1,0,0,-,-,,,"SAN FRANCISCO","SAN FRANCISCO",-122.40028996,37.77779999
8754841,2018,2018-12-07,3801,2018-10-09,2004,1503,MISIS,2,5,7,3801,0,0,0,,0,3D11D,"17TH ST","ALBION ST",103.00,E,N,A,-,N,,,,,,,,,,,3,0,1,2,A,-,17,21208,A,N,B,G,A,A,H,-,C,D,0,,Y,,,Y,,L,04,0,1,0,0,0,0,1,0,0,-,-,,,"SAN FRANCISCO","SAN FRANCISCO",-122.42235465,37.76326198
8754840,2018,2018-12-10,3801,2018-10-29,1730,2256,INGLE,1,5,7,3801,0,0,0,,0,3H16D,"ALEMANY BL","COTTER ST",0.00,,Y,A,-,N,,,,,,,,,,N,3,0,1,2,A,-,08,22107,,N,F,G,A,A,H,-,A,D,0,,Y,,,Y,,A,01,0,1,0,0,0,0,1,0,0,-,-,,,"SAN FRANCISCO","SAN FRANCISCO",-122.43501997,37.72819992
8754833,2018,2018-12-07,3801,2018-10-17,1640,283,MISIS,3,5,7,3801,0,0,0,,0,0D1,"VALENCIA ST","16TH ST",75.00,N,N,A,-,N,,,,,,,,,,N,4,0,1,2,A,-,09,21804,A,N,B,G,A,A,H,-,A,A,0,,Y,,,Y,,A,01,0,0,1,0,0,0,1,0,0,-,-,,,"SAN FRANCISCO","SAN FRANCISCO",-122.42190505,37.76511569
8754824,2018,2018-12-10,3801,2018-10-07,1805,312,TARAV,7,5,7,3801,0,0,0,,0,001,"LINCOLN WY","9TH AV",0.00,,Y,A,-,N,,,,,,,,,,N,3,0,2,2,A,-,12,21453,A,N,D,G,A,A,H,-,A,A,0,,Y,,,Y,,A,01,0,2,0,0,0,0,1,0,0,-,-,,,"SAN FRANCISCO","SAN FRANCISCO",-122.46643996,37.7659299
8754823,2018,2018-12-10,3801,2018-10-22,1327,169,SOUTH,1,5,7,3801,0,0,0,,0,3B13A,"BRYANT ST","5TH ST",8.00,W,N,A,-,N,,,,,,,,,,N,4,0,1,2,A,-,10,21950,A,N,G,G,A,A,H,-,A,A,0,,Y,,,Y,,A,01,0,0,1,0,0,0,1,0,0,-,-,,,"SAN FRANCISCO","SAN FRANCISCO",-122.40030984,37.77778467
8754819,2018,2018-12-10,3801,2018-10-22,1000,326,MISSI,1,5,7,3801,0,0,0,,0,3D16A,"VALENCIA ST","14TH ST",207.00,S,N,A,-,N,,,,,,,,,,N,3,0,1,3,A,-,02,21211,A,N,H,G,A,A,H,-,A,D,0,,Y,,,Y,,A,01,0,1,0,0,0,0,1,0,0,-,-,,,"SAN FRANCISCO","SAN FRANCISCO",-122.42212331,37.76758312
8754813,2018,2018-12-07,3801,2018-10-28,2016,412,SOUTH,7,5,7,3801,0,0,0,,0,3B92,"6TH ST","CLARA ST",22.00,W,N,A,-,N,,,,,,,,,,N,3,0,1,2,A,-,05,21650,1,N,D,G,A,A,H,-,C,D,0,,Y,,,Y,,L,04,0,1,0,0,0,0,1,0,0,-,-,,,"SAN FRANCISCO","SAN FRANCISCO",-122.40466378,37.77775278
8754812,2018,2018-12-10,3801,2018-10-24,2232,829,CENTR,3,5,7,3801,0,0,0,,0,3A12E,"KEARRY ST","CALIFORNIA ST",6.00,S,N,A,-,N,,,,,,,,,,N,4,0,1,2,A,-,12,21453,A,N,D,G,A,A,H,-,C,A,0,,Y,,,Y,,L,04,0,0,1,0,0,0,1,0,0,-,-,,,"SAN FRANCISCO","SAN FRANCISCO",-122.40437744,37.79266364
8754811,2018,2018-12-10,3801,2018-10-31,1053,1950,BAYVI,3,5,7,3801,0,0,0,,0,3C12A,"BAYSHORE BL","INDUSTRIAL ST",0.00,,Y,A,-,N,,,,,,,,,,N,2,0,1,2,A,-,12,22450,,N,D,G,A,A,H,-,A,A,0,,Y,,,Y,,L,04,1,0,0,0,0,0,1,0,0,-,-,,,"SAN FRANCISCO","SAN FRANCISCO",-122.40696,37.73799994
8754805,2018,2018-12-07,3801,2018-10-18,1318,A22028,SOUTH,4,5,7,3801,0,0,0,,0,3B1C,"WASHBURN ST","MISSION ST",0.00,,Y,A,-,N,,,,,,,,,,N,3,0,1,2,A,-,08,22107,,N,D,G,A,A,H,-,A,D,0,,Y,,,Y,,A,01,0,1,0,0,0,0,1,0,0,-,-,,,"SAN FRANCISCO","SAN FRANCISCO",-122.41513994,37.77588996
8754799,2018,2019-03-22,3801,2018-10-06,1333,2365,NORTH,6,5,7,3801,0,0,0,,0,6CAR,"BAY ST","GOUGH ST",64.00,E,N,A,-,N,,,,,,,,,,N,2,0,1,3,C,-,18,,,N,H,G,A,A,H,-,A,D,0,,Y,,,Y,,-,-,1,0,0,0,0,0,1,0,0,-,-,,,"SAN FRANCISCO","SAN FRANCISCO",-122.42818092,37.8037764
8754798,2018,2018-12-10,3801,2018-10-04,0843,1244,NORTH,4,5,7,3801,0,0,0,,0,001,"PAGE ST","LAGUNA ST",172.00,W,N,A,-,N,,,,,,,,,,N,4,0,1,2,A,-,08,22107,,N,D,G,A,A,H,-,A,A,0,,Y,,,Y,,A,07,0,0,1,0,0,0,1,0,0,-,-,,,"SAN FRANCISCO","SAN FRANCISCO",-122.42628859,37.77358937
8754783,2018,2018-12-11,3801,2018-10-01,1237,1978,BAYVI,1,5,7,3801,0,0,0,,0,001,"3RD ST","22ND ST",342.00,S,N,A,-,N,,,,,,,,,,N,4,0,1,2,A,-,09,21804,A,N,B,G,A,A,H,-,A,A,0,,Y,,,Y,,L,04,0,0,1,0,0,0,1,0,0,-,-,,,"SAN FRANCISCO","SAN FRANCISCO",-122.38830357,37.75701585
8754775,2018,2019-01-04,3801,2018-10-11,0908,1244,NORTH,4,5,7,3801,0,0,0,,0,,"POLK ST","PINE ST",0.00,,Y,B,-,N,,,,,,,,,,N,3,0,1,2,A,-,09,21801,A,N,A,G,A,A,H,-,A,A,0,,Y,,,Y,,A,01,0,1,0,0,0,0,1,0,0,-,-,,,"SAN FRANCISCO","SAN FRANCISCO",-122.42049994,37.78963998
8754773,2018,2018-12-12,3801,2018-10-12,1237,1978,BAYVI,5,5,7,3801,0,0,0,,0,001,"3RD ST","22ND ST",342.00,S,N,A,-,N,,,,,,,,,,N,4,0,1,2,A,-,09,21804,A,N,B,G,A,A,H,-,A,A,0,,Y,,,Y,,L,04,0,0,1,0,0,0,1,0,0,-,-,,,"SAN FRANCISCO","SAN FRANCISCO",-122.38830357,37.75701585
8754771,2018,2018-12-11,3801,2018-10-10,2030,426,NORTH,3,5,7,3801,0,0,0,,0,3E11E,"OAK ST","DIVISADERO ST",0.00,,Y,A,-,N,,,,,,,,,,N,4,0,1,2,A,-,12,21453,A,F,D,G,A,A,H,-,C,A,0,,Y,,,Y,,A,01,0,0,1,0,0,0,1,0,0,-,-,,,"SAN FRANCISCO","SAN FRANCISCO",-122.43742995,37.77313993
8754763,2018,2018-12-11,3801,2018-10-10,0819,2202,INGLE,3,5,7,3801,0,0,0,,0,INGLES,"MISSION ST","GODEUS ST",0.00,,Y,A,-,N,,,,,,,,,,N,3,0,1,2,A,-,07,21658,A,N,B,G,A,A,H,-,A,D,0,,Y,,,Y,,A,01,0,1,0,0,0,0,1,0,0,-,-,,,"SAN FRANCISCO","SAN FRANCISCO",-122.42170994,37.74282991