CASE_ID,ACCIDENT_YEAR,PROC_DATE,JURIS,COLLISION_DATE,COLLISION_TIME,OFFICER_ID,REPORTING_DISTRICT,DAY_OF_WEEK,CHP_SHIFT,POPULATION,CNTY_CITY_LOC,SPECIAL_COND,BEAT_TYPE,CHP_BEAT_TYPE,CITY_DIVISION_LAPD,CHP_BEAT_CLASS,BEAT_NUMBER,PRIMARY_RD,SECONDARY_RD,DISTANCE,DIRECTION,INTERSECTION,WEATHER_1,WEATHER_2,STATE_HWY_IND,CALTRANS_COUNTY,CALTRANS_DISTRICT,STATE_ROUTE,ROUTE_SUFFIX,POSTMILE_PREFIX,POSTMILE,LOCATION_TYPE,RAMP_INTERSECTION,SIDE_OF_HWY,TOW_AWAY,COLLISION_SEVERITY,NUMBER_KILLED,NUMBER_INJURED,PARTY_COUNT,PRIMARY_COLL_FACTOR,PCF_CODE_OF_VIOL,PCF_VIOL_CATEGORY,PCF_VIOLATION,PCF_VIOL_SUBSECTION,HIT_AND_RUN,TYPE_OF_COLLISION,MVIW,PED_ACTION,ROAD_SURFACE,ROAD_COND_1,ROAD_COND_2,LIGHTING,CONTROL_DEVICE,CHP_ROAD_TYPE,PEDESTRIAN_ACCIDENT,BICYCLE_ACCIDENT,MOTORCYCLE_ACCIDENT,TRUCK_ACCIDENT,NOT_PRIVATE_PROPERTY,ALCOHOL_INVOLVED,STWD_VEHTYPE_AT_FAULT,CHP_VEHTYPE_AT_FAULT,COUNT_SEVERE_INJ,COUNT_VISIBLE_INJ,COUNT_COMPLAINT_PAIN,COUNT_PED_KILLED,COUNT_PED_INJURED,COUNT_BICYCLIST_KILLED,COUNT_BICYCLIST_INJURED,COUNT_MC_KILLED,COUNT_MC_INJURED,PRIMARY_RAMP,SECONDARY_RAMP,LATITUDE,LONGITUDE,COUNTY,CITY,POINT_X,POINT_Y
8754752,2018,2018-12-10,3801,2018-10-08,1600,321,COG,1,5,7,3801,0,0,0,,0,3G5D,"SEAL ROCK DR","ALTA MAR",0.00,,Y,A,-,N,,,,,,,,,,N,3,0,1,1,A,-,03,22350,,N,E,I,A,A,H,-,A,D,0,,Y,,,Y,,L,04,0,1,0,0,0,0,1,0,0,-,-,,,"SAN FRANCISCO","SAN FRANCISCO",-122.50786992,37.78072992
8754747,2018,2018-12-11,3801,2018-10-13,1056,1244,NORTH,6,5,7,3801,0,0,0,,0,001,"HAYES ST","BUCHANAN ST",125.00,W,N,A,-,N,,,,,,,,,,N,3,0,1,1,A,-,03,22350,,N,-,I,A,A,H,-,A,A,0,,Y,,,Y,,L,04,0,1,0,0,0,0,1,0,0,-,-,,,"SAN FRANCISCO","SAN FRANCISCO",-122.42832711,37.77619531
8754741,2018,2018-12-11,3801,2018-10-03,1735,1345,SOUTH,3,5,7,3801,0,0,0,,0,0B5,"4TH ST","TOWNSEND ST",60.00,N,N,A,-,N,,,,,,,,,,N,4,0,1,2,A,-,06,21755,A,N,H,G,A,A,H,-,A,D,0,,Y,,,Y,,L,04,0,0,1,0,0,0,1,0,0,-,-,,,"SAN FRANCISCO","SAN FRANCISCO",-122.39514022,37.7772238
8754737,2018,2018-12-11,3801,2018-10-03,0905,385,NORTH,3,5,7,3801,0,0,0,,0,3E12A,"WEBSTER ST","ELLIS ST",40.00,S,N,A,-,N,,,,,,,,,,N,2,0,1,2,A,-,17,22517,,F,H,G,A,A,H,-,A,D,0,,Y,,,Y,,-,-,1,0,0,0,0,0,1,0,0,-,-,,,"SAN FRANCISCO","SAN FRANCISCO",-122.43084718,37.78246162
8754736,2018,2018-12-10,3801,2018-10-07,1755,713,CENTR,7,5,7,3801,0,0,0,,0,3A14D,"EMBARCADERO NORTH",BROADWAY,143.00,S,N,A,-,N,,,,,,,,,,Y,3,0,2,2,A,-,17,21209,,N,C,G,A,A,H,-,A,D,0,,Y,,,Y,,A,01,0,2,0,0,0,0,1,0,0,-,-,,,"SAN FRANCISCO","SAN FRANCISCO",,
8754734,2018,2018-12-11,3801,2018-10-07,0127,696,BAYVI,7,5,7,3801,0,0,0,,0,3C13E,"3RD ST","OAKDALE AV",0.00,,Y,A,-,N,,,,,,,,,,Y,2,0,1,2,A,-,08,22107,,N,-,G,A,A,H,-,C,A,0,,Y,,,Y,,A,01,1,0,0,0,0,0,1,0,0,-,-,,,"SAN FRANCISCO","SAN FRANCISCO",-122.39076998,37.73482995
8754729,2018,2018-12-24,3801,2018-10-02,1356,2111,MISSI,2,5,7,3801,0,0,0,,0,3D44C,"POTRERO ST","25TH ST",0.00,,Y,A,-,N,,,,,,,,,,N,3,0,1,2,A,-,05,21650,1,N,D,G,A,A,H,-,A,D,0,,Y,,,Y,,L,04,0,1,0,0,0,0,1,0,0,-,-,,,"SAN FRANCISCO","SAN FRANCISCO",-122.40619992,37.751739979999996
8754725,2018,2018-12-11,3801,2018-10-28,1449,4352,SOUTH,7,5,7,3801,0,0,0,,0,0B2,"FOLSOM ST","4TH ST",110.00,E,N,A,-,N,,,,,,,,,,N,4,0,1,2,A,-,11,21955,,N,G,-,E,A,C,-,A,D,0,Y,Y,,,Y,,N,60,0,0,1,0,0,0,1,0,0,-,-,,,"SAN FRANCISCO","SAN FRANCISCO",-122.40089094,37.7822538
8754723,2018,2018-12-13,3801,2018-10-12,1322,2200,NORTH,5,5,7,3801,0,0,0,,0,003,"LARKIN ST","POST ST",0.00,,Y,A,-,N,,,,,,,,,,N,3,0,1,2,A,-,12,21453,A,N,D,-,A,A,H,-,A,A,0,,Y,,,Y,,L,04,0,1,0,0,0,0,1,0,0,-,-,,,"SAN FRANCISCO","SAN FRANCISCO",-122.41826994,37.7870399
8754719,2018,2018-12-06,3801,2018-10-07,1413,1538,,7,5,7,3801,0,0,0,,0,3J11A,"EDDY ST","TAYLOR ST",100.00,W,N,A,-,N,,,,,,,,,,N,4,0,1,2,A,-,03,22350,,N,G,G,A,A,H,-,A,D,0,,Y,,,Y,,L,04,0,0,1,0,0,0,1,0,0,-,-,,,"SAN FRANCISCO","SAN FRANCISCO",-122.4112913,37.78411422
8754712,2018,2018-12-07,3801,2018-10-13,0921,812,MISSI,6,5,7,3801,0,0,0,,0,3D11A,"FOLSOM ST","23RD ST",233.00,S,N,A,-,N,,,,,,,,,,N,3,0,1,1,A,-,03,22350,,N,-,A,A,A,H,-,A,D,0,,Y,,,Y,,L,04,0,1,0,0,0,0,1,0,0,-,-,,,"SAN FRANCISCO","SAN FRANCISCO",-122.41418658,37.7534819
8754692,2018,2018-12-07,3801,2018-10-17,0927,2334,SOUTH,3,5,7,3801,0,0,0,,0,0B4,"MARKET ST","OCTAVIA ST",0.00,,Y,A,-,N,,,,,,,,,,N,3,0,1,2,A,-,08,22101,D,N,D,G,A,A,H,-,A,A,0,,Y,,,Y,,A,01,0,1,0,0,0,0,1,0,0,-,-,,,"SAN FRANCISCO","SAN FRANCISCO",-122.42358993,37.77177995
8754687,2018,2018-12-06,3801,2018-10-09,0913,878,SOUTH,2,5,7,3801,0,0,0,,0,3B15D,"16TH ST","WISCONSIN ST",0.00,,Y,A,-,N,,,,,,,,,,Y,3,0,1,2,A,-,09,21802,A,N,D,G,A,A,H,-,A,A,0,,Y,,,Y,,L,04,0,1,0,0,0,0,1,0,0,-,-,,,"SAN FRANCISCO","SAN FRANCISCO",-122.39974991,37.7662699
8754684,2018,2019-01-04,3801,2018-10-16,1841,4003,TARAV,2,5,7,3801,0,0,0,,0,3I13D,"38TH AV","ULLOA ST",0.00,,Y,A,-,N,,,,,,,,,,N,4,0,1,2,A,-,12,22450,A,N,D,G,A,A,H,-,B,A,0,,Y,,,Y,,L,04,0,0,1,0,0,0,1,0,0,-,-,,,"SAN FRANCISCO","SAN FRANCISCO",-122.49591992,37.74029989
8754648,2018,2018-12-24,3801,2018-10-18,1200,4040,NORTH,4,5,7,3801,0,0,0,,0,3E60,"MASON ST NORTH","YACHT ROAD",0.00,,Y,A,-,N,,,,,,,,,,Y,2,0,1,2,A,-,12,22450,A,F,B,G,A,A,H,-,A,D,0,,Y,,,Y,,L,04,1,0,0,0,0,0,1,0,0,-,-,,,"SAN FRANCISCO","SAN FRANCISCO",-122.44833992,37.80502997
8754644,2018,2018-12-07,3801,2018-10-20,1218,1368,PARK,6,5,7,3801,0,0,0,,0,3F1A,"JOHN F KENNEDY DR","CONSERVATORY DR E",200.00,W,N,A,-,N,,,,,,,,,,N,3,0,1,2,A,-,17,21209,A,N,D,G,A,A,H,-,A,D,0,,Y,,,Y,,A,01,0,1,0,0,0,0,1,0,0,-,-,,,"SAN FRANCISCO","SAN FRANCISCO",-122.45755495,37.77106835
8750410,2018,2018-12-07,3801,2018-10-25,1959,1186,TENDE,4,5,7,3801,0,0,0,,0,001,"MARKET ST","HYDE ST",112.00,E,N,A,-,N,,,,,,,,,,N,4,0,1,2,A,-,02,22400,A,N,E,G,A,A,H,-,C,D,0,,Y,,,Y,,A,07,0,0,1,0,0,0,1,0,0,-,-,37.77902,-122.41445,"SAN FRANCISCO","SAN FRANCISCO",-122.41448191,37.77892436
8747134,2018,2019-01-03,3801,2018-10-31,1727,2056,CENTR,3,5,7,3801,0,0,0,,0,005,"KEARNY ST","GEARY ST",25.00,N,N,A,-,N,,,,,,,,,,N,2,0,1,2,A,-,07,21658,A,N,H,G,A,A,H,-,A,D,0,,Y,,,Y,,L,04,1,0,0,0,0,0,1,0,0,-,-,,,"SAN FRANCISCO","SAN FRANCISCO",-122.40351911,37.7880183
8747078,2018,2018-12-07,3801,2018-10-18,1335,1217,,4,5,7,3801,0,0,0,,0,3H16C,"SANTOS ST","VELASCO AV",0.00,,Y,A,-,N,,,,,,,,,,N,3,0,1,2,A,-,03,22350,A,N,B,G,A,A,H,-,A,D,0,,Y,,,Y,,L,04,0,1,0,0,0,0,1,0,0,-,-,,,"SAN FRANCISCO","SAN FRANCISCO",-122.41937994,37.70995991
8745130,2018,2018-12-10,3801,2018-10-03,1613,2239,NORTH,3,5,7,3801,0,0,0,,0,3H11C,"GOUGH ST","MCALLISTER ST",0.00,,Y,A,-,N,,,,,,,,,,N,3,0,1,2,A,-,09,21801,A,N,D,G,A,A,H,-,A,A,0,,Y,,,Y,,D,22,0,1,0,0,0,0,1,0,0,-,-,,,"SAN FRANCISCO","SAN FRANCISCO",-122.42353987,37.77966998
8744878,2018,2019-01-03,3801,2018-10-18,0855,711,TENDE,4,5,7,3801,0,0,0,,0,,"MARKET ST","OCTAVIA ST",0.00,,Y,A,-,N,,,,,,,,,,N,4,0,1,2,A,-,08,22107,,M,B,G,A,A,H,-,A,A,0,,Y,,,Y,,A,01,0,0,1,0,0,0,1,0,0,-,-,,,"SAN FRANCISCO","SAN FRANCISCO",-122.42358993,37.77177995
8744774,2018,2018-12-07,3801,2018-09-05,0810,887,,3,5,7,3801,0,0,0,,0,,"MARKET ST","3RD ST",0.00,,Y,B,-,N,,,,,,,,,,,3,0,2,2,A,-,10,21950,A,N,H,B,B,A,H,-,A,A,0,Y,Y,,,Y,,L,04,0,1,1,0,1,0,1,0,0,-,-,,,"SAN FRANCISCO","SAN FRANCISCO",-122.40345987,37.78765989
8731371,2018,2018-11-02,3801,2018-08-31,1913,4023,MISSI,5,5,7,3801,0,0,0,,0,3D11D,"VALENCIA ST","18TH ST",59.00,N,N,A,-,N,,,,,,,,,,N,2,0,1,3,A,-,17,22517,,N,H,G,A,A,H,-,A,D,0,,Y,,,Y,,A,01,1,0,0,0,0,0,1,0,0,-,-,,,"SAN FRANCISCO","SAN FRANCISCO",-122.4215773,37.7618715
8728992,2018,2018-11-13,3801,2018-09-14,1745,1837,BAYVI,5,5,7,3801,0,0,0,,0,3C12D,"PALOU AV","PHELPS ST",0.00,,Y,-,-,N,,,,,,,,,,N,4,0,1,2,A,-,12,22450,A,F,D,G,A,-,-,-,-,D,0,,Y,,,Y,,A,01,0,0,1,0,0,0,1,0,0,-,-,,,"SAN FRANCISCO","SAN FRANCISCO",-122.39464997,37.73609998
8724560,2018,2018-10-23,3801,2018-09-06,1909,1605,NORTH,4,5,7,3801,0,0,0,,0,3E6D,"WEBSTER ST","GEARY BL",30.00,S,N,A,-,N,,,,,,,,,,N,4,0,1,2,A,-,05,21651,B,N,A,G,A,A,H,-,B,A,0,,Y,,,Y,,L,04,0,0,1,0,0,0,1,0,0,-,-,,,"SAN FRANCISCO","SAN FRANCISCO",-122.43128372,37.7846486
8724556,2018,2018-10-23,3801,2018-09-08,1844,2046,NORTH,6,5,7,3801,0,0,0,,0,3E1D,"MCALLISTER ST","WEBSTER ST",0.00,,Y,A,-,N,,,,,,,,,,N,4,0,1,2,A,-,08,22107,,F,D,G,A,A,H,-,A,A,0,,Y,,,Y,,A,01,0,0,1,0,0,0,1,0,0,-,-,,,"SAN FRANCISCO","SAN FRANCISCO",-122.43010988,37.77884
8724555,2018,2018-10-30,3801,2018-09-10,0855,2375,RICHM,1,5,7,3801,0,0,0,,0,3G22,"BALBOA ST","23RD AV",10.00,W,N,A,-,N,,,,,,,,,,N,4,0,1,2,A,-,06,21750,A,N,B,G,A,A,H,-,A,A,0,,Y,,,Y,,L,04,0,0,1,0,0,0,1,0,0,-,-,,,"SAN FRANCISCO","SAN FRANCISCO",-122.48238453,37.77640813
8724547,2018,2019-02-14,3801,2018-09-20,0934,4001,TARAV,4,5,7,3801,0,0,0,,0,3I11A,"24TH AV","KIRKHAM ST",0.00,,Y,A,-,N,,,,,,,,,,N,3,0,1,2,A,-,12,22450,A,N,D,G,A,A,H,-,A,A,0,,Y,,,Y,,L,04,0,1,0,0,0,0,1,0,0,-,-,,,"SAN FRANCISCO","SAN FRANCISCO",-122.48222989,37.75959992
8724539,2018,2018-10-30,3801,2018-09-10,1820,71,RICHM,1,5,7,3801,0,0,0,,0,901,"POINT LOBOS AV","BALBOA ST",0.00,,Y,A,-,N,,,,,,,,,,N,3,0,1,2,A,-,06,21755,A,N,B,G,A,A,H,-,A,D,0,,Y,,,Y,,L,04,0,1,0,0,0,0,1,0,0,-,-,,,"SAN FRANCISCO","SAN FRANCISCO",,
8724519,2018,2018-10-30,3801,2018-09-05,1230,1250,COD,3,5,7,3801,0,0,0,,0,901,"14TH ST","VALENCIA ST",0.00,,Y,A,-,N,,,,,,,,,,N,2,0,1,1,A,-,17,21200,A,N,E,I,A,A,H,-,A,A,0,,Y,,,Y,Y,L,04,1,0,0,0,0,0,1,0,0,-,-,,,"SAN FRANCISCO","SAN FRANCISCO",-122.42217989,37.76814989
8724507,2018,2018-10-30,3801,2018-09-06,2155,781,PARK,4,5,7,3801,0,0,0,,0,0F3,"OFARRELL ST","MASONIC AV",8.00,E,N,A,-,N,,,,,,,,,,N,3,0,1,2,A,-,17,21200,,N,B,G,A,A,H,-,C,A,0,,Y,,,Y,Y,L,04,0,1,0,0,0,0,1,0,0,-,-,,,"SAN FRANCISCO","SAN FRANCISCO",-122.44751278,37.78104404
8720169,2018,2018-10-29,3801,2018-04-13,1820,373,MISSI,5,5,7,3801,0,0,0,,0,0D1,"GUERRERO ST","16TH ST",0.00,,Y,A,-,N,,,,,,,,,,N,4,0,2,3,A,-,03,22350,,N,C,C,A,A,H,-,A,D,0,,Y,,,Y,,A,01,0,0,2,0,0,0,1,0,0,-,-,,,"SAN FRANCISCO","SAN FRANCISCO",-122.42409997,37.76477996
8718595,2018,2018-11-09,3801,2018-09-16,1125,1242,CENTR,7,5,7,3801,0,0,0,,0,3A15A,"MONTGOMERY ST",COMMERCIAL,0.00,,Y,-,-,N,,,,,,,,,,N,4,0,1,2,A,-,08,22107,,N,B,G,A,A,H,-,A,D,0,,Y,,,Y,,A,07,0,0,1,0,0,0,1,0,0,-,-,,,"SAN FRANCISCO","SAN FRANCISCO",-122.40301994,37.79421995
8718583,2018,2018-11-15,3801,2018-09-08,1058,1242,CENTR,6,5,7,3801,0,0,0,,0,3A5A,"VAN NESS AV","NORTH POINT",610.00,,N,A,-,N,,,,,,,,,,N,4,0,1,2,A,-,09,21801,A,N,B,G,A,-,H,-,A,D,0,,Y,,,Y,,A,01,0,0,1,0,0,0,1,0,0,-,-,,,"SAN FRANCISCO","SAN FRANCISCO",-122.42534996,37.80506
8718575,2018,2018-10-25,3801,2018-09-07,0859,540,SOUTH,5,5,7,3801,0,0,0,,0,3B2A,"THE EMBARCADERO","BRYANT ST",0.00,,Y,A,-,N,,,,,,,,,,N,3,0,1,2,A,-,08,22107,,N,H,G,A,A,H,-,A,A,0,,Y,,,Y,Y,A,01,0,1,0,0,0,0,1,0,0,-,-,,,"SAN FRANCISCO","SAN FRANCISCO",-122.38800995,37.78708995
8716605,2018,2018-10-19,3801,2018-09-13,1750,4335,BAYVI,4,5,7,3801,0,0,0,,0,901,"INDIANA ST","25TH ST",20.00,N,N,A,-,N,,,,,,,,,,N,3,0,1,2,A,-,05,21651,C,N,D,G,A,A,H,-,A,D,0,,Y,,,Y,,L,04,0,1,0,0,0,0,1,0,0,-,-,,,"SAN FRANCISCO","SAN FRANCISCO",-122.39070229,37.75273407
8716601,2018,2018-10-19,3801,2018-09-23,1800,2470,CENTR,7,5,7,3801,0,0,0,,0,3A11D,"GEARY ST","HYDE ST",0.00,,Y,A,-,N,,,,,,,,,,N,4,0,1,2,A,-,10,21950,A,N,G,G,A,A,H,-,A,A,0,,Y,,,Y,,A,01,0,0,1,0,0,0,1,0,0,-,-,,,"SAN FRANCISCO","SAN FRANCISCO",-122.41644988,37.78631989
8716594,2018,2018-10-23,3801,2018-09-27,1445,127,NORTH,4,5,7,3801,0,0,0,,0,006,"POLK ST","SACRAMENTO ST",90.00,S,N,A,-,N,,,,,,,,,,N,4,0,1,2,A,-,-,,,N,H,G,A,A,H,-,A,D,0,,Y,,,Y,,L,04,0,0,1,0,0,0,1,0,0,-,-,,,"SAN FRANCISCO","SAN FRANCISCO",-122.42082014,37.79125594
8716585,2018,2018-10-19,3801,2018-09-30,2249,970,SOUTH,7,5,7,3801,0,0,0,,0,3B14D,"3RD ST","CHINA BASIN ST",0.00,,Y,A,-,N,,,,,,,,,,N,4,0,1,1,A,-,17,21200,,N,E,I,A,A,H,-,C,A,0,,Y,,,Y,Y,L,04,0,0,1,0,0,0,1,0,0,-,-,,,"SAN FRANCISCO","SAN FRANCISCO",-122.38970999,37.77201991
8716560,2018,2018-10-19,3801,2018-09-11,2020,1237,NORTH,2,5,7,3801,0,0,0,,0,3E12D,"FILLMORE ST","GOLDEN GATE AV",0.00,,Y,A,-,N,,,,,,,,,,N,3,0,1,2,A,-,09,21801,A,M,B,G,A,A,H,-,C,A,0,,Y,,,Y,,A,01,0,1,0,0,0,0,1,0,0,-,-,,,"SAN FRANCISCO","SAN FRANCISCO",-122.43193991,37.77955996
8716553,2018,2018-10-18,3801,2018-09-17,0748,4286,RICHM,1,5,7,3801,0,0,0,,0,180703,"CLEMENT ST","34TH AV",0.00,,Y,B,-,N,,,,,,,,,,N,3,0,1,2,A,-,12,22450,A,N,D,G,A,B,H,-,A,A,0,,Y,,,Y,,L,04,0,1,0,0,0,0,1,0,0,-,-,,,"SAN FRANCISCO","SAN FRANCISCO",-122.49449996,37.7815699
8716546,2018,2018-10-19,3801,2018-09-21,0830,1293,INGLE,5,5,7,3801,0,0,0,,0,3H12A,"29TH ST","TIFFANY AV",47.00,S,N,A,-,N,,,,,,,,,,N,3,0,1,3,A,-,17,22517,,N,E,G,A,A,H,-,A,A,0,,Y,,,Y,,A,01,0,1,0,0,0,0,1,0,0,-,-,,,"SAN FRANCISCO","SAN FRANCISCO",-122.42199,37.74397
8716545,2018,2018-11-02,3801,2018-09-10,1753,198,RICHM,1,5,7,3801,0,0,0,,0,0G3,"FELL ST","SHRADER ST",0.00,,Y,F,-,N,,,,,,,,,,N,4,0,1,2,-,-,-,,,N,D,G,A,-,G,-,-,-,0,,Y,,,Y,,-,-,0,0,1,0,0,0,1,0,0,-,-,,,"SAN FRANCISCO","SAN FRANCISCO",-122.45240998,37.77215
8716540,2018,2018-10-19,3801,2018-09-20,1313,1511,BAYVI,4,5,7,3801,0,0,0,,0,3C1C,"22ND ST","ILLINOIS ST",0.00,,Y,A,-,N,,,,,,,,,,N,3,0,1,1,A,-,-,,,N,H,G,A,A,H,-,A,D,0,,Y,,,Y,,L,04,0,1,0,0,0,0,1,0,0,-,-,,,"SAN FRANCISCO","SAN FRANCISCO",-122.38733999,37.75797997
8716539,2018,2018-10-19,3801,2018-09-18,1408,A22028,SOUTH,2,5,7,3801,0,0,0,,0,3B2C,"MISSION ST","1ST ST",0.00,,N,A,-,N,,,,,,,,,,N,3,0,1,2,A,-,08,22107,,N,B,G,A,A,H,-,A,A,0,,Y,,,Y,,L,04,0,1,0,0,0,0,1,0,0,-,-,,,"SAN FRANCISCO","SAN FRANCISCO",-122.3975699,37.78977991
8716526,2018,2018-10-19,3801,2018-09-04,0600,737,NORTH,2,5,7,3801,0,0,0,,0,3E13A,"POST ST","POLK ST",0.00,,Y,A,-,N,,,,,,,,,,N,2,0,1,1,A,-,03,22350,,N,F,G,A,A,H,-,C,D,0,,Y,,,Y,,L,04,1,0,0,0,0,0,1,0,0,-,-,,,"SAN FRANCISCO","SAN FRANCISCO",-122.4198999,37.78682996
8716510,2018,2018-10-19,3801,2018-09-27,1842,1150,SOUTH,4,5,7,3801,0,0,0,,0,B-3,"8TH ST","MISSION ST",0.00,,Y,-,-,N,,,,,,,,,,N,4,0,1,2,A,-,08,22107,,N,D,G,A,A,H,-,A,A,0,,Y,,,Y,,A,01,0,0,1,0,0,0,1,0,0,-,-,,,"SAN FRANCISCO","SAN FRANCISCO",-122.41315999,37.77745997
8716509,2018,2018-10-18,3801,2018-09-14,1051,4286,RICHM,5,5,7,3801,0,0,0,,0,0G2,"ARGUELLO BL","GEARY BL",215.00,S,N,A,-,N,,,,,,,,,,N,4,0,1,2,A,-,04,21703,,N,C,G,A,A,H,-,A,D,0,,Y,,,Y,,L,04,0,0,1,0,0,0,1,0,0,-,-,,,"SAN FRANCISCO","SAN FRANCISCO",-122.45884397,37.78074007
8716506,2018,2018-10-19,3801,2018-09-24,0850,1217,INGLE,1,5,7,3801,0,0,0,,0,3H15C,"POTRERO AV","ALAMEDA ST",0.00,,Y,-,-,N,,,,,,,,,,N,3,0,1,1,A,-,03,22350,,N,-,G,A,-,-,-,A,A,0,,Y,,,Y,,L,04,0,1,0,0,0,0,1,0,0,-,-,,,"SAN FRANCISCO","SAN FRANCISCO",-122.40778986,37.76837996
8716502,2018,2018-10-19,3801,2018-09-05,0940,2728,MISSI,3,5,7,3801,0,0,0,,0,3D14A,"CESAR CHAVEZ ST","SOUTH VAN NESS AV",165.00,W,N,A,-,N,,,,,,,,,,N,4,0,1,2,A,-,06,21750,,N,F,G,A,A,H,-,A,D,0,,Y,,,Y,,L,04,0,0,1,0,0,0,1,0,0,-,-,,,"SAN FRANCISCO","SAN FRANCISCO",-122.41649076,37.74821196
8716498,2018,2018-10-19,3801,2018-09-06,0702,827,MISIS,4,5,7,3801,0,0,0,,0,3D13A,"ALABAMA ST","19TH ST",0.00,,Y,A,-,N,,,,,,,,,,N,4,0,1,2,A,-,12,22450,A,N,B,G,A,A,H,-,A,A,0,,Y,,,Y,,L,04,0,0,1,0,0,0,1,0,0,-,-,,,"SAN FRANCISCO","SAN FRANCISCO",-122.41191988,37.76038997
8716484,2018,2018-10-19,3801,2018-09-21,0501,1244,NORTH,5,5,7,3801,0,0,0,,0,002,"TURK ST","WEBSTER ST",0.00,,Y,A,-,N,,,,,,,,,,N,4,0,1,2,A,-,12,21457,A,F,D,G,A,A,H,-,C,A,0,,Y,,,Y,,-,99,0,0,1,0,0,0,1,0,0,-,-,,,"SAN FRANCISCO","SAN FRANCISCO",-122.43048986,37.78068997
8716478,2018,2018-10-19,3801,2018-09-17,1228,4125,MISIS,1,5,7,3801,0,0,0,,0,3D16A,"16TH ST","POTRERO AV",100.00,W,N,A,-,N,,,,,,,,,,N,3,0,1,2,A,-,09,21801,A,N,A,G,A,A,-,-,A,D,0,,Y,,,Y,,A,01,0,1,0,0,0,0,1,0,0,-,-,,,"SAN FRANCISCO","SAN FRANCISCO",-122.40790482,37.76574679
8716470,2018,2018-10-19,3801,2018-09-25,1717,2204,MISSI,2,5,7,3801,0,0,0,,0,001,"18TH ST","VALENCIA ST",0.00,W,N,A,-,N,,,,,,,,,,N,4,0,1,2,A,-,12,21453,A,N,D,G,A,A,H,-,A,A,0,,Y,,,Y,Y,L,04,0,0,1,0,0,0,1,0,0,-,-,,,"SAN FRANCISCO","SAN FRANCISCO",-122.42155988,37.76170995
8716459,2018,2018-10-22,3801,2018-09-16,1514,1250,CO.D,7,5,7,3801,0,0,0,,0,901,"COLLINGWOOD ST","18TH ST",0.00,,Y,A,-,N,,,,,,,,,,N,3,0,1,2,A,-,17,21657,,N,D,G,A,A,H,-,A,D,0,,Y,,,Y,,L,04,0,1,0,0,0,0,1,0,0,-,-,,,"SAN FRANCISCO","SAN FRANCISCO",-122.43609994,37.76081996
8716442,2018,2018-10-19,3801,2018-09-24,1152,310,TARAV,1,5,7,3801,0,0,0,,0,3I16B,"OCEAN AV","GENEVA AV",0.00,,Y,A,-,N,,,,,,,,,,N,4,0,1,2,A,-,08,22107,,N,B,G,A,A,H,-,A,A,0,,Y,,,Y,,A,01,0,0,1,0,0,0,1,0,0,-,-,,,"SAN FRANCISCO","SAN FRANCISCO",-122.45232991,37.72306989
8716428,2018,2018-10-22,3801,2018-09-16,1845,2064,MISSI,7,5,7,3801,0,0,0,,0,3D11D,"23RD ST","CAPP ST",0.00,,Y,A,-,N,,,,,,,,,,N,4,0,1,2,A,-,12,22450,A,N,A,G,A,A,H,-,A,A,0,,Y,,,Y,,L,04,0,0,1,0,0,0,1,0,0,-,-,,,"SAN FRANCISCO","SAN FRANCISCO",-122.41747994,37.75390989
8716387,2018,2018-10-23,3801,2018-09-21,0858,539,NROHT,5,5,7,3801,0,0,0,,0,3E11A,"FULTON ST","WEBSTER ST",0.00,,Y,A,-,N,,,,,,,,,,N,3,0,1,2,A,-,03,22350,,N,B,G,A,A,H,-,A,A,0,,Y,,,Y,,L,04,0,1,0,0,0,0,1,0,0,-,-,,,"SAN FRANCISCO","SAN FRANCISCO",-122.42990991,37.77790993
8714127,2018,2018-11-02,3801,2018-08-28,1100,279,PARK,2,5,7,3801,0,0,0,,0,3F13A,"7TH AV","WARREN ST",0.00,,Y,A,-,N,,,,,,,,,,N,4,0,1,2,A,-,17,21208,,N,D,G,A,A,H,-,A,A,0,,Y,,,Y,,L,04,0,0,1,0,0,0,1,0,0,-,-,,,"SAN FRANCISCO","SAN FRANCISCO",-122.46382993,37.75853998
8710920,2018,2018-10-19,3801,2018-09-16,1127,1377,INGLE,7,5,7,3801,0,0,0,,0,3H11C,"TIFFANY AV","REFERENCE POINT",173.00,N,N,A,-,N,,,,,,,,,,N,3,0,1,2,A,-,09,21804,A,N,D,G,A,A,H,-,A,D,0,,Y,,,Y,,-,,0,1,0,0,0,0,1,0,0,-,-,,,"SAN FRANCISCO","SAN FRANCISCO",,
8708680,2018,2018-10-24,3801,2018-09-22,1448,2059,CENTR,6,5,7,3801,0,0,0,,0,3A13A,"HYDE ST","JACKSON ST",15.00,W,N,A,-,N,,,,,,,,,,N,4,0,1,1,D,-,00,,,N,H,-,A,A,H,-,A,A,0,,Y,,,Y,,-,-,0,0,1,0,0,0,1,0,0,-,-,,,"SAN FRANCISCO","SAN FRANCISCO",-122.41811585,37.79460094