CASE_ID,ACCIDENT_YEAR,PROC_DATE,JURIS,COLLISION_DATE,COLLISION_TIME,OFFICER_ID,REPORTING_DISTRICT,DAY_OF_WEEK,CHP_SHIFT,POPULATION,CNTY_CITY_LOC,SPECIAL_COND,BEAT_TYPE,CHP_BEAT_TYPE,CITY_DIVISION_LAPD,CHP_BEAT_CLASS,BEAT_NUMBER,PRIMARY_RD,SECONDARY_RD,DISTANCE,DIRECTION,INTERSECTION,WEATHER_1,WEATHER_2,STATE_HWY_IND,CALTRANS_COUNTY,CALTRANS_DISTRICT,STATE_ROUTE,ROUTE_SUFFIX,POSTMILE_PREFIX,POSTMILE,LOCATION_TYPE,RAMP_INTERSECTION,SIDE_OF_HWY,TOW_AWAY,COLLISION_SEVERITY,NUMBER_KILLED,NUMBER_INJURED,PARTY_COUNT,PRIMARY_COLL_FACTOR,PCF_CODE_OF_VIOL,PCF_VIOL_CATEGORY,PCF_VIOLATION,PCF_VIOL_SUBSECTION,HIT_AND_RUN,TYPE_OF_COLLISION,MVIW,PED_ACTION,ROAD_SURFACE,ROAD_COND_1,ROAD_COND_2,LIGHTING,CONTROL_DEVICE,CHP_ROAD_TYPE,PEDESTRIAN_ACCIDENT,BICYCLE_ACCIDENT,MOTORCYCLE_ACCIDENT,TRUCK_ACCIDENT,NOT_PRIVATE_PROPERTY,ALCOHOL_INVOLVED,STWD_VEHTYPE_AT_FAULT,CHP_VEHTYPE_AT_FAULT,COUNT_SEVERE_INJ,COUNT_VISIBLE_INJ,COUNT_COMPLAINT_PAIN,COUNT_PED_KILLED,COUNT_PED_INJURED,COUNT_BICYCLIST_KILLED,COUNT_BICYCLIST_INJURED,COUNT_MC_KILLED,COUNT_MC_INJURED,PRIMARY_RAMP,SECONDARY_RAMP,LATITUDE,LONGITUDE,COUNTY,CITY,POINT_X,POINT_Y
8708676,2018,2018-10-24,3801,2018-09-19,1150,472,SOUTH,3,5,7,3801,0,0,0,,0,3B11A,"2ND ST","MINNA ST",5.00,S,N,A,-,N,,,,,,,,,,N,4,0,1,2,C,-,18,,,N,H,G,A,A,D,-,A,A,0,,Y,,,Y,,-,-,0,0,1,0,0,0,1,0,0,-,-,,,"SAN FRANCISCO","SAN FRANCISCO",-122.39926775,37.7875903
8708535,2018,2018-10-23,3801,2018-09-13,1719,993,SOUTH,4,5,7,3801,0,0,0,,0,"SEC 2","FOLSOM ST","FOLSOM ST 727",0.00,,-,A,-,N,,,,,,,,,,N,3,0,1,3,A,-,17,22517,,N,H,G,A,A,H,-,A,D,0,,Y,,,Y,,J,43,0,1,0,0,0,0,1,0,0,-,-,,,"SAN FRANCISCO","SAN FRANCISCO",,
8708129,2018,2018-10-09,3801,2018-08-20,1805,1817,CENTR,1,5,7,3801,0,0,0,,0,3A60,"PINE ST","LARKIN ST",0.00,,Y,A,-,N,,,,,,,,,,N,3,0,1,2,A,-,06,21755,A,N,C,G,A,A,H,-,B,A,0,,Y,Y,,Y,,L,04,0,1,0,0,0,0,1,0,0,-,-,,,"SAN FRANCISCO","SAN FRANCISCO",-122.41885991,37.78982999
8708125,2018,2018-10-09,3801,2018-08-10,1022,993,SOUTH,5,5,7,3801,0,0,0,,0,SECTOR,"2ND ST","CLEMENTINA ST",0.00,,N,A,-,N,,,,,,,,,,N,4,0,1,3,A,-,17,22517,,N,H,G,A,A,D,-,A,D,0,,Y,,,Y,,A,01,0,0,1,0,0,0,1,0,0,-,-,,,"SAN FRANCISCO","SAN FRANCISCO",-122.39724987,37.78599999
8707193,2018,2018-11-02,3801,2018-08-10,0804,2376,SOUTH,5,5,7,3801,0,0,0,,0,3B5A,"RHODE ISLAND ST","16TH ST",230.00,N,N,A,-,N,,,,,,,,,,N,3,0,1,2,D,-,00,,,N,D,G,A,A,H,-,A,D,0,,Y,,,Y,,-,-,0,1,0,0,0,0,1,0,0,-,-,,,"SAN FRANCISCO","SAN FRANCISCO",-122.40274885,37.76672948
8705827,2018,2018-10-18,3801,2018-09-20,1345,257,TENDE,4,5,7,3801,0,0,0,,0,3J46C,"LARKIN ST","MYRTLE ST",5.00,S,N,A,-,N,,,,,,,,,,N,4,0,1,2,A,-,00,21560,,N,A,G,A,A,H,-,A,D,0,,Y,,,Y,,L,04,0,0,1,0,0,0,1,0,0,-,-,,,"SAN FRANCISCO","SAN FRANCISCO",-122.41800684,37.7856265
8704054,2018,2018-10-02,3801,2018-08-14,1349,1832,TENDE,2,5,7,3801,0,0,0,,0,3J53C,"MARKET ST","TAYLOR ST",55.00,W,N,A,-,N,,,,,,,,,,N,4,0,1,1,C,-,18,,,N,H,A,A,A,H,-,A,A,0,,Y,,,Y,,-,-,0,0,1,0,0,0,1,0,0,-,-,,,"SAN FRANCISCO","SAN FRANCISCO",-122.41043555,37.78213391
8700810,2018,2018-10-18,3801,2018-08-29,1450,4277,BAYVI,3,5,7,3801,0,0,0,,0,"5 CAR","JENNINGS ST","YOSEMITE AV",0.00,,Y,A,-,N,,,,,,,,,,N,3,0,1,2,A,-,12,22450,A,F,D,G,A,A,H,-,A,A,0,,Y,,,Y,,-,99,0,1,0,0,0,0,1,0,0,-,-,37.7258,-122.38982,"SAN FRANCISCO","SAN FRANCISCO",-122.38979987,37.72579994
8699985,2018,2018-11-06,3801,2018-08-16,1725,1362,CENTR,4,5,7,3801,0,0,0,,0,3A14C,"COLUMBUS ST","CHESTNUT ST",0.00,,Y,A,-,N,,,,,,,,,,N,4,0,1,2,A,-,00,21760,,N,B,G,A,A,H,-,A,A,0,,Y,,,Y,,-,,0,0,1,0,0,0,1,0,0,-,-,,,"SAN FRANCISCO","SAN FRANCISCO",-122.41487986,37.80354994
8699760,2018,2018-10-08,3801,2018-08-30,2147,2353,NORTH,4,5,7,3801,0,0,0,,0,3E11E,"PAGE ST","BUCHANAN ST",134.00,W,N,-,-,N,,,,,,,,,,Y,3,0,1,2,A,-,06,21751,,N,A,G,A,A,H,-,D,D,0,,Y,,,Y,,A,01,0,1,0,0,0,0,1,0,0,-,-,,,"SAN FRANCISCO","SAN FRANCISCO",-122.42780821,37.77339324
8699748,2018,2018-10-08,3801,2018-08-25,1044,993,SOUTH,6,5,7,3801,0,0,0,,0,SECTOR,"3RD ST","MISSION ROCK",52.00,N,N,A,-,N,,,,,,,,,,N,3,0,1,2,A,-,06,21760,B,N,B,G,A,A,H,-,A,D,0,,Y,,,Y,,-,,0,1,0,0,0,0,1,0,0,-,-,,,"SAN FRANCISCO","SAN FRANCISCO",-122.38981118,37.77306257
8699708,2018,2018-10-08,3801,2018-08-30,1823,412,SOUTH,4,5,7,3801,0,0,0,,0,3B12D,"EMBARCADERO ST","BRANNAN ST",2000.00,S,N,A,-,N,,,,,,,,,,N,3,0,2,2,-,-,-,,,N,A,-,A,A,H,-,A,D,0,,Y,,,Y,,-,-,0,1,1,0,0,0,1,0,0,-,-,,,"SAN FRANCISCO","SAN FRANCISCO",,
8699704,2018,2018-10-08,3801,2018-08-28,0804,2375,RICHM,2,5,7,3801,0,0,0,,0,3G60,"ARGUELLO BL","SACRAMENTO ST",0.00,,Y,B,-,N,,,,,,,,,,,4,0,1,2,A,-,08,22107,,N,B,G,A,B,H,-,A,A,0,,Y,,,Y,,L,04,0,0,1,0,0,0,1,0,0,-,-,,,"SAN FRANCISCO","SAN FRANCISCO",-122.45926996,37.78661989
8699696,2018,2018-10-08,3801,2018-08-28,1547,302,NORTH,2,5,7,3801,0,0,0,,0,9X21E,"FILLMORE ST","EDDY ST",75.00,N,N,A,-,N,,,,,,,,,,N,4,0,1,2,A,-,17,22517,,N,H,G,A,A,H,-,A,D,0,,Y,,,Y,,A,01,0,0,1,0,0,0,1,0,0,-,-,,,"SAN FRANCISCO","SAN FRANCISCO",-122.43236322,37.78162316
8698525,2018,2018-10-01,3801,2018-07-30,1125,728,SOUTH,1,5,7,3801,0,0,0,,0,3B13C,"3RD ST","3RD ST 625",0.00,,Y,A,-,N,,,,,,,,,,N,2,0,1,1,C,-,18,,,N,-,J,A,A,A,-,A,D,0,,Y,,,Y,,-,-,1,0,0,0,0,0,1,0,0,-,-,,,"SAN FRANCISCO","SAN FRANCISCO",,
8698517,2018,2018-10-01,3801,2018-07-21,0912,2305,NORTH,6,5,7,3801,0,0,0,,0,4B1A,"VAN NESS AV","UNION ST",0.00,,Y,A,-,N,,,,,,,,,,N,4,0,1,3,A,-,12,21453,A,N,D,G,A,A,D,-,A,A,0,,Y,,,Y,,A,01,0,0,1,0,0,0,1,0,0,-,-,,,"SAN FRANCISCO","SAN FRANCISCO",-122.42405987,37.79853996
8698265,2018,2018-10-02,3801,2018-08-07,1045,4104,PARK,2,5,7,3801,0,0,0,,0,3F14A,"8TH ST","FOLSOM ST",0.00,,Y,A,-,N,,,,,,,,,,N,3,0,1,2,A,-,12,21453,A,N,D,G,A,A,H,-,A,A,0,,Y,,,Y,,L,04,0,1,0,0,0,0,1,0,0,-,-,,,"SAN FRANCISCO","SAN FRANCISCO",-122.41004988,37.77498989
8698258,2018,2018-10-02,3801,2018-08-08,1529,1660,SOUTH,3,5,7,3801,0,0,0,,0,0B1,"2ND ST","SOUTH PARK",0.00,,Y,A,-,N,,,,,,,,,,N,4,0,1,2,A,-,04,21703,,N,C,G,A,A,H,-,A,A,0,,Y,,,Y,,L,04,0,0,1,0,0,0,1,0,0,-,-,,,"SAN FRANCISCO","SAN FRANCISCO",-122.39284999,37.78246997
8698229,2018,2018-10-01,3801,2018-08-21,1635,1817,CENTR,2,5,7,3801,0,0,0,,0,3A60,"PACIFIC AV","BATTERY ST",30.00,W,N,A,-,N,,,,,,,,,,N,4,0,1,2,A,-,17,22517,,N,H,G,A,A,H,-,A,D,0,,Y,Y,,Y,,C,03,0,0,1,0,0,0,1,0,0,-,-,,,"SAN FRANCISCO","SAN FRANCISCO",-122.4009821,37.79766491
8698218,2018,2018-09-27,3801,2018-08-12,1623,308,MISSI,7,5,7,3801,0,0,0,,0,3D15C,"FOLSOM ST","15TH ST",0.00,,Y,A,-,N,,,,,,,,,,N,3,0,1,2,A,-,03,22350,,N,D,G,A,A,H,-,A,A,0,,Y,,,Y,,A,01,0,1,0,0,0,0,1,0,0,-,-,,,"SAN FRANCISCO","SAN FRANCISCO",-122.41545989,37.7669299
8698214,2018,2018-09-27,3801,2018-08-13,1716,1436,COD,1,5,7,3801,0,0,0,,0,3D14D,"VALENCIA ST","25TH ST",185.00,S,N,A,-,N,,,,,,,,,,N,3,0,2,2,A,-,05,21651,B,F,A,G,A,A,H,-,A,A,0,,Y,Y,,Y,,C,02,0,1,1,0,0,0,1,0,1,-,-,,,"SAN FRANCISCO","SAN FRANCISCO",-122.42044972,37.75000337
8698213,2018,2018-10-01,3801,2018-08-18,1410,127,NORTH,6,5,7,3801,0,0,0,,0,001,"HAIGHT ST","SCOTT ST",120.00,W,N,A,-,N,,,,,,,,,,N,3,0,1,2,A,-,03,22350,,N,B,E,A,A,H,-,A,D,0,,Y,,,Y,,L,04,0,1,0,0,0,0,1,0,0,-,-,,,"SAN FRANCISCO","SAN FRANCISCO",-122.43580006,37.77142781
8698210,2018,2018-09-27,3801,2018-08-14,1818,268,MISSI,2,5,7,3801,0,0,0,,0,3D12D,"FOLSOM ST","13TH ST",0.00,,Y,A,-,N,,,,,,,,,,N,4,0,1,2,A,-,09,21801,A,N,D,G,A,A,H,-,A,A,0,,Y,,,Y,,A,01,0,0,1,0,0,0,1,0,0,-,-,,,"SAN FRANCISCO","SAN FRANCISCO",-122.41558999,37.76952
8698205,2018,2018-10-01,3801,2018-08-26,2034,1033,MISSI,7,5,7,3801,0,0,0,,0,3D114,"19TH ST","LINDA ST",0.00,,Y,A,-,N,,,,,,,,,,N,3,0,1,2,A,-,05,21650,,F,A,G,A,A,H,-,C,D,0,,Y,,,Y,,A,01,0,1,0,0,0,0,1,0,0,-,-,,,"SAN FRANCISCO","SAN FRANCISCO",-122.42285989,37.76001993
8698178,2018,2018-10-01,3801,2018-08-23,1352,1213,RICHM,4,5,7,3801,0,0,0,,0,6G44B,"CLEMENT ST","7TH AV",50.00,W,N,A,-,N,,,,,,,,,,,3,0,1,2,A,-,08,22107,,N,B,G,A,A,H,-,A,D,0,,Y,,,Y,,A,01,0,1,0,0,0,0,1,0,0,-,-,,,"SAN FRANCISCO","SAN FRANCISCO",-122.46564278,37.78288215
8698173,2018,2018-10-01,3801,2018-08-02,0834,453,TEND,4,5,7,3801,0,0,0,,0,3J107,"GOLDEN GATE",TAYLOR,109.00,W,N,A,B,N,,,,,,,,,,N,3,0,1,2,A,-,03,22350,,N,B,G,A,A,H,-,A,D,0,,Y,,,Y,,L,04,0,1,0,0,0,0,1,0,0,-,-,,,"SAN FRANCISCO","SAN FRANCISCO",-122.41094502,37.78226457
8698156,2018,2018-11-15,3801,2018-08-30,0915,A23075,SOUTH,4,5,7,3801,0,0,0,,0,3B12C,"HOWARD ST","NEW MONTGOMERY ST",100.00,E,N,A,-,N,,,,,,,,,,N,3,0,1,2,A,-,-,,,N,-,-,A,A,H,-,A,-,0,,Y,,,Y,,-,,0,1,0,0,0,0,1,0,0,-,-,,,"SAN FRANCISCO","SAN FRANCISCO",-122.39874161,37.78641133
8698152,2018,2018-10-05,3801,2018-08-21,0540,2728,MISSI,2,5,7,3801,0,0,0,,0,3D3,"VALENCIA ST","HILL ST",0.00,,Y,B,E,N,,,,,,,,,,N,2,0,1,2,A,-,03,22350,,F,C,G,A,B,H,-,C,D,0,,Y,,,Y,,-,,1,0,0,0,0,0,1,0,0,-,-,,,"SAN FRANCISCO","SAN FRANCISCO",-122.42103989,37.7560999
8698151,2018,2018-10-04,3801,2018-08-14,1050,933,BAYVI,2,5,7,3801,0,0,0,,0,3C11A,"JERROLD AV","MILTON I ROSS LN",0.00,,Y,A,-,N,,,,,,,,,,N,3,0,1,2,A,-,09,21804,B,N,A,G,A,A,H,-,A,D,0,,Y,,,Y,,L,04,0,1,0,0,0,0,1,0,0,-,-,,,"SAN FRANCISCO","SAN FRANCISCO",-122.39841997,37.74376997
8698143,2018,2018-10-04,3801,2018-08-14,1020,1580,SOUTH,2,5,7,3801,0,0,0,,0,3B43,"MISSION ST","7TH ST",0.00,,Y,A,-,N,,,,,,,,,,N,4,0,1,2,A,-,08,22107,,N,C,C,A,A,H,-,A,A,0,,Y,,,Y,,L,04,0,0,1,0,0,0,1,0,0,-,-,,,"SAN FRANCISCO","SAN FRANCISCO",-122.41089991,37.7792099
8698125,2018,2018-10-26,3801,2018-08-09,1812,4187,MISSI,4,5,7,3801,0,0,0,,0,,"24TH ST","VALENCIA ST",54.00,,N,A,-,N,,,,,,,,,,,4,0,1,1,D,-,00,,,N,H,-,A,A,H,-,A,D,0,,Y,,,Y,,-,-,0,0,1,0,0,0,1,0,0,-,-,,,"SAN FRANCISCO","SAN FRANCISCO",-122.42064999,37.7521099
8698121,2018,2018-10-04,3801,2018-08-07,1210,34,CENTR,2,5,7,3801,0,0,0,,0,0A5,"THE EMBARCADERO","DON CHEE WY",0.00,,Y,A,-,N,,,,,,,,,,N,3,0,1,2,A,-,17,22517,,N,B,G,A,A,H,-,A,A,0,,Y,,,Y,,A,01,0,1,0,0,0,0,1,0,0,-,-,,,"SAN FRANCISCO","SAN FRANCISCO",-122.39325999,37.79423994
8698120,2018,2018-10-05,3801,2018-08-22,0935,821,MISSI,3,5,7,3801,0,0,0,,0,13A,"HAMPSHIRE ST","21ST ST",0.00,,Y,A,-,N,,,,,,,,,,N,3,0,1,2,A,-,17,22517,,N,H,G,A,A,H,-,A,A,0,,Y,Y,,Y,,C,02,0,1,0,0,0,0,1,0,0,-,-,,,"SAN FRANCISCO","SAN FRANCISCO",-122.4077499,37.75769995
8698112,2018,2018-10-05,3801,2018-08-19,1714,1347,MISSI,7,5,7,3801,0,0,0,,0,3D11D,"MARKET ST","DIAMOND ST",91.00,E,N,A,-,N,,,,,,,,,,Y,3,0,1,2,A,-,06,21750,,F,B,G,A,A,H,-,A,A,0,,Y,,,Y,,A,01,0,1,0,0,0,0,1,0,0,-,-,,,"SAN FRANCISCO","SAN FRANCISCO",-122.43699058,37.76194641
8698094,2018,2018-10-26,3801,2018-08-13,0815,2059,CENTR,1,5,7,3801,0,0,0,,0,3A48B,"MARKET ST","3RD ST",0.00,,Y,A,-,N,,,,,,,,,,N,4,0,1,1,A,-,-,,,N,H,G,A,A,H,-,A,A,0,,Y,,,Y,,L,04,0,0,1,0,0,0,1,0,0,-,-,,,"SAN FRANCISCO","SAN FRANCISCO",-122.40345987,37.78765989
8698092,2018,2018-10-05,3801,2018-08-16,1310,204,TENDE,4,5,7,3801,0,0,0,,0,3J53C,"MARKET ST","6TH ST",0.00,,Y,A,-,N,,,,,,,,,,Y,4,0,3,5,A,-,03,22350,,N,A,C,A,A,H,-,A,A,0,,Y,,,Y,,A,01,0,0,3,0,0,0,1,0,0,-,-,,,"SAN FRANCISCO","SAN FRANCISCO",-122.41029991,37.78223989
8698084,2018,2018-10-05,3801,2018-08-15,1602,302,,3,5,7,3801,0,0,0,,0,3E14D,BROADWAY,"PIERCE ST",0.00,,Y,A,-,N,,,,,,,,,,N,4,0,1,2,D,-,00,,,N,D,G,A,A,H,-,A,D,0,,Y,,,Y,,-,-,0,0,1,0,0,0,1,0,0,-,-,,,"SAN FRANCISCO","SAN FRANCISCO",-122.43819997,37.79385991
8697895,2018,2018-10-02,3801,2018-08-29,1810,1799,TENDE,3,5,7,3801,0,0,0,,0,3J11D,"MARKET ST","6TH ST",0.00,W,N,A,-,N,,,,,,,,,,N,4,0,1,2,A,-,12,21453,A,N,B,G,A,A,G,-,A,A,0,,Y,,,Y,,L,04,0,0,1,0,0,0,1,0,0,-,-,,,"SAN FRANCISCO","SAN FRANCISCO",-122.41029991,37.78223989
8697872,2018,2018-10-03,3801,2018-08-24,1805,1331,SOUTH,5,5,7,3801,0,0,0,,0,3B15D,"BERRY ST","4TH ST",200.00,W,N,A,-,N,,,,,,,,,,N,4,0,1,3,A,-,17,22517,,N,-,G,A,A,H,-,A,A,0,,Y,,,Y,,-,,0,0,1,0,0,0,1,0,0,-,-,,,"SAN FRANCISCO","SAN FRANCISCO",-122.39382502,37.775388
8697871,2018,2018-10-02,3801,2018-08-29,1856,1190,TARAV,3,5,7,3801,0,0,0,,0,3I13D,"MORAGA ST","23RD AV",0.00,,Y,A,-,N,,,,,,,,,,N,4,0,1,2,A,-,12,22450,A,N,D,G,A,A,H,-,A,A,0,,Y,,,Y,,L,04,0,0,1,0,0,0,1,0,0,-,-,,,"SAN FRANCISCO","SAN FRANCISCO",-122.48090994,37.75589992
8697860,2018,2018-10-03,3801,2018-08-22,0735,1540,PARK,3,5,7,3801,0,0,0,,0,3F4A,"LINCOLN WY","KEZAR DR",4.00,E,N,B,-,N,,,,,,,,,,N,4,0,1,2,A,-,10,21950,A,N,D,G,A,A,H,-,B,A,0,,Y,,,Y,,A,01,0,0,1,0,0,0,1,0,0,-,-,,,"SAN FRANCISCO","SAN FRANCISCO",-122.46055686,37.766176540000004
8693980,2018,2018-09-10,3801,2018-07-11,1030,1572,SOUTH,3,5,7,3801,0,0,0,,0,3B1A,"MAIN ST","MISSION ST",0.00,,-,A,-,N,,,,,,,,,,N,3,0,1,2,A,-,17,22517,,N,B,G,A,A,H,-,A,A,0,,Y,,,Y,,-,,0,1,0,0,0,0,1,0,0,-,-,,,"SAN FRANCISCO","SAN FRANCISCO",-122.39496995,37.79185995
8693344,2018,2018-09-26,3801,2018-07-01,1123,466,TENDE,7,5,7,3801,0,0,0,,0,002,"6TH ST","STEVENSON ST",0.00,,Y,B,-,N,,,,,,,,,,N,4,0,1,2,A,-,05,21650,,N,D,G,A,A,H,-,A,A,0,,Y,,,Y,,L,04,0,0,1,0,0,0,1,0,0,-,-,,,"SAN FRANCISCO","SAN FRANCISCO",-122.40966991,37.78176991
8693178,2018,2018-09-27,3801,2018-08-05,1152,1858,CENTR,7,5,7,3801,0,0,0,,0,3A11C,"NORTHPOINT ST","POWELL ST",0.00,,Y,A,-,N,,,,,,,,,,N,4,0,1,2,A,-,08,22107,,N,G,G,A,A,H,-,A,A,0,,Y,,,Y,,A,01,0,0,1,0,0,0,1,0,0,-,-,,,"SAN FRANCISCO","SAN FRANCISCO",,
8693169,2018,2018-09-27,3801,2018-08-03,2030,1148,MISSI,5,5,7,3801,0,0,0,,0,3D11E,"CESAR CHAVEZ ST","VALENCIA ST",0.00,,Y,A,-,N,,,,,,,,,,N,3,0,1,2,A,-,09,21801,A,F,D,G,A,A,H,-,C,A,0,,Y,,,Y,,A,01,0,1,0,0,0,0,1,0,0,-,-,,,"SAN FRANCISCO","SAN FRANCISCO",-122.42024995,37.74811995
8693153,2018,2018-09-27,3801,2018-08-03,1522,2100,RICHM,5,5,7,3801,0,0,0,,0,3G14D,"20TH AV","BALBOA ST",0.00,,Y,A,-,N,,,,,,,,,,N,2,0,1,2,A,-,12,22450,A,N,D,G,A,A,H,-,A,A,0,,Y,,,Y,,L,04,1,0,0,0,0,0,1,0,0,-,-,,,"SAN FRANCISCO","SAN FRANCISCO",-122.4791299,37.77653991
8693149,2018,2018-09-27,3801,2018-08-03,1300,1096,CENTR,5,5,7,3801,0,0,0,,0,3A60,"THE EMBARCADERO","GRANT AV",0.00,,Y,A,-,N,,,,,,,,,,N,4,0,1,2,A,-,04,21703,,F,B,G,A,A,H,-,A,A,0,,Y,,,Y,,-,,0,0,1,0,0,0,1,0,0,-,-,,,"SAN FRANCISCO","SAN FRANCISCO",-122.40907994,37.80812996
8693138,2018,2018-09-27,3801,2018-08-25,1843,529,CENRA,6,5,7,3801,0,0,0,,0,3A13C,"THE EMBARCADERO","CHESTNUT ST",100.00,N,N,A,-,N,,,,,,,,,,N,2,0,1,1,A,-,03,22350,,N,-,A,A,A,H,-,A,D,0,,Y,,,Y,Y,L,04,1,0,0,0,0,0,1,0,0,-,-,,,"SAN FRANCISCO","SAN FRANCISCO",-122.40374845,37.80527281
8693133,2018,2018-09-27,3801,2018-08-02,0820,637,SOUTH,4,5,7,3801,0,0,0,,0,3B13A,"8TH ST","BRANNAN ST",0.00,,Y,B,-,N,,,,,,,,,,N,3,0,1,2,A,-,12,21453,A,N,D,G,A,A,H,-,A,A,0,,Y,,,Y,,L,04,0,1,0,0,0,0,1,0,0,-,-,,,"SAN FRANCISCO","SAN FRANCISCO",-122.40542986,37.77128993
8690297,2018,2018-08-31,3801,2018-05-28,1305,917,BAYVI,1,5,7,3801,0,0,0,,0,4B4E,"EVANS AV","SELBY ST",141.00,E,N,A,-,N,,,,,,,,,,Y,2,0,1,2,A,-,09,21804,A,N,D,G,A,A,H,-,A,D,0,,Y,,,Y,Y,L,04,1,0,0,0,0,0,1,0,0,-,-,,,"SAN FRANCISCO","SAN FRANCISCO",-122.39399,37.74613
8688849,2018,2018-11-02,3801,2018-07-08,2247,1125,NORTH,7,5,7,3801,0,0,0,,0,3E14E,"VAN NESS AV","TURK ST",0.00,,Y,A,-,Y,SF,4,101,-,-,5.352,I,5,S,N,2,0,1,2,A,-,08,22101,D,F,D,G,A,A,H,-,C,A,0,,Y,,,Y,,A,01,1,0,0,0,0,0,1,0,0,-,-,,,"SAN FRANCISCO","SAN FRANCISCO",-122.42072848,37.78195437
8688829,2018,2018-10-18,3801,2018-07-23,0140,2179,CENTR,1,5,7,3801,0,0,0,,0,3A11E,"SACRAMENTO ST","LARKIN ST",0.00,,Y,A,-,N,,,,,,,,,,N,3,0,1,1,A,-,03,22350,,N,H,-,A,A,H,-,C,A,0,,Y,,,Y,Y,L,04,0,1,0,0,0,0,1,0,0,-,-,,,"SAN FRANCISCO","SAN FRANCISCO",-122.41923987,37.79170994
8686009,2018,2018-08-29,3801,2018-07-01,1903,2058,MISSI,7,5,7,3801,0,0,0,,0,5CAR,"S VAN NESS AV","13TH ST",80.00,S,N,A,-,N,,,,,,,,,,N,4,0,1,2,A,-,08,22107,,F,B,G,A,A,H,-,A,D,0,,Y,,,Y,,A,01,0,0,1,0,0,0,1,0,0,-,-,,,"SAN FRANCISCO","SAN FRANCISCO",-122.4178064,37.76950216
8685949,2018,2018-09-06,3801,2018-07-22,2210,1033,MISSI,7,5,7,3801,0,0,0,,0,3D16E,"VALENCIA ST","21ST ST",0.00,,Y,A,-,N,,,,,,,,,,N,3,0,1,2,A,-,09,21801,A,F,D,G,A,A,H,-,C,A,0,,Y,,,Y,,A,01,0,1,0,0,0,0,1,0,0,-,-,,,"SAN FRANCISCO","SAN FRANCISCO",-122.42109989,37.75690996
8685911,2018,2018-08-29,3801,2018-07-12,1400,2431,RICHM,4,5,7,3801,0,0,0,,0,3G12E,"THE EMBARCADERO",BROADWAY,0.00,,Y,A,-,N,,,,,,,,,,N,4,0,1,2,A,-,17,22517,,F,C,G,A,A,H,-,A,A,0,,Y,,,Y,,A,01,0,0,1,0,0,0,1,0,0,-,-,,,"SAN FRANCISCO","SAN FRANCISCO",-122.39775986,37.79917995
8685908,2018,2018-09-06,3801,2018-07-15,0131,993,SOUTH,7,5,7,3801,0,0,0,,0,3B15E,"12TH ST","HOWARD ST",0.00,,Y,-,-,N,,,,,,,,,,N,3,0,1,2,A,-,12,21453,A,N,D,G,A,A,H,-,C,A,0,,Y,,,Y,,L,04,0,1,0,0,0,0,1,0,0,-,-,,,"SAN FRANCISCO","SAN FRANCISCO",-122.41691994,37.77172994
8685907,2018,2018-08-29,3801,2018-07-14,1126,875,BAYVI,6,5,7,3801,0,0,0,,0,3C44D,"MINNESOTA ST","23RD ST",20.00,S,N,-,-,N,,,,,,,,,,N,3,0,1,1,A,-,03,22350,,N,H,-,A,A,H,-,A,A,0,,Y,,,Y,,L,04,0,1,0,0,0,0,1,0,0,-,-,,,"SAN FRANCISCO","SAN FRANCISCO",-122.38997525,37.75524519
8685904,2018,2018-09-06,3801,2018-07-31,1903,892,SOUTH,2,5,7,3801,0,0,0,,0,3B15D,"4TH ST","CHANNEL ST",47.00,N,N,A,-,N,,,,,,,,,,,3,0,1,1,A,-,03,22350,,N,E,I,A,A,H,-,A,A,0,,Y,,,Y,,L,04,0,1,0,0,0,0,1,0,0,-,-,,,"SAN FRANCISCO","SAN FRANCISCO",-122.39176113,37.77447113
8685901,2018,2018-09-06,3801,2018-07-01,1543,2204,MISSI,7,5,7,3801,0,0,0,,0,003,"19TH ST","FOLSOM ST",0.00,E,N,A,-,N,,,,,,,,,,N,3,0,2,2,A,-,06,21750,A,N,C,G,A,A,H,-,A,-,0,,Y,Y,,Y,,C,03,0,1,1,0,0,0,1,0,1,-,-,,,"SAN FRANCISCO","SAN FRANCISCO",-122.41481998,37.76048993
8685898,2018,2018-08-30,3801,2018-07-15,1449,1198,BAYVI,7,5,7,3801,0,0,0,,0,,"CEASAR CHAVEZ ST","VERMONT ST",0.00,,Y,A,-,N,,,,,,,,,,N,3,0,1,2,A,-,06,21750,A,N,A,G,A,A,H,-,A,D,0,,Y,,,Y,,L,04,0,1,0,0,0,0,1,0,0,-,-,,,"SAN FRANCISCO","SAN FRANCISCO",-122.40282996,37.74943991
8685892,2018,2018-09-06,3801,2018-07-24,1845,782,NORTH,2,5,7,3801,0,0,0,,0,,BROADWAY,"POLK ST",0.00,,Y,A,-,N,,,,,,,,,,N,4,0,1,2,A,-,08,22107,,M,H,G,A,A,H,-,A,D,0,,Y,,,Y,,A,01,0,0,1,0,0,0,1,0,0,-,-,,,"SAN FRANCISCO","SAN FRANCISCO",-122.42175989,37.79593996
8685884,2018,2018-08-30,3801,2018-07-27,1824,831,MISSI,5,5,7,3801,0,0,0,,0,3D13C,"VALENCIA ST","20TH ST",0.00,,Y,A,-,N,,,,,,,,,,N,3,0,1,2,A,-,08,22107,,F,B,G,A,A,H,-,B,A,0,,Y,,,Y,,A,01,0,1,0,0,0,0,1,0,0,-,-,,,"SAN FRANCISCO","SAN FRANCISCO",-122.42126,37.75850991