CASE_ID,ACCIDENT_YEAR,PROC_DATE,JURIS,COLLISION_DATE,COLLISION_TIME,OFFICER_ID,REPORTING_DISTRICT,DAY_OF_WEEK,CHP_SHIFT,POPULATION,CNTY_CITY_LOC,SPECIAL_COND,BEAT_TYPE,CHP_BEAT_TYPE,CITY_DIVISION_LAPD,CHP_BEAT_CLASS,BEAT_NUMBER,PRIMARY_RD,SECONDARY_RD,DISTANCE,DIRECTION,INTERSECTION,WEATHER_1,WEATHER_2,STATE_HWY_IND,CALTRANS_COUNTY,CALTRANS_DISTRICT,STATE_ROUTE,ROUTE_SUFFIX,POSTMILE_PREFIX,POSTMILE,LOCATION_TYPE,RAMP_INTERSECTION,SIDE_OF_HWY,TOW_AWAY,COLLISION_SEVERITY,NUMBER_KILLED,NUMBER_INJURED,PARTY_COUNT,PRIMARY_COLL_FACTOR,PCF_CODE_OF_VIOL,PCF_VIOL_CATEGORY,PCF_VIOLATION,PCF_VIOL_SUBSECTION,HIT_AND_RUN,TYPE_OF_COLLISION,MVIW,PED_ACTION,ROAD_SURFACE,ROAD_COND_1,ROAD_COND_2,LIGHTING,CONTROL_DEVICE,CHP_ROAD_TYPE,PEDESTRIAN_ACCIDENT,BICYCLE_ACCIDENT,MOTORCYCLE_ACCIDENT,TRUCK_ACCIDENT,NOT_PRIVATE_PROPERTY,ALCOHOL_INVOLVED,STWD_VEHTYPE_AT_FAULT,CHP_VEHTYPE_AT_FAULT,COUNT_SEVERE_INJ,COUNT_VISIBLE_INJ,COUNT_COMPLAINT_PAIN,COUNT_PED_KILLED,COUNT_PED_INJURED,COUNT_BICYCLIST_KILLED,COUNT_BICYCLIST_INJURED,COUNT_MC_KILLED,COUNT_MC_INJURED,PRIMARY_RAMP,SECONDARY_RAMP,LATITUDE,LONGITUDE,COUNTY,CITY,POINT_X,POINT_Y
8685879,2018,2018-08-29,3801,2018-07-13,0900,2456,COF,5,5,7,3801,0,0,0,,0,3F3A,"FELL ST","MASONIC AV",0.00,,Y,B,-,N,,,,,,,,,,N,3,0,1,2,A,-,05,21650,1,N,B,G,A,A,H,-,A,A,0,,Y,,,Y,,L,04,0,1,0,0,0,0,1,0,0,-,-,,,"SAN FRANCISCO","SAN FRANCISCO",-122.44591997,37.77297997
8685870,2018,2018-08-29,3801,2018-07-04,1827,1345,SOUTH,3,5,7,3801,0,0,0,,0,0B2,"4TH ST","BRYANT ST",0.00,,Y,A,-,N,,,,,,,,,,N,2,0,1,1,A,-,-,,,N,H,A,A,A,H,-,A,A,0,,Y,,,Y,,L,04,1,0,0,0,0,0,1,0,0,-,-,,,"SAN FRANCISCO","SAN FRANCISCO",-122.39806995000001,37.77957
8685868,2018,2018-08-29,3801,2018-07-26,1420,1398,NROTH,4,5,7,3801,0,0,0,,0,3E1C,"OAK ST","OCTAVIA ST",0.00,,Y,B,-,N,,,,,,,,,,N,4,0,1,2,A,-,00,22453,A,N,D,G,A,A,H,-,A,A,0,,Y,,,Y,,L,04,0,0,1,0,0,0,1,0,0,-,-,,,"SAN FRANCISCO","SAN FRANCISCO",-122.42429995,37.77479993
8685863,2018,2018-08-29,3801,2018-07-10,1347,2439,CENTR,2,5,7,3801,0,0,0,,0,3A14A,"1 JACKSON ST","DAVIS CT",0.00,,-,A,-,N,,,,,,,,,,N,4,0,1,2,A,-,17,22517,,N,H,G,A,A,H,-,A,D,0,,Y,,,Y,,A,01,0,0,1,0,0,0,1,0,0,-,-,,,"SAN FRANCISCO","SAN FRANCISCO",-122.39832998,37.79707991
8685862,2018,2018-08-29,3801,2018-07-03,1445,386,MISSI,2,5,7,3801,0,0,0,,0,3D44C,"HARRISON ST","14TH ST",0.00,,Y,A,-,N,,,,,,,,,,N,4,0,1,2,A,-,12,22450,A,N,D,G,A,A,H,-,A,D,0,,Y,,,Y,,L,04,0,0,1,0,0,0,1,0,0,-,-,,,"SAN FRANCISCO","SAN FRANCISCO",-122.41343986,37.76865989
8685861,2018,2018-09-06,3801,2018-07-22,1635,792,CENTR,7,5,7,3801,0,0,0,,0,314D,"THE EMBARCADERO",BROADWAY,0.00,,Y,A,-,N,,,,,,,,,,N,3,0,1,2,A,-,08,21717,,N,D,G,A,A,H,-,A,A,0,,Y,,,Y,,A,01,0,1,0,0,0,0,1,0,0,-,-,,,"SAN FRANCISCO","SAN FRANCISCO",-122.39775986,37.79917995
8685860,2018,2018-08-30,3801,2018-07-25,1817,2321,BAYVI,3,5,7,3801,0,0,0,,0,3C15D,"KEITH ST","UNDERWOOD AV",113.00,N,N,A,-,N,,,,,,,,,,N,3,0,1,2,A,-,11,21954,A,N,D,G,A,A,H,-,A,D,0,,Y,,,Y,,L,04,0,1,0,0,0,0,1,0,0,-,-,,,"SAN FRANCISCO","SAN FRANCISCO",-122.3897669,37.72897918
8685848,2018,2018-08-30,3801,2018-07-22,1205,933,BAYVI,7,5,7,3801,0,0,0,,0,3C11A,"BAYSHORE BL","HELENA ST",0.00,,-,A,-,N,,,,,,,,,,N,3,0,1,2,A,-,08,22107,,N,B,G,A,A,H,-,A,D,0,,Y,,,Y,,A,01,0,1,0,0,0,0,1,0,0,-,-,,,"SAN FRANCISCO","SAN FRANCISCO",-122.40675998,37.73634992
8685844,2018,2018-08-30,3801,2018-07-15,1921,1033,MISIS,7,5,7,3801,0,0,0,,0,3D14E,"16TH ST","CAPP ST",0.00,,Y,A,-,N,,,,,,,,,,N,4,0,1,2,A,-,08,22107,,F,B,G,A,A,H,-,A,A,0,,Y,,,Y,,A,01,0,0,1,0,0,0,1,0,0,-,-,,,"SAN FRANCISCO","SAN FRANCISCO",-122.41869990000001,37.76509989
8685841,2018,2018-09-06,3801,2018-07-12,1051,432,MISSI,4,5,7,3801,0,0,0,,0,3D11A,"GUERRERO ST","15TH ST",0.00,,Y,A,-,N,,,,,,,,,,N,4,0,1,2,A,-,07,21658,A,N,B,G,A,A,H,-,A,A,0,,Y,,,Y,,A,01,0,0,1,0,0,0,1,0,0,-,-,,,"SAN FRANCISCO","SAN FRANCISCO",-122.42423995,37.76639994
8685827,2018,2018-08-30,3801,2018-06-26,1326,2704,PARK,2,5,7,3801,0,0,0,,0,"3 CAR","OAK ST","STANYAN ST",15.00,E,N,A,-,N,,,,,,,,,,N,4,0,1,2,A,-,09,21804,,N,D,G,A,A,H,-,A,A,0,,Y,,,Y,,L,04,0,0,1,0,0,0,1,0,0,-,-,,,"SAN FRANCISCO","SAN FRANCISCO",-122.45391404,37.77136915
8685749,2018,2018-08-31,3801,2018-06-07,1400,211,SOUTH,4,5,7,3801,0,0,0,,0,001,"MISSION ST","MAIN ST",130.00,E,N,A,-,N,,,,,,,,,,N,4,0,1,2,A,-,03,22350,,N,-,G,A,A,H,-,A,D,0,,Y,,,Y,,L,04,0,0,1,0,0,0,1,0,0,-,-,,,"SAN FRANCISCO","SAN FRANCISCO",-122.39464758,37.79210915
8685734,2018,2018-09-04,3801,2018-07-16,0930,1102,PARK,1,5,7,3801,0,0,0,,0,0F3,"GOLDEN GATE AV","ANNAPOLIS TER",70.00,W,N,A,-,N,,,,,,,,,,N,3,0,1,2,A,-,06,21755,A,N,B,G,A,A,H,-,A,D,0,,Y,,,Y,,L,04,0,1,0,0,0,0,1,0,0,-,-,,,"SAN FRANCISCO","SAN FRANCISCO",-122.44803907,37.77751882
8685726,2018,2018-09-04,3801,2018-07-24,1745,2095,MISSI,2,5,7,3801,0,0,0,,0,901,"VALENCIA ST","BROSNAN ST",22.00,N,N,A,-,N,,,,,,,,,,N,3,0,1,2,A,-,08,22107,,N,D,G,A,A,H,-,A,D,0,,Y,,,Y,,D,22,0,1,0,0,0,0,1,0,0,-,-,,,"SAN FRANCISCO","SAN FRANCISCO",-122.42225708,37.76883018
8685706,2018,2018-09-04,3801,2018-07-29,1845,412,SOUTH,7,5,7,3801,0,0,0,,0,3B12D,"11TH ST","HARRISON ST",90.00,N,N,A,-,N,,,,,,,,,,N,4,0,1,3,A,-,08,22107,,M,B,G,A,A,H,-,A,D,0,,Y,,,Y,,A,01,0,0,1,0,0,0,1,0,0,-,-,,,"SAN FRANCISCO","SAN FRANCISCO",-122.41268777,37.77080677
8684238,2018,2018-09-05,3801,2018-07-13,2345,615,MISSI,5,5,7,3801,0,0,0,,0,3D11D,"VALENCIA ST","17TH ST",0.00,,Y,A,-,N,,,,,,,,,,N,3,0,1,2,A,-,06,21750,A,F,B,G,A,A,H,-,C,A,0,,Y,,,Y,Y,-,,0,1,0,0,0,0,1,0,0,-,-,,,"SAN FRANCISCO","SAN FRANCISCO",-122.42173997,37.76329993
8683829,2018,2018-09-05,3801,2018-07-09,1245,642,SOUTH,1,5,7,3801,0,0,0,,0,003,"6TH ST","HOWARD ST",0.00,,Y,A,-,N,,,,,,,,,,N,4,0,1,2,A,-,06,21755,A,F,B,G,A,A,H,-,A,A,0,,Y,,,Y,,L,04,0,0,1,0,0,0,1,0,0,-,-,,,"SAN FRANCISCO","SAN FRANCISCO",-122.40713988,37.77974995
8683822,2018,2018-08-28,3801,2018-07-31,2153,882,TENDE,2,5,7,3801,0,0,0,,0,3J13E,"GOLDEN GATE AV","HYDE ST",12.00,W,N,B,-,N,,,,,,,,,,N,3,0,1,2,A,-,17,21657,,N,A,G,A,A,H,-,C,D,0,,Y,,,Y,,L,04,0,1,0,0,0,0,1,0,0,-,-,,,"SAN FRANCISCO","SAN FRANCISCO",-122.41554101,37.78164478
8683814,2018,2018-08-28,3801,2018-07-30,1752,274,RICHM,1,5,7,3801,0,0,0,,0,3G2C,"JOHN F KENNEDY DR","36TH AV",30.00,W,N,A,-,N,,,,,,,,,,N,3,0,1,2,A,-,17,22517,,N,B,G,A,A,H,-,A,D,0,,Y,,,Y,,A,01,0,1,0,0,0,0,1,0,0,-,-,,,"SAN FRANCISCO","SAN FRANCISCO",-122.49535251,37.7698642
8683806,2018,2018-08-28,3801,2018-07-07,2320,1481,SOUTH,6,5,7,3801,0,0,0,,0,3B13E,"MISSION ST","8TH ST",0.00,,N,A,-,N,,,,,,,,,,N,3,0,1,2,A,-,08,22107,,F,D,G,A,A,H,-,C,A,0,,Y,,,Y,,A,01,0,1,0,0,0,0,1,0,0,-,-,,,"SAN FRANCISCO","SAN FRANCISCO",-122.41315999,37.77745997
8683802,2018,2018-08-28,3801,2018-07-07,0835,924,MISSI,6,5,7,3801,0,0,0,,0,3D11A,"SANCHEZ ST","MARKET ST",0.00,,Y,A,-,N,,,,,,,,,,N,4,0,1,2,A,-,09,21801,A,N,A,G,A,A,H,-,A,A,0,,Y,,,Y,,A,01,0,0,1,0,0,0,1,0,0,-,-,,,"SAN FRANCISCO","SAN FRANCISCO",-122.4310099,37.76597991
8683798,2018,2018-08-28,3801,2018-07-06,1835,2132,MISSI,5,5,7,3801,0,0,0,,0,3D65,"MISSION ST","16TH ST",100.00,S,N,A,-,N,,,,,,,,,,N,4,0,1,2,A,-,06,21760,C,N,B,G,A,A,H,-,A,A,0,,Y,,,Y,,A,01,0,0,1,0,0,0,1,0,0,-,-,,,"SAN FRANCISCO","SAN FRANCISCO",-122.41964148,37.76477622
8683797,2018,2018-09-05,3801,2018-07-13,2007,1883,TENDE,5,5,7,3801,0,0,0,,0,001,"STEVENSON ST","7TH ST",144.00,W,N,A,-,N,,,,,,,,,,N,4,0,1,2,A,-,03,22350,,N,A,B,A,A,H,-,B,D,0,,Y,,,Y,,L,04,0,0,1,0,0,0,1,0,0,-,-,,,"SAN FRANCISCO","SAN FRANCISCO",-122.41225141,37.77971759
8683785,2018,2018-09-06,3801,2018-07-15,1513,4374,BAYVI,7,5,7,3801,0,0,0,,0,3C13C,"INGALLS ST","HARBOR RD",0.00,,Y,A,-,N,,,,,,,,,,N,4,0,1,2,A,-,03,22350,,N,D,G,A,A,H,-,A,D,0,,Y,,,Y,,L,04,0,0,1,0,0,0,1,0,0,-,-,,,"SAN FRANCISCO","SAN FRANCISCO",-122.37992993,37.7334099
8683774,2018,2018-08-28,3801,2018-07-09,0700,827,MISSI,1,5,7,3801,0,0,0,,0,3D15A,"UTAH ST","17TH ST",0.00,,Y,A,-,N,,,,,,,,,,N,4,0,1,2,A,-,10,21950,A,N,B,G,A,A,H,-,A,A,0,,Y,,,Y,,A,01,0,0,1,0,0,0,1,0,0,-,-,,,"SAN FRANCISCO","SAN FRANCISCO",-122.40642986,37.7645499
8683759,2018,2018-08-31,3801,2018-07-16,1741,001460,SOUTH,1,5,7,3801,0,0,0,,0,3B5C,"HENRY ADAMS","DIVISION ST",60.00,W,N,A,-,N,,,,,,,,,,N,3,0,1,2,A,-,08,22102,,N,D,-,A,A,H,-,A,D,0,,Y,,,Y,,A,01,0,1,0,0,0,0,1,0,0,-,-,,,"SAN FRANCISCO","SAN FRANCISCO",,
8683751,2018,2018-08-31,3801,2018-07-19,1300,A22708,MISSI,4,5,7,3801,0,0,0,,0,3D16C,"14TH ST","SHOTWELL ST",33.00,E,N,A,-,N,,,,,,,,,,Y,4,0,1,2,A,-,08,22107,,N,A,G,A,A,H,-,A,D,0,,Y,,,Y,,A,01,0,0,1,0,0,0,1,0,0,-,-,,,"SAN FRANCISCO","SAN FRANCISCO",-122.41659607,37.76848621
8683747,2018,2018-08-31,3801,2018-07-19,1610,390,,4,5,7,3801,0,0,0,,0,004,"DUBOCE ST","CASTRO ST",27.00,E,N,A,-,N,,,,,,,,,,N,3,0,1,1,B,-,22,,,N,F,A,A,A,H,-,A,A,0,,Y,,,Y,,L,04,0,1,0,0,0,0,1,0,0,-,-,,,"SAN FRANCISCO","SAN FRANCISCO",-122.43572691,37.76905642
8683727,2018,2018-08-31,3801,2018-07-21,1545,839,SOUTH,6,5,7,3801,0,0,0,,0,0B1,"3RD ST","BERRY ST",0.00,,Y,A,-,N,,,,,,,,,,N,3,0,1,2,A,-,00,21650,D,N,D,G,A,A,H,-,A,A,0,,Y,,,Y,,L,04,0,1,0,0,0,0,1,0,0,-,-,,,"SAN FRANCISCO","SAN FRANCISCO",-122.39110987,37.77752991
8683716,2018,2018-08-29,3801,2018-07-13,2025,2473,TENDE,5,5,7,3801,0,0,0,,0,3J11D,"MARKET ST","HYDE ST",139.00,E,N,B,-,N,,,,,,,,,,N,4,0,1,1,A,-,03,22350,,N,F,-,A,A,H,-,C,D,0,,Y,,,Y,,L,04,0,0,1,0,0,0,1,0,0,-,-,,,"SAN FRANCISCO","SAN FRANCISCO",-122.41441487,37.77897604
8683700,2018,2018-08-29,3801,2018-07-17,1840,2209,3801,2,5,7,3801,0,0,0,,0,3D15C,"S VAN NESS AV","ADAIR ST",0.00,,Y,A,-,N,,,,,,,,,,Y,4,0,1,2,A,-,17,22517,,N,-,G,A,A,-,-,A,D,0,,Y,,,Y,,A,01,0,0,1,0,0,0,1,0,0,-,-,,,"SAN FRANCISCO","SAN FRANCISCO",-122.41754994,37.76574988
8683696,2018,2018-08-29,3801,2018-07-12,1413,2108,TENDE,4,5,7,3801,0,0,0,,0,3J51D,"MARKET ST","OFARRELL ST",70.00,W,N,A,-,N,,,,,,,,,,N,4,0,1,1,A,-,03,22350,,N,E,J,A,A,H,-,A,A,0,,Y,,,Y,,L,04,0,0,1,0,0,0,1,0,0,-,-,,,"SAN FRANCISCO","SAN FRANCISCO",,
8683691,2018,2018-08-31,3801,2018-07-20,1847,1817,CENTR,5,5,7,3801,0,0,0,,0,3A13D,"NORTH POINT ST","JONES ST",156.00,E,N,A,-,N,,,,,,,,,,N,3,0,1,2,A,-,05,21651,,N,G,G,A,A,H,-,A,D,0,,Y,,,Y,,-,,0,1,0,0,0,0,1,0,0,-,-,,,"SAN FRANCISCO","SAN FRANCISCO",-122.41656658,37.80621738
8683687,2018,2018-08-31,3801,2018-07-23,0855,A22887,CENTR,1,5,7,3801,0,0,0,,0,3A12A,"MONTGOMERY ST","SUTTER ST",25.00,S,N,A,-,N,,,,,,,,,,N,2,0,1,3,A,-,17,22517,,N,B,G,A,A,H,-,A,D,0,,Y,,,Y,,-,,1,0,0,0,0,0,1,0,0,-,-,,,"SAN FRANCISCO","SAN FRANCISCO",-122.40215672,37.78994213
8683360,2018,2018-08-30,3801,2018-07-10,1629,2300,TENDE,2,5,7,3801,0,0,0,,0,3J11D,"MARKET ST","11TH ST",30.00,E,N,A,G,N,,,,,,,,,,N,4,0,1,2,A,-,08,22107,,N,A,G,A,A,H,-,A,D,0,,Y,,,Y,,L,04,0,0,1,0,0,0,1,0,0,-,-,,,"SAN FRANCISCO","SAN FRANCISCO",-122.41862644,37.77565816
8683348,2018,2018-09-18,3801,2018-07-10,0729,2214,MISSI,2,5,7,3801,0,0,0,,0,3D15A,"19TH ST","HAMPSHIRE ST",0.00,,Y,A,-,N,,,,,,,,,,N,3,0,1,2,A,-,12,22450,A,N,D,J,A,A,H,-,A,D,0,,Y,,,Y,,L,04,0,1,0,0,0,0,1,0,0,-,-,,,"SAN FRANCISCO","SAN FRANCISCO",-122.40804989,37.76060998
8683344,2018,2018-10-16,3801,2018-07-10,0940,20952,SOUTH,2,5,7,3801,0,0,0,,0,,"FOLSOM ST","SHERMAN ST",0.00,,Y,A,-,N,,,,,,,,,,N,3,0,1,2,A,-,08,22107,,N,D,G,A,A,H,-,A,D,0,,Y,,,Y,,D,22,0,1,0,0,0,0,1,0,0,-,-,,,"SAN FRANCISCO","SAN FRANCISCO",-122.40701986,37.77740992
8673732,2018,2018-10-17,3801,2018-06-23,2140,1096,MISSI,6,5,7,3801,0,0,0,,0,3D13E,"VALENCIA ST","20TH ST",0.00,,Y,A,-,N,,,,,,,,,,N,4,0,1,2,A,-,12,21453,A,N,D,G,A,A,H,-,C,A,0,,Y,,,Y,,L,04,0,0,1,0,0,0,1,0,0,-,-,,,"SAN FRANCISCO","SAN FRANCISCO",-122.42126,37.75850991
8667572,2018,2018-07-27,3801,2018-06-29,2151,1347,MISSI,5,5,7,3801,0,0,0,,0,3D13E,"POTRERO AV","24TH ST",0.00,,Y,A,-,N,,,,,,,,,,N,4,0,1,2,B,-,22,,,N,D,G,A,A,H,-,C,D,0,,Y,,,Y,,L,04,0,0,1,0,0,0,1,0,0,-,-,,,"SAN FRANCISCO","SAN FRANCISCO",-122.4063199,37.75298991
8667518,2018,2018-07-23,3801,2018-06-22,0738,2439,CENTR,5,5,7,3801,0,0,0,,0,3A15A,"MARKET ST","SUTTER ST",55.00,W,N,A,-,N,,,,,,,,,,N,2,0,1,1,-,-,-,,,N,H,A,A,A,H,-,A,D,0,,Y,,,Y,,-,-,1,0,0,0,0,0,1,0,0,-,-,,,"SAN FRANCISCO","SAN FRANCISCO",-122.40027362,37.79019237
8667504,2018,2018-07-25,3801,2018-06-28,1452,642,SOUTH,4,5,7,3801,0,0,0,,0,002,"HOWARD ST","4TH ST",210.00,W,N,A,-,N,,,,,,,,,,N,3,0,2,2,A,-,11,21955,,N,G,B,D,A,H,-,A,A,0,Y,Y,,,Y,,N,60,0,1,1,0,1,0,1,0,0,-,-,,,"SAN FRANCISCO","SAN FRANCISCO",-122.40321543,37.78286322
8667502,2018,2018-07-23,3801,2018-06-22,1400,2439,CENTR,5,5,7,3801,0,0,0,,0,3A15A,"MARKET ST","MONTGOMERY ST",0.00,,Y,A,-,N,,,,,,,,,,N,4,0,1,2,A,-,10,21950,C,F,D,G,A,A,H,-,A,A,0,,Y,,,Y,,A,01,0,0,1,0,0,0,1,0,0,-,-,,,"SAN FRANCISCO","SAN FRANCISCO",-122.40198992,37.7887699
8667484,2018,2018-07-25,3801,2018-06-27,1255,244,NORTH,3,5,7,3801,0,0,0,,0,3E1C,"LAGUNA ST","NORTH POINT LOBOS ST",115.00,N,N,A,-,N,,,,,,,,,,N,3,0,1,2,A,-,03,22350,,N,C,G,A,-,H,-,A,A,0,,Y,,,Y,,L,04,0,1,0,0,0,0,1,0,0,-,-,,,"SAN FRANCISCO","SAN FRANCISCO",,
8667483,2018,2018-07-24,3801,2018-06-22,1610,2374,INGLE,5,5,7,3801,0,0,0,,0,0H2,"SAN JOSE AV","RANDALL ST",0.00,,Y,A,-,N,,,,,,,,,,N,3,0,1,2,A,-,08,22107,,N,B,G,A,A,H,-,A,A,0,,Y,,,Y,,A,01,0,1,0,0,0,0,1,0,0,-,-,,,"SAN FRANCISCO","SAN FRANCISCO",-122.42425994,37.73985991
8667472,2018,2018-08-06,3801,2018-06-20,1602,472,NORTH,3,5,7,3801,0,0,0,,0,3E60,"GOUGH ST","EDDY ST",0.00,,Y,A,-,N,,,,,,,,,,N,4,0,1,2,A,-,09,21804,A,N,B,G,A,A,H,-,A,A,0,,Y,,,Y,,L,04,0,0,1,0,0,0,1,0,0,-,-,,,"SAN FRANCISCO","SAN FRANCISCO",-122.42411988,37.78246994
8667448,2018,2018-07-25,3801,2018-06-15,1625,A23075,SOUTH,5,5,7,3801,0,0,0,,0,3B14C,"TOWNSEND ST","KING ST",0.00,,Y,A,-,N,,,,,,,,,,N,3,0,1,2,A,-,05,21202,,N,B,G,A,A,G,-,A,A,0,,Y,,,Y,,L,04,0,1,0,0,0,0,1,0,0,-,-,,,"SAN FRANCISCO","SAN FRANCISCO",,
8667433,2018,2018-07-23,3801,2018-06-24,1807,1118,TENDE,7,5,7,3801,0,0,0,,0,3J12D,"MARKET ST","5TH ST",35.00,E,N,A,-,N,,,,,,,,,,N,3,0,1,1,A,-,03,22350,,N,-,J,A,D,G,-,A,D,0,,Y,,,Y,,L,04,0,1,0,0,0,0,1,0,0,-,-,,,"SAN FRANCISCO","SAN FRANCISCO",-122.40797309,37.78406699
8667429,2018,2018-08-06,3801,2018-06-12,1813,1279,BAYVI,2,5,7,3801,0,0,0,,0,3C11D,"3RD ST","22ND ST",0.00,,Y,A,-,N,,,,,,,,,,Y,4,0,1,2,A,-,08,22107,,N,B,G,A,A,H,-,A,A,0,,Y,,,Y,,A,01,0,0,1,0,0,0,1,0,0,-,-,,,"SAN FRANCISCO","SAN FRANCISCO",-122.38842988,37.75794994
8667426,2018,2018-07-27,3801,2018-06-01,1005,859,BAYVI,5,5,7,3801,0,0,0,,0,03C,"INDIANA ST","25TH ST",0.00,,Y,A,-,N,,,,,,,,,,N,4,0,1,2,A,-,08,22107,,M,D,G,A,A,H,-,A,A,0,,Y,,,Y,,A,01,0,0,1,0,0,0,1,0,0,-,-,,,"SAN FRANCISCO","SAN FRANCISCO",-122.39068996,37.75267989
8667385,2018,2018-07-23,3801,2018-06-09,2027,685,NORTH,6,5,7,3801,0,0,0,,0,3E14D,"GROVE ST","FRANKLIN ST",30.00,W,N,A,-,N,,,,,,,,,,N,3,0,1,2,A,-,08,22102,,N,H,G,A,A,H,-,A,A,0,,Y,,,Y,,A,01,0,1,0,0,0,0,1,0,0,-,-,,,"SAN FRANCISCO","SAN FRANCISCO",-122.42162247,37.7780067
8667381,2018,2018-07-23,3801,2018-06-06,0911,1288,NORTH,3,5,7,3801,0,0,0,,0,3E14A,"VAN NESS AV",GROVE,13.00,E,N,A,-,N,,,,,,,,,,Y,4,0,1,2,A,-,03,22350,A,N,B,G,A,A,H,-,A,D,0,,Y,,,Y,,L,04,0,0,1,0,0,0,1,0,0,-,-,,,"SAN FRANCISCO","SAN FRANCISCO",-122.41995226,37.77821482
8667365,2018,2018-07-23,3801,2018-06-11,1013,183,TENDE,1,5,7,3801,0,0,0,,0,3J13A,"MARKET ST","9TH ST",0.00,,Y,A,-,N,,,,,,,,,,N,3,0,1,2,A,-,08,22107,,F,B,G,A,A,H,-,A,D,0,,Y,,,Y,,A,01,0,1,0,0,0,0,1,0,0,-,-,,,"SAN FRANCISCO","SAN FRANCISCO",-122.41632995,37.77749993
8666881,2017,2018-07-20,3801,2017-12-05,1230,1165,,2,5,7,3801,0,0,0,,0,3E13A,"POLK ST","TURK ST",0.00,,Y,A,-,N,,,,,,,,,,N,3,0,1,2,A,-,08,22107,,N,B,J,A,A,H,-,A,A,0,,Y,,,Y,,A,01,0,1,0,0,0,0,1,0,0,-,-,,,"SAN FRANCISCO","SAN FRANCISCO",-122.41899994,37.78216997
8664167,2018,2018-07-24,3801,2018-05-10,0630,2286,TRAFF,4,5,7,3801,0,0,0,,0,4B1E,"LYELL ST","CAYUGA AV",0.00,,Y,A,-,N,,,,,,,,,,N,3,0,1,2,A,-,09,21802,A,N,H,G,A,A,H,-,A,A,0,,Y,,,Y,,-,-,0,1,0,0,0,0,1,0,0,-,-,,,"SAN FRANCISCO","SAN FRANCISCO",-122.4314199,37.73102996
8663912,2018,2018-07-23,3801,2018-05-07,1105,A22887,CENTR,1,5,7,3801,0,0,0,,0,3A12A,"COLUMBIA ST","WASHINGTON ST",0.00,,Y,-,-,N,,,,,,,,,,N,3,0,1,2,A,-,08,22107,,N,-,-,A,-,-,-,-,-,0,,Y,,,Y,,A,01,0,1,0,0,0,0,1,0,0,-,-,,,"SAN FRANCISCO","SAN FRANCISCO",-122.40329986,37.7955299
8663908,2018,2018-07-23,3801,2018-05-26,1550,1148,,6,5,7,3801,0,0,0,,0,,"8TH ST","TEHAMA ST",0.00,,Y,A,-,N,,,,,,,,,,N,3,0,1,2,A,-,08,22107,,N,D,G,A,A,H,-,A,A,0,,Y,,,Y,,A,01,0,1,0,0,0,0,1,0,0,-,-,,,"SAN FRANCISCO","SAN FRANCISCO",-122.41106988,37.7758099
8663329,2018,2018-07-17,3801,2018-05-21,1002,351,TRA,1,5,7,3801,0,0,0,,0,,"TOWNSEND ST","LUSK ST",0.00,,Y,A,-,N,,,,,,,,,,N,4,0,1,2,A,-,09,21801,A,N,D,G,A,A,H,-,A,A,0,,Y,,,Y,,A,08,0,0,1,0,0,0,1,0,0,-,-,,,"SAN FRANCISCO","SAN FRANCISCO",-122.39389995,37.77794993
8662384,2018,2018-08-09,3801,2018-06-04,1305,942,TARAV,1,5,7,3801,0,0,0,,0,3I16A,"EUCALYPTUS DR","MIDDLEFIELD DR",33.00,E,N,A,-,N,,,,,,,,,,N,4,0,1,2,A,-,09,21804,A,N,D,G,A,A,H,-,A,A,0,,Y,,,Y,,L,04,0,0,1,0,0,0,1,0,0,-,-,,,"SAN FRANCISCO","SAN FRANCISCO",-122.48606642,37.73089903
8662316,2018,2019-07-22,3801,2018-06-27,1613,4119,CENTR,3,5,7,3801,0,0,0,,0,4B3J,"EMBARCADERO ST",SAMSOME,0.00,,Y,A,-,N,,,,,,,,,,Y,1,1,3,3,A,-,03,22350,,N,C,J,A,A,H,-,A,A,0,,Y,,,Y,,A,01,0,0,3,0,0,1,3,0,0,-,-,,,"SAN FRANCISCO","SAN FRANCISCO",,
8661268,2018,2018-07-30,3801,2018-06-13,0853,4125,MISSI,3,5,7,3801,0,0,0,,0,3D11A,"POTRERO AV","16TH ST",0.00,,Y,A,-,N,,,,,,,,,,N,4,0,1,2,A,-,12,21453,A,N,D,G,A,A,H,-,A,A,0,,Y,,,Y,,L,04,0,0,1,0,0,0,1,0,0,-,-,,,"SAN FRANCISCO","SAN FRANCISCO",-122.40755998,37.76576993
8661228,2018,2018-07-27,3801,2018-06-21,2151,882,TENDE,4,5,7,3801,0,0,0,,0,3J11E,"MARKET ST","7TH ST",190.00,W,N,A,-,N,,,,,,,,,,N,4,0,1,2,-,-,-,,,N,H,A,A,A,H,-,C,D,0,,Y,,,Y,,-,-,0,0,1,0,0,0,1,0,0,-,-,,,"SAN FRANCISCO","SAN FRANCISCO",-122.41297561,37.78011139