CASE_ID,ACCIDENT_YEAR,PROC_DATE,JURIS,COLLISION_DATE,COLLISION_TIME,OFFICER_ID,REPORTING_DISTRICT,DAY_OF_WEEK,CHP_SHIFT,POPULATION,CNTY_CITY_LOC,SPECIAL_COND,BEAT_TYPE,CHP_BEAT_TYPE,CITY_DIVISION_LAPD,CHP_BEAT_CLASS,BEAT_NUMBER,PRIMARY_RD,SECONDARY_RD,DISTANCE,DIRECTION,INTERSECTION,WEATHER_1,WEATHER_2,STATE_HWY_IND,CALTRANS_COUNTY,CALTRANS_DISTRICT,STATE_ROUTE,ROUTE_SUFFIX,POSTMILE_PREFIX,POSTMILE,LOCATION_TYPE,RAMP_INTERSECTION,SIDE_OF_HWY,TOW_AWAY,COLLISION_SEVERITY,NUMBER_KILLED,NUMBER_INJURED,PARTY_COUNT,PRIMARY_COLL_FACTOR,PCF_CODE_OF_VIOL,PCF_VIOL_CATEGORY,PCF_VIOLATION,PCF_VIOL_SUBSECTION,HIT_AND_RUN,TYPE_OF_COLLISION,MVIW,PED_ACTION,ROAD_SURFACE,ROAD_COND_1,ROAD_COND_2,LIGHTING,CONTROL_DEVICE,CHP_ROAD_TYPE,PEDESTRIAN_ACCIDENT,BICYCLE_ACCIDENT,MOTORCYCLE_ACCIDENT,TRUCK_ACCIDENT,NOT_PRIVATE_PROPERTY,ALCOHOL_INVOLVED,STWD_VEHTYPE_AT_FAULT,CHP_VEHTYPE_AT_FAULT,COUNT_SEVERE_INJ,COUNT_VISIBLE_INJ,COUNT_COMPLAINT_PAIN,COUNT_PED_KILLED,COUNT_PED_INJURED,COUNT_BICYCLIST_KILLED,COUNT_BICYCLIST_INJURED,COUNT_MC_KILLED,COUNT_MC_INJURED,PRIMARY_RAMP,SECONDARY_RAMP,LATITUDE,LONGITUDE,COUNTY,CITY,POINT_X,POINT_Y
8661223,2018,2018-07-27,3801,2018-06-01,0931,308,SOUTH,5,5,7,3801,0,0,0,,0,3B13B,"TERRY A FRANCOIS BL","MISSION ROCK ST",0.00,,Y,A,-,N,,,,,,,,,,N,3,0,1,2,A,-,08,22107,,N,B,G,A,A,H,-,A,D,0,,Y,,,Y,,D,22,0,1,0,0,0,0,1,0,0,-,-,,,"SAN FRANCISCO","SAN FRANCISCO",-122.38728991,37.77308996
8661220,2018,2018-07-30,3801,2018-06-18,0909,1976,INGLE,1,5,7,3801,0,0,0,,0,3H1A,"VALENCIA ST","DOUGLASS ST",203.00,N,N,A,-,N,,,,,,,,,,N,4,0,1,2,A,-,03,22350,,N,E,I,A,A,H,-,A,D,0,,Y,,Y,Y,,L,04,0,0,1,0,0,0,1,0,0,-,-,,,"SAN FRANCISCO","SAN FRANCISCO",,
8656390,2018,2018-07-27,3801,2018-06-14,1742,185,SOUTH,4,5,7,3801,0,0,0,,0,3B5D,"MAIN ST","HARRISON ST",0.00,,Y,A,-,N,,,,,,,,,,N,4,0,1,2,A,-,12,21453,A,N,D,G,A,A,H,-,A,A,0,,Y,,,Y,,L,04,0,0,1,0,0,0,1,0,0,-,-,,,"SAN FRANCISCO","SAN FRANCISCO",-122.39031995,37.7881499
8656370,2018,2018-07-27,3801,2018-06-12,1100,2439,CENTR,2,5,7,3801,0,0,0,,0,3A15A,"CLAY ST","BATTERY ST",150.00,W,N,A,-,N,,,,,,,,,,N,4,0,1,2,A,-,05,21650,1,M,D,G,A,A,H,-,A,D,0,,Y,,,Y,,L,04,0,0,1,0,0,0,1,0,0,-,-,,,"SAN FRANCISCO","SAN FRANCISCO",-122.40086306,37.79493644
8656354,2018,2018-07-27,3801,2018-06-13,1900,4360,BAYVI,3,5,7,3801,0,0,0,,0,001,"TENNESSEE ST","22ND ST",112.00,S,N,F,-,N,,,,,,,,,,N,3,0,1,2,D,-,00,,,N,H,G,A,A,H,-,B,D,0,,Y,,,Y,,-,-,0,1,0,0,0,0,1,0,0,-,-,,,"SAN FRANCISCO","SAN FRANCISCO",-122.38921706,37.75758343
8656350,2018,2018-07-27,3801,2018-06-14,1212,614,SOUTH,4,5,7,3801,0,0,0,,0,0B4,"MARKET ST","ELGIN PARK",36.00,W,N,A,-,N,,,,,,,,,,N,3,0,1,2,A,-,00,22110,A,N,H,A,A,A,H,-,A,D,0,,Y,,,Y,,A,01,0,1,0,0,0,0,1,0,0,-,-,,,"SAN FRANCISCO","SAN FRANCISCO",-122.42389775,37.7715298
8656314,2018,2018-07-25,3801,2018-06-09,1517,875,BAYVI,6,5,7,3801,0,0,0,,0,3C13C,"TENNESSEE ST","MARIPOSA ST",0.00,,Y,A,-,N,,,,,,,,,,N,3,0,1,2,A,-,09,21802,A,N,D,G,A,A,-,-,A,A,0,,Y,,,Y,Y,A,01,0,1,0,0,0,0,1,0,0,-,-,,,"SAN FRANCISCO","SAN FRANCISCO",-122.38986992,37.76426993
8656295,2018,2018-07-26,3801,2018-06-04,0930,2337,INGLE,1,5,7,3801,0,0,0,,0,3H11A,"MISSION ST","WHITTIER ST",0.00,,Y,A,-,N,,,,,,,,,,N,4,0,1,2,A,-,03,22350,,N,D,J,A,A,H,-,A,D,0,,Y,,,Y,,L,04,0,0,1,0,0,0,1,0,0,-,-,,,"SAN FRANCISCO","SAN FRANCISCO",-122.44836997,37.71034996
8656290,2018,2018-07-25,3801,2018-06-04,1824,417,SOUTH,1,5,7,3801,0,0,0,,0,3B15D,"KING ST","4TH ST",350.00,E,N,A,G,N,,,,,,,,,,N,3,0,1,3,A,-,17,22517,,N,B,G,A,A,H,-,A,A,0,,Y,,,Y,Y,A,07,0,1,0,0,0,0,1,0,0,-,-,,,"SAN FRANCISCO","SAN FRANCISCO",-122.39330546,37.77711929
8656284,2018,2018-08-27,3801,2018-06-30,1405,1628,RICHM,6,5,7,3801,0,0,0,,0,3G2A,"GEARY BL","PARKER AV",0.00,,Y,A,-,N,,,,,,,,,,N,4,0,1,2,A,-,17,22517,,N,H,G,A,A,H,-,A,-,0,,Y,,,Y,,A,01,0,0,1,0,0,0,1,0,0,-,-,,,"SAN FRANCISCO","SAN FRANCISCO",-122.45415997,37.78165997
8656282,2018,2018-07-25,3801,2018-06-13,1905,2708,RICHM,3,5,7,3801,0,0,0,,0,3G15D,"EL CAMINO DEL MAR","28TH AV",0.00,,Y,A,-,N,,,,,,,,,,N,4,0,1,2,A,-,09,21801,A,N,D,G,A,A,H,-,A,-,0,,Y,,,Y,,A,01,0,0,1,0,0,0,1,0,0,-,-,,,"SAN FRANCISCO","SAN FRANCISCO",-122.4884199,37.78762991
8656279,2018,2018-07-26,3801,2018-06-05,0712,4125,MISSI,2,5,7,3801,0,0,0,,0,3D15A,"16TH ST","SAN BRUNO AV",45.00,W,N,A,-,N,,,,,,,,,,,3,0,1,2,A,-,08,22107,,N,B,G,A,A,H,-,A,D,0,,Y,,,Y,,L,04,0,1,0,0,0,0,1,0,0,-,-,,,"SAN FRANCISCO","SAN FRANCISCO",-122.4057254,37.76588207
8656273,2018,2019-01-08,3801,2018-06-21,1153,244,2,4,5,7,3801,0,0,0,,0,001,"OCTAVIA ST","HAIGHT ST",0.00,,Y,A,-,N,,,,,,,,,,N,3,0,1,2,A,-,12,21453,A,F,-,G,A,A,H,-,A,A,0,,Y,,,Y,,L,04,0,1,0,0,0,0,1,0,0,-,-,,,"SAN FRANCISCO","SAN FRANCISCO",-122.42392996,37.77295993
8656272,2018,2018-07-30,3801,2018-06-30,1626,586,SOUTH,6,5,7,3801,0,0,0,,0,0B3,"FOLSOM ST","HARRIET ST",12.00,E,N,A,B,N,,,,,,,,,,N,3,0,1,2,A,-,12,22450,A,N,H,G,A,A,H,-,A,A,0,,Y,,,Y,,L,04,0,1,0,0,0,0,1,0,0,-,-,,,"SAN FRANCISCO","SAN FRANCISCO",-122.40611108,37.77810366
8656258,2018,2018-07-26,3801,2018-06-06,0830,2211,BAYVI,3,5,7,3801,0,0,0,,0,3C1A,"CESAR CHAVEZ ST","ILLINOIS ST",0.00,,Y,A,-,N,,,,,,,,,,N,4,0,1,2,A,-,08,22107,,F,B,G,A,A,G,-,A,A,0,,Y,,,Y,,A,01,0,0,1,0,0,0,1,0,0,-,-,,,"SAN FRANCISCO","SAN FRANCISCO",-122.38652988,37.75030999
8656257,2018,2018-07-27,3801,2018-06-20,1732,2737,PARK,3,5,7,3801,0,0,0,,0,3F14D,"SANCHEZ ST","14TH ST",0.00,,Y,A,-,N,,,,,,,,,,N,4,0,1,2,A,-,17,22517,,N,H,G,A,A,H,-,A,A,0,,Y,Y,,Y,,C,03,0,0,1,0,0,0,1,0,0,-,-,,,"SAN FRANCISCO","SAN FRANCISCO",-122.43117996,37.7675999
8656256,2018,2018-07-30,3801,2018-06-27,1815,283,MISSI,3,5,7,3801,0,0,0,,0,0D3,"VALENCIA ST","22ND ST",80.00,N,N,A,-,N,,,,,,,,,,N,3,0,1,2,A,-,17,22517,,N,B,G,A,A,H,-,A,A,0,,Y,,,Y,,A,01,0,1,0,0,0,0,1,0,0,-,-,,,"SAN FRANCISCO","SAN FRANCISCO",-122.42098528,37.75552931
8656249,2018,2018-07-30,3801,2018-06-15,0901,466,TENDE,5,5,7,3801,0,0,0,,0,001,"MARKET ST","GOLDEN GATE AV",0.00,,Y,A,-,N,,,,,,,,,,N,3,0,1,1,-,-,-,,,N,H,A,A,A,H,-,A,D,0,,Y,,,Y,Y,-,-,0,1,0,0,0,0,1,0,0,-,-,,,"SAN FRANCISCO","SAN FRANCISCO",-122.41029991,37.78223989
8652632,2018,2018-08-29,3801,2018-06-16,2333,1301,TENDE,6,5,7,3801,0,0,0,,0,3J13E,"HYDE ST","TURK ST",3.00,N,N,A,-,N,,,,,,,,,,N,2,0,1,2,A,-,12,21453,A,M,B,C,A,A,H,-,C,A,0,,Y,,,Y,,-,-,1,0,0,0,0,0,1,0,0,-,-,,,"SAN FRANCISCO","SAN FRANCISCO",-122.41569151,37.78257815
8651929,2018,2018-10-19,3801,2018-07-12,0900,001460,SOUTH,4,5,7,3801,0,0,0,,0,3B5C,"KING ST","2ND ST",50.00,W,N,-,-,N,,,,,,,,,,,3,0,1,2,C,-,18,,,F,-,-,A,-,-,-,-,-,0,,Y,,,Y,,-,-,0,1,0,0,0,0,1,0,0,-,-,,,"SAN FRANCISCO","SAN FRANCISCO",-122.38982361,37.77986386
8651825,2018,2018-10-08,3801,2018-08-09,0800,2339,PARK,4,5,7,3801,0,0,0,,0,3F43A,"7TH AV","KIRKHAM ST",0.00,,Y,A,-,N,,,,,,,,,,N,3,0,1,2,A,-,06,21750,A,N,B,C,A,A,H,-,A,A,0,,Y,,,Y,,L,04,0,1,0,0,0,0,1,0,0,-,-,,,"SAN FRANCISCO","SAN FRANCISCO",-122.46391988,37.76038994
8651607,2018,2018-10-01,3801,2018-08-09,1730,1613,MISSI,4,5,7,3801,0,0,0,,0,005,"15TH ST","WIESE ST",0.00,,Y,A,-,N,,,,,,,,,,N,4,0,1,3,A,-,17,22109,,N,B,G,A,A,H,-,A,D,0,,Y,Y,,Y,,-,,0,0,1,0,0,0,1,0,0,-,-,,,"SAN FRANCISCO","SAN FRANCISCO",-122.42062988,37.76662993
8651600,2018,2019-02-14,3801,2018-08-03,0930,524,SOUTH,5,5,7,3801,0,0,0,,0,3B13A,"MARKET ST","OCTAVIA BL",0.00,,Y,A,-,N,,,,,,,,,,,3,0,1,2,A,-,08,22107,,N,D,G,A,A,H,-,A,A,0,,Y,,,Y,,J,48,0,1,0,0,0,0,1,0,0,-,-,,,"SAN FRANCISCO","SAN FRANCISCO",-122.42358993,37.77177995
8651559,2018,2018-10-02,3801,2018-08-14,1000,A22148,CENTR,2,5,7,3801,0,0,0,,0,002,"CALIFORNIA ST","MONTGOMERY ST",0.00,,Y,A,-,N,,,,,,,,,,N,3,0,1,2,A,-,11,21956,,N,H,A,E,A,H,-,A,A,0,Y,Y,,,Y,,N,60,0,1,0,0,0,0,1,0,0,-,-,,,"SAN FRANCISCO","SAN FRANCISCO",-122.40276998,37.79288992
8651367,2018,2018-10-01,3801,2018-08-11,1915,1122,SOUTH,6,5,7,3801,0,0,0,,0,0B1,"HOWARD ST","2ND ST",50.00,E,N,A,-,N,,,,,,,,,,N,4,0,1,2,A,-,08,22107,,N,B,G,A,A,H,-,A,A,0,,Y,,,Y,,A,07,0,0,1,0,0,0,1,0,0,-,-,,,"SAN FRANCISCO","SAN FRANCISCO",-122.39812701,37.78688664
8650542,2018,2018-09-10,3801,2018-07-10,0945,455,BAYVI,2,5,7,3801,0,0,0,,0,902,"OAKDALE AV","BARNEVELD AV",0.00,,Y,A,-,N,,,,,,,,,,N,4,0,1,2,A,-,09,21804,A,N,D,G,A,A,H,-,A,A,0,,Y,,,Y,,-,-,0,0,1,0,0,0,1,0,0,-,-,,,"SAN FRANCISCO","SAN FRANCISCO",-122.40348995,37.74205992
8649716,2018,2018-08-31,3801,2018-06-29,1101,2059,CENTR,5,5,7,3801,0,0,0,,0,3A15A,"MARKET ST","NEW MONTGOMERY ST",0.00,,Y,A,-,N,,,,,,,,,,N,3,0,1,1,C,-,18,,,N,-,A,A,A,H,-,A,D,0,,Y,,,Y,,-,-,0,1,0,0,0,0,1,0,0,-,-,,,"SAN FRANCISCO","SAN FRANCISCO",-122.40198992,37.7887699
8649664,2018,2018-08-20,3801,2018-06-21,1917,1883,TEMDE,4,5,7,3801,0,0,0,,0,002,"MARKET ST","MARKET ST 780",0.00,,Y,A,-,N,,,,,,,,,,N,3,0,1,2,A,-,17,22517,,N,B,G,A,A,H,-,A,D,0,,Y,,,Y,,A,01,0,1,0,0,0,0,1,0,0,-,-,,,"SAN FRANCISCO","SAN FRANCISCO",,
8649623,2018,2018-08-20,3801,2018-06-22,1534,2334,SOUTH,5,5,7,3801,0,0,0,,0,0B4,"MISSION ST","8TH ST",0.00,,Y,A,-,N,,,,,,,,,,N,2,0,1,2,D,-,00,,,N,B,G,A,A,H,-,A,A,0,,Y,,,Y,,-,-,1,0,0,0,0,0,1,0,0,-,-,,,"SAN FRANCISCO","SAN FRANCISCO",-122.41315999,37.77745997
8649571,2018,2018-08-28,3801,2018-06-19,1210,728,SOUTH,2,5,7,3801,0,0,0,,0,3B13C,"BRANNAN ST","DECATUR ST",0.00,,N,A,-,N,,,,,,,,,,N,4,0,1,2,A,-,09,21801,A,N,D,G,A,A,H,-,A,D,0,,Y,,,Y,,A,01,0,0,1,0,0,0,1,0,0,-,-,,,"SAN FRANCISCO","SAN FRANCISCO",,
8649544,2018,2018-08-28,3801,2018-06-02,0737,1500,CENTR,6,5,7,3801,0,0,0,,0,3C00,EMBARCADERO,"EMBARCADERO 1",0.00,,Y,-,-,N,,,,,,,,,,N,4,0,1,2,A,-,00,20001,A,F,-,-,A,-,-,-,-,-,0,,Y,,,Y,,-,-,0,0,1,0,0,0,1,0,0,-,-,,,"SAN FRANCISCO","SAN FRANCISCO",,
8649180,2018,2018-07-19,3801,2018-06-15,1851,2132,MISSI,5,5,7,3801,0,0,0,,0,3D62,"16TH ST","VALENCIA ST",25.00,W,N,A,-,N,,,,,,,,,,N,3,0,1,2,A,-,17,22517,,N,H,G,A,A,H,-,A,A,0,,Y,,,Y,,J,48,0,1,0,0,0,0,1,0,0,-,-,,,"SAN FRANCISCO","SAN FRANCISCO",-122.42197625,37.76490461
90011610,2015,2015-10-19,9350,2015-08-25,1555,013450,,2,2,7,3801,0,1,3,,2,011,"SR 1 (N/B) VETERANS BLVD","LAKE ST.",528.00,N,N,A,-,Y,,,,,,,,,,N,3,0,1,1,A,-,03,22350,,N,F,A,A,A,H,-,A,A,0,,Y,,,Y,,L,04,0,1,0,0,0,0,1,0,0,-,-,,,"SAN FRANCISCO","SAN FRANCISCO",,
90016617,2015,2015-10-29,9350,2015-08-30,0900,#19777,,7,1,7,3801,0,1,2,,1,120,"US-101 NORTHBOUND (GOLDEN GATE BRIDGE)","LIGHTPOLE 119",0.00,,Y,B,-,N,,,101,,,,,,N,N,3,0,3,3,B,-,22,,,N,A,G,A,A,H,-,A,D,0,,Y,,,Y,,L,04,0,1,2,0,0,0,3,0,0,-,-,37.80977,-122.47731,"SAN FRANCISCO","SAN FRANCISCO",-122.47742924,37.8097511
90037911,2015,2015-10-26,9335,2015-09-20,2249,020889,,7,3,7,3801,0,1,2,,2,013,"US-101S/B TO THIRD ST.","HARKNESS AVE PED. OVERCROSSING",155.00,N,N,A,-,Y,,,101,,,,R,,,Y,2,0,1,2,A,-,08,22107,,N,H,G,A,A,H,-,C,D,0,,Y,,,Y,,L,04,1,0,0,0,0,0,1,0,0,-,-,37.71841,-122.39993,"SAN FRANCISCO","SAN FRANCISCO",-122.39993,37.71841
90041401,2015,2015-10-30,9350,2015-10-23,1347,020955,,5,1,7,3801,0,1,2,,1,120,"US 101 N/B EAST SIDEWALK","GOLDEN GATE BRIDGE NORTH TOWER",1056.00,S,N,B,-,N,,,,,,,,,,N,3,0,1,1,B,-,22,,,N,E,J,A,A,H,-,A,D,0,,Y,,,Y,,L,04,0,1,0,0,0,0,1,0,0,-,-,37.82297,-122.47887,"SAN FRANCISCO","SAN FRANCISCO",,
90060947,2015,2015-11-30,9350,2015-11-21,1400,019927,,6,2,7,3801,0,1,2,,1,120,"GOLDEN GATE BRIDGE WEST SIDEWALKLTPL 93","ALEXANDER AVE",6336.00,S,N,A,-,Y,,,,,,,,,,N,3,0,1,1,A,-,08,22107,,N,E,I,A,A,H,-,A,D,0,,Y,,,Y,,L,04,0,1,0,0,0,0,1,0,0,-,-,37.8164,-122.47771,"SAN FRANCISCO","SAN FRANCISCO",,
90063307,2015,2015-12-01,9350,2015-11-24,1400,014864,,2,2,7,3801,0,1,2,,1,120,"GOLDEN GATE BRIDGE E/SIDEWALK S/TOWER","TOLL PLAZA",0.00,,N,A,-,Y,,,,,,,,,,N,4,0,1,2,D,-,00,,,N,H,B,E,A,H,-,A,D,0,Y,Y,,,Y,,-,-,0,0,1,0,0,0,1,0,0,-,-,37.81092,-122.47739,"SAN FRANCISCO","SAN FRANCISCO",,
90167815,2016,2016-04-28,9335,2016-04-19,1543,018688,,2,2,7,3801,1,3,5,,2,001,"HYDE ST. (200 BLOCK)","TURK ST",135.00,N,N,A,-,N,,,,,,,,,,N,3,0,1,2,A,-,00,21760,C,N,H,G,A,A,D,-,A,A,0,,Y,,,Y,,H,17,0,1,0,0,0,0,1,0,0,-,-,,,"SAN FRANCISCO","SAN FRANCISCO",-122.41576159,37.78293645
90178106,2016,2016-05-12,9335,2016-05-02,0820,017728,,1,1,7,3801,1,3,5,,2,001,"PALOU AVE","QUINT ST",150.00,S,N,A,-,N,,,,,,,,,,N,3,0,1,2,A,-,03,22350,,N,B,G,A,A,H,-,A,D,0,,Y,,,Y,,L,04,0,1,0,0,0,0,1,0,0,-,-,37.73576,-122.39052,"SAN FRANCISCO","SAN FRANCISCO",-122.39610453,37.73695287
90206300,2016,2016-06-21,9350,2016-06-15,1652,014448,,3,2,7,3801,0,1,2,,1,120,"W. WALKWAY GGB, MIDSPAN","LT. POLE # 76",10.00,N,N,A,G,N,,,,,,,,,,N,4,0,1,1,C,-,18,,,N,E,G,A,A,C,-,A,D,0,,Y,,,Y,,-,-,0,0,1,0,0,0,1,0,0,-,-,,,"SAN FRANCISCO","SAN FRANCISCO",,
90262161,2016,2016-09-06,9350,2016-09-05,1357,014448,,1,1,7,3801,0,1,2,,1,120,"US-101 S/B (WEST SIDEWALK)","LT. POLE #116",15.00,S,N,A,-,Y,,,,,,,,,,N,3,0,1,1,D,-,00,,,N,H,G,A,A,H,-,A,D,0,,Y,,,Y,,-,-,0,1,0,0,0,0,1,0,0,-,-,,,"SAN FRANCISCO","SAN FRANCISCO",,
90266979,2016,2016-09-13,9350,2016-09-10,1140,017702,,6,1,7,3801,0,1,2,,2,020,"US 101 N/B","GGB TOLL PLAZA",2000.00,N,N,B,-,Y,,,,,,,,,,N,4,0,1,1,A,-,00,21461,,N,F,A,A,A,H,-,A,D,0,,Y,,,Y,,L,04,0,0,1,0,0,0,1,0,0,-,-,,,"SAN FRANCISCO","SAN FRANCISCO",,
90272236,2016,2016-09-21,9350,2016-09-18,1640,021343,,7,2,7,3801,0,1,2,,1,120,"US-101 N/B (GGB WEST SIDEWALK)","NORTH TOWER",830.00,S,N,A,-,Y,,,101,,,,,,N,N,3,0,1,1,A,-,03,22350,,N,F,A,A,A,H,-,A,D,0,,Y,,,Y,,L,04,0,1,0,0,0,0,1,0,0,-,-,37.82325,-122.47942,"SAN FRANCISCO","SAN FRANCISCO",-122.47911649,37.82329405
90312087,2016,2016-11-07,9350,2016-10-26,1451,021391,,3,2,7,3801,0,1,2,,1,120,"US-101 S/B (GGB EAST SIDE WALK)","NORTH TOWER",1203.00,S,N,A,-,Y,,,101,,,,,,S,N,3,0,1,2,B,-,22,,,N,A,G,A,A,H,-,A,D,0,,Y,,,Y,,L,04,0,1,0,0,0,0,1,0,0,-,-,37.82146,-122.47862,"SAN FRANCISCO","SAN FRANCISCO",-122.47898525,37.8214133
90327385,2016,2017-03-03,9350,2016-11-13,1253,019678,,7,1,7,3801,0,1,2,,1,120,"US-101 S/B (GGB WEST SIDEWALK)","GOLDEN GATE BRIDGE SOUTH TOWER",830.00,S,N,A,-,N,,,101,,,,,,S,N,3,0,2,2,B,-,22,,,N,A,G,A,A,H,-,A,D,0,,Y,,,Y,,L,04,0,2,0,0,0,0,2,0,0,-,-,37.81179,-122.47771,"SAN FRANCISCO","SAN FRANCISCO",-122.4777943,37.81178013
8648194,2018,2018-09-27,3801,2018-08-14,1744,4214,TENDE,2,5,7,3801,0,0,0,,0,4B4G,"TAYLOR ST","TURK ST",0.00,,Y,B,-,N,,,,,,,,,,Y,1,1,0,2,A,-,12,21453,A,F,D,G,A,A,-,-,A,A,0,,Y,,,Y,Y,L,04,0,0,0,0,0,1,0,0,0,-,-,,,"SAN FRANCISCO","SAN FRANCISCO",-122.41077986,37.78320988
8647534,2018,2018-06-27,3801,2018-05-29,1452,1572,SOUTH,2,5,7,3801,0,0,0,,0,3J3A,"MARKET ST","MARKET ST 1211",0.00,,Y,A,-,N,,,,,,,,,,N,4,0,1,1,A,-,03,22350,A,N,H,A,A,A,G,-,A,A,0,,Y,,,Y,,L,04,0,0,1,0,0,0,1,0,0,-,-,,,"SAN FRANCISCO","SAN FRANCISCO",,
8644657,2018,2018-06-27,3801,2018-05-15,1715,195,NORTH,2,5,7,3801,0,0,0,,0,3E12D,"MCALLISTER ST","LAGUNA ST",0.00,,Y,A,-,N,,,,,,,,,,N,4,0,1,2,B,-,22,,,N,D,G,A,A,H,-,A,A,0,,Y,,,Y,,A,01,0,0,1,0,0,0,1,0,0,-,-,,,"SAN FRANCISCO","SAN FRANCISCO",-122.42681999,37.77925998
8644517,2018,2018-06-26,3801,2018-02-07,1148,671,MISSI,3,5,7,3801,0,0,0,,0,3D13C,"DIVISION ST","SAN BRUNO AV",0.00,,Y,A,-,N,,,,,,,,,,N,4,0,1,2,A,-,09,21802,A,F,D,G,A,A,H,-,A,A,0,,Y,,,Y,,A,01,0,0,1,0,0,0,1,0,0,-,-,,,"SAN FRANCISCO","SAN FRANCISCO",-122.40619997,37.76944989
8640352,2018,2018-07-16,3801,2018-04-28,1032,1603,NORTH,6,5,7,3801,0,0,0,,0,3E12A,"GOUGH ST","GROVE ST",0.00,,Y,A,-,N,,,,,,,,,,N,4,0,1,2,A,-,12,21453,A,N,H,J,B,A,H,-,A,A,0,Y,Y,,,Y,,-,-,0,0,1,0,0,0,1,0,0,-,-,,,"SAN FRANCISCO","SAN FRANCISCO",-122.42316,37.77780992
8639102,2018,2018-07-27,3801,2018-05-03,1521,SFILIPPI,BAYVI,4,5,7,3801,0,0,0,,0,3C46,"3RD ST","NEWCOMB AV",0.00,,Y,A,-,N,,,,,,,,,,N,4,0,1,1,A,-,03,22350,,N,H,A,A,A,H,-,A,A,0,,Y,,,Y,,L,04,0,0,1,0,0,0,1,0,0,-,-,,,"SAN FRANCISCO","SAN FRANCISCO",-122.39048999,37.73562996
8639043,2018,2018-08-15,3801,2018-05-14,2020,1150,NORTH,1,5,7,3801,0,0,0,,0,3E15D,"CHESTNUT ST","RICHARDSON AV",0.00,,Y,A,-,Y,SF,4,101,-,-,7.896,I,5,N,Y,4,0,1,2,A,-,09,21801,A,N,D,G,A,A,H,-,C,A,0,,Y,,,Y,,A,01,0,0,1,0,0,0,1,0,0,-,-,,,"SAN FRANCISCO","SAN FRANCISCO",-122.44590867,37.79960074
8637038,2018,2018-06-21,3801,2018-05-30,2159,2172,NORTH,3,5,7,3801,0,0,0,,0,0E3,"VAN NESS AV","MCALLISTER ST",0.00,,Y,A,-,N,,,,,,,,,,N,4,0,1,2,A,-,12,21453,A,F,D,G,A,A,H,-,C,A,0,,Y,,,Y,,-,,0,0,1,0,0,0,1,0,0,-,-,,,"SAN FRANCISCO","SAN FRANCISCO",-122.42032997,37.78004993
8637035,2018,2018-06-22,3801,2018-05-05,1610,2737,PAR,6,5,7,3801,0,0,0,,0,3F13D,"BAKER ST","FELL ST",0.00,,Y,B,-,N,,,,,,,,,,N,2,0,1,2,D,-,00,,,F,C,-,A,A,H,-,A,A,0,,Y,,,Y,,-,-,1,0,0,0,0,0,1,0,0,-,-,,,"SAN FRANCISCO","SAN FRANCISCO",-122.44093,37.77361991
8637034,2018,2018-06-21,3801,2018-05-31,0913,1572,SOUTH,4,5,7,3801,0,0,0,,0,3B1A,"5TH ST","5TH ST 450",0.00,,N,A,-,N,,,,,,,,,,N,3,0,1,2,A,-,03,22350,A,N,C,G,A,A,H,-,A,A,0,,Y,,,Y,,L,04,0,1,0,0,0,0,1,0,0,-,-,,,"SAN FRANCISCO","SAN FRANCISCO",,
8637032,2017,2018-06-26,3801,2017-05-16,1839,002244,CENTR,2,5,7,3801,0,0,0,,0,3A15D,"MARKET ST","SUTTER ST",15.00,E,N,A,-,N,,,,,,,,,,N,4,0,1,2,A,-,04,21703,,N,C,G,A,A,H,-,A,D,0,,Y,,,Y,,L,04,0,0,1,0,0,0,1,0,0,-,-,,,"SAN FRANCISCO","SAN FRANCISCO",-122.40010226,37.7903283
8637031,2018,2018-06-22,3801,2018-05-06,1441,379,RICHM,7,5,7,3801,0,0,0,,0,0G1,"36TH AV","TREE #478",10.00,W,N,A,-,N,,,,,,,,,,N,3,0,1,2,A,-,03,22350,,N,A,G,A,A,E,-,A,A,0,,Y,,,Y,,L,04,0,1,0,0,0,0,1,0,0,-,-,37.77134,-122.49847,"SAN FRANCISCO","SAN FRANCISCO",,
8637024,2018,2018-06-25,3801,2018-05-27,1250,2204,MISSI,7,5,7,3801,0,0,0,,0,3D11C,"VALENCIA ST","14TH ST",0.00,,Y,A,-,N,,,,,,,,,,N,4,0,1,2,A,-,09,21801,A,N,D,G,A,A,H,-,A,D,0,,Y,,,Y,,-,,0,0,1,0,0,0,1,0,0,-,-,,,"SAN FRANCISCO","SAN FRANCISCO",-122.42217989,37.76814989
8637019,2018,2018-06-22,3801,2018-05-28,2244,2353,NORTH,1,5,7,3801,0,0,0,,0,"3 CAR","POLK ST","BUSH ST",5.00,N,N,A,-,N,,,,,,,,,,N,3,0,1,2,A,-,03,22350,,F,G,B,A,A,H,-,C,D,0,,Y,,,Y,Y,A,01,0,1,0,0,0,0,1,0,0,-,-,,,"SAN FRANCISCO","SAN FRANCISCO",-122.42030266,37.78870357
8637008,2018,2018-06-25,3801,2018-05-31,1114,1973,CENTR,4,5,7,3801,0,0,0,,0,,"THE EMBARCADERO","LOMBARD ST",0.00,,Y,A,-,N,,,,,,,,,,Y,3,0,2,2,A,-,12,21453,A,N,D,G,A,A,H,-,A,A,0,,Y,Y,,Y,,L,04,0,1,1,0,0,0,1,0,1,-,-,,,"SAN FRANCISCO","SAN FRANCISCO",-122.40220993,37.80416996