CASE_ID,ACCIDENT_YEAR,PROC_DATE,JURIS,COLLISION_DATE,COLLISION_TIME,OFFICER_ID,REPORTING_DISTRICT,DAY_OF_WEEK,CHP_SHIFT,POPULATION,CNTY_CITY_LOC,SPECIAL_COND,BEAT_TYPE,CHP_BEAT_TYPE,CITY_DIVISION_LAPD,CHP_BEAT_CLASS,BEAT_NUMBER,PRIMARY_RD,SECONDARY_RD,DISTANCE,DIRECTION,INTERSECTION,WEATHER_1,WEATHER_2,STATE_HWY_IND,CALTRANS_COUNTY,CALTRANS_DISTRICT,STATE_ROUTE,ROUTE_SUFFIX,POSTMILE_PREFIX,POSTMILE,LOCATION_TYPE,RAMP_INTERSECTION,SIDE_OF_HWY,TOW_AWAY,COLLISION_SEVERITY,NUMBER_KILLED,NUMBER_INJURED,PARTY_COUNT,PRIMARY_COLL_FACTOR,PCF_CODE_OF_VIOL,PCF_VIOL_CATEGORY,PCF_VIOLATION,PCF_VIOL_SUBSECTION,HIT_AND_RUN,TYPE_OF_COLLISION,MVIW,PED_ACTION,ROAD_SURFACE,ROAD_COND_1,ROAD_COND_2,LIGHTING,CONTROL_DEVICE,CHP_ROAD_TYPE,PEDESTRIAN_ACCIDENT,BICYCLE_ACCIDENT,MOTORCYCLE_ACCIDENT,TRUCK_ACCIDENT,NOT_PRIVATE_PROPERTY,ALCOHOL_INVOLVED,STWD_VEHTYPE_AT_FAULT,CHP_VEHTYPE_AT_FAULT,COUNT_SEVERE_INJ,COUNT_VISIBLE_INJ,COUNT_COMPLAINT_PAIN,COUNT_PED_KILLED,COUNT_PED_INJURED,COUNT_BICYCLIST_KILLED,COUNT_BICYCLIST_INJURED,COUNT_MC_KILLED,COUNT_MC_INJURED,PRIMARY_RAMP,SECONDARY_RAMP,LATITUDE,LONGITUDE,COUNTY,CITY,POINT_X,POINT_Y
8637007,2018,2018-06-22,3801,2018-05-30,0740,257,TENDE,3,5,7,3801,0,0,0,,0,3J13A,"JONES ST","TURK ST",61.00,S,N,A,-,N,,,,,,,,,,N,4,0,1,2,A,-,08,22107,,F,D,G,A,A,H,-,A,D,0,,Y,,,Y,,A,01,0,0,1,0,0,0,1,0,0,-,-,,,"SAN FRANCISCO","SAN FRANCISCO",-122.4123769,37.7828345
8637004,2018,2018-06-25,3801,2018-05-08,1228,306,SOUTH,2,5,7,3801,0,0,0,,0,3B15C,"3RD ST","TERRY A FRANCOIS BL",0.00,,Y,A,-,N,,,,,,,,,,N,3,0,1,2,A,-,08,22100,B,N,B,G,A,A,H,-,A,A,0,,Y,,,Y,,L,04,0,1,0,0,0,0,1,0,0,-,-,,,"SAN FRANCISCO","SAN FRANCISCO",-122.39001996,37.776289919999996
8637003,2018,2018-06-22,3801,2018-05-30,0840,2316,SOUTH,3,5,7,3801,0,0,0,,0,004,"MARKET ST","OCTAVIA ST",0.00,,Y,A,-,N,,,,,,,,,,N,4,0,1,2,A,-,08,22107,,F,B,G,A,A,H,-,A,A,0,,Y,,,Y,,A,01,0,0,1,0,0,0,1,0,0,-,-,,,"SAN FRANCISCO","SAN FRANCISCO",-122.42358993,37.77177995
8636987,2018,2018-06-22,3801,2018-05-31,1515,195,3E14D,4,5,7,3801,0,0,0,,0,3E1,"MARKET ST","GOUGH ST",0.00,,Y,A,-,N,,,,,,,,,,N,3,0,1,2,A,-,00,20001,,F,-,-,A,A,H,-,A,A,0,,Y,,,Y,,-,,0,1,0,0,0,0,1,0,0,-,-,,,"SAN FRANCISCO","SAN FRANCISCO",-122.42220993,37.77286996
8636984,2018,2018-06-25,3801,2018-05-10,1940,1052,RICHM,4,5,7,3801,0,0,0,,0,3G12C,"FULTON ST","ARGUELLO BL",2.00,W,N,A,-,N,,,,,,,,,,N,3,0,1,2,A,-,06,21750,A,N,D,G,A,A,H,-,A,A,0,,Y,,,Y,,L,04,0,1,0,0,0,0,1,0,0,-,-,,,"SAN FRANCISCO","SAN FRANCISCO",-122.45835686,37.77428928
8636971,2018,2018-06-22,3801,2018-05-31,1353,2716,TARAV,4,5,7,3801,0,0,0,,0,3I11A,"9TH AV","12TH AV",457.00,E,N,A,-,N,,,,,,,,,,N,2,0,1,1,D,-,00,,,N,H,A,A,A,H,-,A,D,0,,Y,,,Y,,-,-,1,0,0,0,0,0,1,0,0,-,-,,,"SAN FRANCISCO","SAN FRANCISCO",-122.46685616,37.7472041
8636964,2018,2018-06-25,3801,2018-05-17,2140,400823,RICHM,4,5,7,3801,0,0,0,,0,3G15E,"CABRILLO ST","25TH AV",0.00,,Y,A,-,N,,,,,,,,,,N,2,0,1,2,A,-,08,22107,,N,A,G,A,A,H,-,C,A,0,,Y,,,Y,,A,01,1,0,0,0,0,0,1,0,0,-,-,,,"SAN FRANCISCO","SAN FRANCISCO",-122.48431997,37.77444994
8636958,2018,2018-06-25,3801,2018-05-22,1814,172,RICHM,2,5,7,3801,0,0,0,,0,002,"ARGUELLO BL","ANZA ST",141.00,N,N,B,-,N,,,,,,,,,,N,3,0,1,2,A,-,21,22106,,N,D,G,A,A,H,-,A,D,0,,Y,,,Y,,A,01,0,1,0,0,0,0,1,0,0,-,-,,,"SAN FRANCISCO","SAN FRANCISCO",-122.45877974,37.77973663
8636928,2018,2018-06-22,3801,2018-05-11,1708,754,NORTH,5,5,7,3801,0,0,0,,0,3E15D,BAY,FILLMORE,0.00,,Y,A,-,N,,,,,,,,,,N,4,0,1,2,A,-,09,21801,A,N,D,G,A,A,H,-,A,A,0,,Y,,,Y,,-,,0,0,1,0,0,0,1,0,0,-,-,,,"SAN FRANCISCO","SAN FRANCISCO",-122.43664989,37.80269993
8636921,2018,2018-06-25,3801,2018-05-22,1804,2342,NORTH,2,5,7,3801,0,0,0,,0,3E13D,"BROADWAY ST","FRANKLIN ST",190.00,E,N,A,-,N,,,,,,,,,,N,2,0,1,2,C,-,18,,,N,H,G,A,A,H,-,B,D,0,,Y,,,Y,,-,-,1,0,0,0,0,0,1,0,0,-,-,,,"SAN FRANCISCO","SAN FRANCISCO",-122.42438094,37.79561466
8636920,2018,2018-06-22,3801,2018-05-13,0445,382,NORTH,7,5,7,3801,0,0,0,,0,3E15E,"LAGUNA ST","NORTH POINT ST",0.00,,Y,A,-,N,,,,,,,,,,N,3,0,1,2,A,-,08,22100,B,F,D,G,A,A,H,-,C,D,0,,Y,,,Y,,A,01,0,1,0,0,0,0,1,0,0,-,-,,,"SAN FRANCISCO","SAN FRANCISCO",-122.43186992,37.80425999
8636913,2018,2018-07-09,3801,2018-05-24,0716,608,MISSI,4,5,7,3801,0,0,0,,0,3D15A,"CESAR CHAVEZ ST","BRYANT ST",60.00,W,N,B,-,N,,,,,,,,,,N,3,0,1,2,A,-,07,21658,A,N,B,G,A,A,H,-,A,D,0,,Y,,,Y,,A,01,0,1,0,0,0,0,1,0,0,-,-,,,"SAN FRANCISCO","SAN FRANCISCO",-122.40892754,37.74836741
8636912,2018,2018-06-25,3801,2018-05-11,2158,1696,NORTH,5,5,7,3801,0,0,0,,0,3E12E,"FRANKLIN ST","HAYES ST",0.00,,Y,A,-,N,,,,,,,,,,N,3,0,1,2,D,-,00,,,N,B,G,A,A,H,-,C,A,0,,Y,,,Y,,-,-,0,1,0,0,0,0,1,0,0,-,-,,,"SAN FRANCISCO","SAN FRANCISCO",-122.4213399,37.77707992
8636909,2018,2018-06-25,3801,2018-05-21,0925,2399,TENDE,1,5,7,3801,0,0,0,,0,9X11J,"MARKET ST","MARKET ST 1155",0.00,,N,A,-,N,,,,,,,,,,N,3,0,1,1,-,-,-,,,N,H,A,A,A,H,-,A,A,0,,Y,,,Y,,-,-,0,1,0,0,0,0,1,0,0,-,-,,,"SAN FRANCISCO","SAN FRANCISCO",,
8636908,2018,2018-06-22,3801,2018-05-10,1730,1100,SOUTH,4,5,7,3801,0,0,0,,0,3J11D,"MISSION ST","7TH ST",0.00,,Y,A,-,N,,,,,,,,,,N,4,0,1,2,A,-,06,21750,A,N,D,G,A,A,H,-,A,A,0,,Y,,,Y,,L,04,0,0,1,0,0,0,1,0,0,-,-,,,"SAN FRANCISCO","SAN FRANCISCO",-122.41089991,37.7792099
8636904,2018,2018-06-22,3801,2018-05-07,0745,1190,MISSI,1,5,7,3801,0,0,0,,0,3D14E,"MARIPOSA ST","CAROLINA ST",40.00,E,N,A,-,N,,,,,,,,,,N,2,0,1,2,A,-,17,22517,,F,H,G,A,A,-,-,A,A,0,,Y,,,Y,,A,01,1,0,0,0,0,0,1,0,0,-,-,,,"SAN FRANCISCO","SAN FRANCISCO",-122.40037196,37.76363812
8636903,2018,2018-06-22,3801,2018-05-16,1720,892,SOUTH,3,5,7,3801,0,0,0,,0,3B15D,"TOWNSEND ST","STANFORD ST",0.00,,Y,A,-,N,,,,,,,,,,N,3,0,1,2,A,-,09,21801,A,N,D,G,A,A,H,-,A,A,0,,Y,,,Y,,A,01,0,1,0,0,0,0,1,0,0,-,-,,,"SAN FRANCISCO","SAN FRANCISCO",-122.39107986,37.78019993
8636902,2018,2018-06-21,3801,2018-05-05,1049,1125,NORTH,6,5,7,3801,0,0,0,,0,3E13A,"GOUGH ST","EDDY ST",0.00,,Y,A,-,N,,,,,,,,,,N,3,0,1,2,A,-,21,22106,,N,G,G,A,A,H,-,A,A,0,,Y,,,Y,,A,01,0,1,0,0,0,0,1,0,0,-,-,,,"SAN FRANCISCO","SAN FRANCISCO",-122.42411988,37.78246994
8636901,2018,2018-11-09,3801,2018-05-24,0800,1572,SOUTH,4,5,7,3801,0,0,0,,0,3B4A,"11TH ST",NATOMA,0.00,,N,B,-,N,,,,,,,,,,N,3,0,1,2,A,-,07,21658,A,N,B,G,A,A,H,-,A,D,0,,Y,,,Y,,L,04,0,1,0,0,0,0,1,0,0,-,-,,,"SAN FRANCISCO","SAN FRANCISCO",-122.4160999,37.77351996
8636897,2018,2018-06-25,3801,2018-05-23,0826,2023,PARK,3,5,7,3801,0,0,0,,0,001,"JOHN F KENNEDY DR","KEZAR DR",198.00,W,N,B,F,N,,,,,,,,,,N,3,0,1,2,A,-,05,21651,A,N,D,G,A,B,H,-,A,D,0,,Y,,,Y,,A,01,0,1,0,0,0,0,1,0,0,-,-,,,"SAN FRANCISCO","SAN FRANCISCO",-122.45601396,37.77088711
8636894,2018,2018-06-25,3801,2018-05-06,1205,717,NORTH,7,5,7,3801,0,0,0,,0,2CAR,"ELLIS ST","STEINER ST",140.00,W,N,A,-,N,,,,,,,,,,N,3,0,1,1,A,-,03,22350,,N,E,I,A,A,G,-,A,D,0,,Y,,,Y,,L,04,0,1,0,0,0,0,1,0,0,-,-,,,"SAN FRANCISCO","SAN FRANCISCO",-122.43463835,37.7820885
8636891,2018,2018-07-12,3801,2018-05-02,1818,472,,3,5,7,3801,0,0,0,,0,,"FRANCISCO ST","OCTAVIA ST",40.00,N,N,A,-,N,,,,,,,,,,N,2,0,1,2,A,-,17,22517,,N,H,G,A,A,H,-,A,D,0,,Y,,,Y,,A,01,1,0,0,0,0,0,1,0,0,-,-,,,"SAN FRANCISCO","SAN FRANCISCO",-122.4297133,37.80260761
8636888,2018,2018-06-22,3801,2018-05-09,1805,2207,CENTR,3,5,7,3801,0,0,0,,0,3A4D,"THE EMBARCADERO","STOCKTON ST",0.00,,Y,A,-,N,,,,,,,,,,,4,0,1,2,A,-,05,21202,A,N,H,G,A,A,H,-,A,A,0,,Y,,,Y,,L,04,0,0,1,0,0,0,1,0,0,-,-,,,"SAN FRANCISCO","SAN FRANCISCO",,
8636885,2018,2018-06-25,3801,2018-05-01,1326,453,TENDE,2,5,7,3801,0,0,0,,0,3J5,"ELLIS ST","LEAVENWORTH ST",168.00,W,N,A,-,N,,,,,,,,,,N,4,0,1,3,A,-,03,22350,,N,B,G,A,A,-,-,A,D,0,,Y,,,Y,,L,04,0,0,1,0,0,0,1,0,0,-,-,,,"SAN FRANCISCO","SAN FRANCISCO",-122.41499171,37.78458604
8636880,2018,2018-06-21,3801,2018-05-21,1017,1125,NORTH,1,5,7,3801,0,0,0,,0,3E12A,"FULTON ST","FILLMORE ST",0.00,,Y,A,-,N,,,,,,,,,,N,3,0,1,2,A,-,17,22109,,N,H,A,A,A,H,-,A,D,0,,Y,,,Y,,A,01,0,1,0,0,0,0,1,0,0,-,-,,,"SAN FRANCISCO","SAN FRANCISCO",-122.43155991,37.77768998
8636878,2018,2018-06-22,3801,2018-05-13,1815,2374,INGLE,7,5,7,3801,0,0,0,,0,0H3,"CAMBRIDGE ST","GLADSTONE DR",72.00,W,N,A,-,N,,,,,,,,,,N,3,0,1,3,A,-,09,21804,A,N,D,G,A,A,H,-,A,D,0,,Y,,,Y,,L,04,0,1,0,0,0,0,1,0,0,-,-,,,"SAN FRANCISCO","SAN FRANCISCO",-122.42041696,37.73143445
8636874,2018,2018-06-26,3801,2018-05-17,1840,1148,SOUTH,4,5,7,3801,0,0,0,,0,3B15D,"EMBARCADERO ST","TOWNSEND ST",0.00,,Y,A,-,N,,,,,,,,,,N,3,0,3,2,A,-,09,21453,C,N,B,G,A,A,H,-,A,A,0,,Y,,,Y,,L,04,0,2,1,0,0,0,1,0,0,-,-,,,"SAN FRANCISCO","SAN FRANCISCO",,
8636870,2018,2018-06-22,3801,2018-05-17,2350,2162,SOUTH,4,5,7,3801,0,0,0,,0,3B11E,"4TH ST","HOWARD ST",0.00,,Y,A,-,N,,,,,,,,,,N,4,0,1,1,A,-,03,22350,,N,H,A,A,A,H,-,C,A,0,,Y,,,Y,,L,04,0,0,1,0,0,0,1,0,0,-,-,,,"SAN FRANCISCO","SAN FRANCISCO",-122.40269998,37.78326994
8636862,2018,2018-06-22,3801,2018-05-12,1512,A10333,NORTH,6,5,7,3801,0,0,0,,0,3E1C,"MARINA GREEN DR","MARINA BL",6.00,N,N,A,-,N,,,,,,,,,,N,3,0,1,2,A,-,03,22350,,N,F,G,A,A,H,-,A,D,0,,Y,,,Y,,L,04,0,1,0,0,0,0,1,0,0,-,-,,,"SAN FRANCISCO","SAN FRANCISCO",-122.43604778,37.80644333
8636853,2018,2018-08-22,3801,2018-05-06,1154,2028,INGLE,7,5,7,3801,0,0,0,,0,3H4C,"OCEAN AV","RT 280",110.00,E,N,A,-,Y,SF,4,280,-,R,1.924,R,4,N,N,3,0,2,1,A,-,03,22350,,N,H,I,A,A,A,-,A,A,0,,Y,,,Y,,L,04,0,2,0,0,0,0,2,0,0,-,NO,,,"SAN FRANCISCO","SAN FRANCISCO",-122.44673431,37.7250868
8636845,2018,2018-06-22,3801,2018-05-10,2146,996,BAYVI,4,5,7,3801,0,0,0,,0,3C30,"BAYSHORE BL","THORNTON AV",0.00,,Y,A,-,N,,,,,,,,,,N,4,0,1,2,A,-,08,22107,,F,D,G,A,A,H,-,C,D,0,,Y,,,Y,,A,01,0,0,1,0,0,0,1,0,0,-,-,,,"SAN FRANCISCO","SAN FRANCISCO",-122.40341997,37.73063991
8636843,2018,2018-06-22,3801,2018-05-29,2109,1372,INGLE,2,5,7,3801,0,0,0,,0,3H11E,"SAN JOSE AV","DOLORES ST",0.00,,Y,A,-,N,,,,,,,,,,N,3,0,1,2,A,-,09,21802,A,N,C,G,A,A,H,-,C,D,0,,Y,,,Y,,A,07,0,1,0,0,0,0,1,0,0,-,-,,,"SAN FRANCISCO","SAN FRANCISCO",-122.42414,37.74027995
8636833,2018,2018-06-22,3801,2018-05-11,1506,A10333,NORTH,5,5,7,3801,0,0,0,,0,3E1C,"LAGUNA ST","GOLDEN GATE AV",15.00,N,N,A,-,N,,,,,,,,,,N,2,0,1,3,A,-,12,21453,A,N,D,G,A,A,H,-,A,A,0,,Y,,,Y,,L,04,1,0,0,0,0,0,1,0,0,-,-,,,"SAN FRANCISCO","SAN FRANCISCO",-122.42702841,37.78024066
8636831,2018,2018-06-22,3801,2018-05-29,0917,608,MISSI,2,5,7,3801,0,0,0,,0,3D16A,"17TH ST","VALENCIA ST",150.00,W,N,A,-,N,,,,,,,,,,N,3,0,1,2,A,-,03,22350,,N,B,G,A,A,H,-,A,D,0,,Y,,,Y,,L,04,0,1,0,0,0,0,1,0,0,-,-,,,"SAN FRANCISCO","SAN FRANCISCO",-122.4222575,37.76326799
8636830,2018,2018-06-22,3801,2018-05-14,1015,306,SOUTH,1,5,7,3801,0,0,0,,0,3B12A,"HOWARD ST","7TH ST",50.00,W,N,A,-,N,,,,,,,,,,N,4,0,1,2,A,-,17,22517,,N,B,G,A,A,H,-,A,A,0,,Y,,,Y,,-,,0,0,1,0,0,0,1,0,0,-,-,,,"SAN FRANCISCO","SAN FRANCISCO",-122.40952009,37.7778811
8636829,2018,2018-06-22,3801,2018-05-14,0832,30,,1,5,7,3801,0,0,0,,0,3E11A,"WEBSTER ST","HAYES ST",0.00,,Y,B,-,N,,,,,,,,,,N,3,0,1,2,A,-,08,22107,,N,D,G,A,A,H,-,A,A,0,,Y,,,Y,,-,,0,1,0,0,0,0,1,0,0,-,-,,,"SAN FRANCISCO","SAN FRANCISCO",-122.42953999,37.77603999
8636825,2018,2018-06-22,3801,2018-05-19,1926,302,NORTH,6,5,7,3801,0,0,0,,0,3E14D,"POST ST","LAGUNA ST",72.00,W,N,A,G,N,,,,,,,,,,N,4,0,1,2,C,-,18,,,N,H,G,A,A,H,-,A,D,0,,Y,,,Y,,-,-,0,0,1,0,0,0,1,0,0,-,-,,,"SAN FRANCISCO","SAN FRANCISCO",-122.42840544,37.78576567
8636822,2018,2018-06-22,3801,2018-05-20,1223,2132,MISSI,7,5,7,3801,0,0,0,,0,3D11C,"14TH ST","MARKET ST",30.00,E,N,A,-,N,,,,,,,,,,N,4,0,1,2,A,-,08,22107,,N,B,G,A,A,H,-,A,A,0,,Y,,,Y,,L,04,0,0,1,0,0,0,1,0,0,-,-,,,"SAN FRANCISCO","SAN FRANCISCO",-122.42872657,37.76771713
8636819,2018,2018-06-22,3801,2018-05-01,1916,1923,BAYVI,2,5,7,3801,0,0,0,,0,3C11E,"HARRISON ST","10TH ST",0.00,,Y,A,-,N,,,,,,,,,,N,3,0,1,2,A,-,12,21453,A,N,D,G,A,A,-,-,C,A,0,,Y,,,Y,Y,A,01,0,1,0,0,0,0,1,0,0,-,-,,,"SAN FRANCISCO","SAN FRANCISCO",-122.41124993,37.77159996
8636815,2018,2018-06-22,3801,2018-05-18,1132,959,RICHM,5,5,7,3801,0,0,0,,0,3H15A,"POINT LOBOS AV","EL CAMINO DEL MAR",237.00,W,N,A,-,N,,,,,,,,,,N,3,0,1,2,A,-,09,21801,A,N,D,G,A,A,H,-,A,D,0,,Y,,,Y,,A,01,0,1,0,0,0,0,1,0,0,-,-,,,"SAN FRANCISCO","SAN FRANCISCO",-122.5102584,37.77981606
8636814,2018,2018-06-22,3801,2018-05-20,1927,4187,MISSI,7,5,7,3801,0,0,0,,0,3D13D,"MISSION ST","22ND ST",168.00,S,N,A,-,N,,,,,,,,,,,3,0,1,1,D,-,00,,,N,H,J,A,A,H,-,A,D,0,,Y,,,Y,,-,-,0,1,0,0,0,0,1,0,0,-,-,,,"SAN FRANCISCO","SAN FRANCISCO",-122.41870379,37.75498939
8636813,2018,2018-06-22,3801,2018-05-12,2325,1039,MISSI,6,5,7,3801,0,0,0,,0,003,"BRYANT ST","13TH ST",0.00,,Y,A,-,N,,,,,,,,,,N,4,0,1,2,A,-,08,22107,,N,B,G,A,A,H,-,C,A,0,,Y,Y,,Y,,C,06,0,0,1,0,0,0,1,0,0,-,-,,,"SAN FRANCISCO","SAN FRANCISCO",,
8636811,2018,2018-06-22,3801,2018-05-19,1345,464,INGLE,6,5,7,3801,0,0,0,,0,3H73,"CESAR CHAVEZ ST","ALABAMA ST",0.00,,Y,A,-,N,,,,,,,,,,N,4,0,1,2,A,-,17,21451,A,N,D,G,A,A,H,-,A,A,0,,Y,,,Y,,L,04,0,0,1,0,0,0,1,0,0,-,-,,,"SAN FRANCISCO","SAN FRANCISCO",-122.41053993,37.74832989
8629294,2018,2018-07-27,3801,2018-04-28,0923,A22595,CENTR,6,5,7,3801,0,0,0,,0,3A1A,"COLUMBUS AV","MASON ST",0.00,,Y,A,-,N,,,,,,,,,,N,3,0,1,1,D,-,00,,,N,H,A,A,A,H,-,A,A,0,,Y,,,Y,,-,-,0,1,0,0,0,0,1,0,0,-,-,,,"SAN FRANCISCO","SAN FRANCISCO",-122.41288998,37.80217992
8624059,2018,2018-05-22,3801,2018-04-04,1947,2108,TENDE,3,5,7,3801,0,0,0,,0,3J52D,"MARKET ST","KEARNEY ST",246.00,W,N,A,-,N,,,,,,,,,,N,4,0,1,4,A,-,17,22517,,N,H,G,A,A,H,-,C,A,0,,Y,,,Y,,N,60,0,0,1,0,0,0,1,0,0,-,-,,,"SAN FRANCISCO","SAN FRANCISCO",-122.40406157,37.7871817
8624004,2018,2018-05-22,3801,2018-04-24,0903,A21778,BAYVI,2,5,7,3801,0,0,0,,0,,"MARIPOSA ST","ILLINOIS ST",0.00,,Y,A,-,N,,,,,,,,,,N,4,0,1,2,A,-,10,21950,A,N,G,G,A,A,G,-,A,A,0,,Y,,,Y,,-,,0,0,1,0,0,0,1,0,0,-,-,,,"SAN FRANCISCO","SAN FRANCISCO",-122.38791991,37.76437998
8623848,2018,2018-08-23,3801,2018-04-12,2200,311,NORTH,4,5,7,3801,0,0,0,,0,3E00,"BROADWAY ST","VAN NESS AV",0.00,,Y,A,-,Y,SF,4,101,-,-,6.320,I,5,S,N,4,0,1,2,A,-,10,21950,A,N,H,G,A,A,H,-,C,A,0,,Y,,,Y,,A,01,0,0,1,0,0,0,1,0,0,-,-,,,"SAN FRANCISCO","SAN FRANCISCO",-122.4235283,37.79573211
8621081,2018,2018-05-23,3801,2018-04-23,1752,2338,SOUTH,1,5,7,3801,0,0,0,,0,3B2,"HOWARD ST","4TH ST",225.00,E,N,A,-,N,,,,,,,,,,,2,0,1,2,A,-,17,21209,A,N,B,G,A,A,D,-,A,D,0,,Y,,,Y,,A,01,1,0,0,0,0,0,1,0,0,-,-,,,"SAN FRANCISCO","SAN FRANCISCO",-122.40215101,37.78370827
8621069,2018,2018-05-23,3801,2018-04-06,1820,837,CENTR,5,5,7,3801,0,0,0,,0,3A13D,"NORTH POINT ST","MASON ST",0.00,,Y,B,C,N,,,,,,,,,,N,4,0,1,2,A,-,09,21801,A,N,A,G,A,B,H,-,A,A,0,,Y,,,Y,,A,01,0,0,1,0,0,0,1,0,0,-,-,,,"SAN FRANCISCO","SAN FRANCISCO",-122.4137799,37.806579909999996
8621050,2018,2018-05-22,3801,2018-04-24,1300,A22856,SOUTH,2,5,7,3801,0,0,0,,0,3B15C,"FREMONT ST","HOWARD ST",0.00,,Y,A,-,N,,,,,,,,,,N,4,0,1,2,A,-,06,21750,A,N,B,G,A,A,-,-,A,-,0,,Y,Y,,Y,,C,02,0,0,1,0,0,0,1,0,0,-,-,,,"SAN FRANCISCO","SAN FRANCISCO",-122.39513985,37.78922996
8620949,2018,2018-06-07,3801,2018-04-03,1215,2352,NORTH,2,5,7,3801,0,0,0,,0,3E70B,"FULTON ST","WEBSTER ST",0.00,,Y,A,-,N,,,,,,,,,,N,4,0,1,2,A,-,03,22350,A,N,B,G,A,A,H,-,A,A,0,,Y,,,Y,,L,04,0,0,1,0,0,0,1,0,0,-,-,,,"SAN FRANCISCO","SAN FRANCISCO",-122.42990991,37.77790993
8620718,2018,2018-05-21,3801,2018-04-02,0850,2339,PARK,1,5,7,3801,0,0,0,,0,3F43A,"KEZAR DR","LINCOLN WY",0.00,,Y,A,-,N,,,,,,,,,,N,4,0,1,2,A,-,09,21802,B,N,H,G,A,A,H,-,A,A,0,,Y,,,Y,,A,01,0,0,1,0,0,0,1,0,0,-,-,,,"SAN FRANCISCO","SAN FRANCISCO",-122.46056989,37.76617988
8620710,2018,2018-05-21,3801,2018-04-02,1902,1190,MISSI,1,5,7,3801,0,0,0,,0,3D14D,"GUERRERO ST","18TH ST",10.00,S,N,A,-,N,,,,,,,,,,N,4,0,1,2,A,-,12,21453,A,F,D,-,A,A,H,-,A,A,0,,Y,,,Y,,L,04,0,0,1,0,0,0,1,0,0,-,-,,,"SAN FRANCISCO","SAN FRANCISCO",-122.42379709,37.76155263
8620697,2018,2018-05-18,3801,2018-04-28,0848,2023,PARK,6,5,7,3801,0,0,0,,0,002,"CLARENDON AV","TWIN PEAKS BL",15.00,E,N,A,-,N,,,,,,,,,,N,4,0,1,2,A,-,05,21651,,N,A,G,A,A,H,-,A,D,0,,Y,,,Y,,L,04,0,0,1,0,0,0,1,0,0,-,-,,,"SAN FRANCISCO","SAN FRANCISCO",-122.44846,37.75903
8620689,2018,2018-05-18,3801,2018-04-28,1951,A23240,SOUTH,6,5,7,3801,0,0,0,,0,901,"BRYANT ST","BOARDMAN ST",70.00,W,N,A,-,N,,,,,,,,,,N,3,0,1,1,A,-,03,22350,,N,H,-,A,A,H,-,B,D,0,,Y,,,Y,,L,04,0,1,0,0,0,0,1,0,0,-,-,,,"SAN FRANCISCO","SAN FRANCISCO",-122.40379564,37.77503755
8620682,2018,2018-05-21,3801,2018-04-19,2000,1799,TENDE,4,5,7,3801,0,0,0,,0,3J12D,"MARKET ST","8TH ST",20.00,E,N,A,-,N,,,,,,,,,,N,4,0,1,2,A,-,17,22517,,N,B,G,A,A,H,-,C,A,0,,Y,,,Y,,A,01,0,0,1,0,0,0,1,0,0,-,-,,,"SAN FRANCISCO","SAN FRANCISCO",-122.41471034,37.77874828
8620669,2018,2018-05-23,3801,2018-04-22,1507,A08210,CENTR,7,5,7,3801,0,0,0,,0,03A,WASHINGTON,MONTGOMERY,0.00,,Y,A,-,N,,,,,,,,,,,4,0,2,2,A,-,00,21461,1,N,H,-,B,A,H,-,A,A,0,Y,Y,,,Y,,N,60,0,0,2,0,1,0,1,0,0,-,-,,,"SAN FRANCISCO","SAN FRANCISCO",-122.40329986,37.7955299
8620663,2018,2018-05-22,3801,2018-04-09,1652,1039,MISSI,1,5,7,3801,0,0,0,,0,006,"S VAN NESS AV","13TH ST",39.00,N,N,A,-,N,,,,,,,,,,N,4,0,1,2,A,-,05,21651,,N,B,G,A,A,H,-,A,A,0,,Y,,,Y,,L,04,0,0,1,0,0,0,1,0,0,-,-,,,"SAN FRANCISCO","SAN FRANCISCO",-122.41774737,37.76982562
8620651,2018,2018-05-22,3801,2018-04-15,1621,1666,PARK,7,5,7,3801,0,0,0,,0,4CAR,"ROOSEVELT WY","14TH ST",0.00,,Y,C,G,N,,,,,,,,,,N,4,0,1,1,A,-,03,22350,,N,F,A,A,B,H,-,A,A,0,,Y,,,Y,,L,04,0,0,1,0,0,0,1,0,0,-,-,,,"SAN FRANCISCO","SAN FRANCISCO",-122.4372899,37.76722991
8620650,2018,2018-05-21,3801,2018-04-26,0850,2395,MISSI,4,5,7,3801,0,0,0,,0,3D16A,"DOLORES ST","26TH ST",0.00,,Y,A,-,N,,,,,,,,,,N,4,0,1,2,A,-,12,22450,A,N,D,G,A,A,H,-,A,D,0,,Y,,,Y,,A,01,0,0,1,0,0,0,1,0,0,-,-,,,"SAN FRANCISCO","SAN FRANCISCO",-122.42493,37.74861989
8620646,2018,2018-05-21,3801,2018-04-24,1551,A23240,SOUTH,2,5,7,3801,0,0,0,,0,901,"MISSION ST","YERBA BUENA LN",0.00,,-,A,-,N,,,,,,,,,,N,3,0,1,2,A,-,08,22107,,N,D,G,A,A,H,-,A,A,0,,Y,,,Y,,L,04,0,1,0,0,0,0,1,0,0,-,-,,,"SAN FRANCISCO","SAN FRANCISCO",-122.40346998,37.78509998