CASE_ID,ACCIDENT_YEAR,PROC_DATE,JURIS,COLLISION_DATE,COLLISION_TIME,OFFICER_ID,REPORTING_DISTRICT,DAY_OF_WEEK,CHP_SHIFT,POPULATION,CNTY_CITY_LOC,SPECIAL_COND,BEAT_TYPE,CHP_BEAT_TYPE,CITY_DIVISION_LAPD,CHP_BEAT_CLASS,BEAT_NUMBER,PRIMARY_RD,SECONDARY_RD,DISTANCE,DIRECTION,INTERSECTION,WEATHER_1,WEATHER_2,STATE_HWY_IND,CALTRANS_COUNTY,CALTRANS_DISTRICT,STATE_ROUTE,ROUTE_SUFFIX,POSTMILE_PREFIX,POSTMILE,LOCATION_TYPE,RAMP_INTERSECTION,SIDE_OF_HWY,TOW_AWAY,COLLISION_SEVERITY,NUMBER_KILLED,NUMBER_INJURED,PARTY_COUNT,PRIMARY_COLL_FACTOR,PCF_CODE_OF_VIOL,PCF_VIOL_CATEGORY,PCF_VIOLATION,PCF_VIOL_SUBSECTION,HIT_AND_RUN,TYPE_OF_COLLISION,MVIW,PED_ACTION,ROAD_SURFACE,ROAD_COND_1,ROAD_COND_2,LIGHTING,CONTROL_DEVICE,CHP_ROAD_TYPE,PEDESTRIAN_ACCIDENT,BICYCLE_ACCIDENT,MOTORCYCLE_ACCIDENT,TRUCK_ACCIDENT,NOT_PRIVATE_PROPERTY,ALCOHOL_INVOLVED,STWD_VEHTYPE_AT_FAULT,CHP_VEHTYPE_AT_FAULT,COUNT_SEVERE_INJ,COUNT_VISIBLE_INJ,COUNT_COMPLAINT_PAIN,COUNT_PED_KILLED,COUNT_PED_INJURED,COUNT_BICYCLIST_KILLED,COUNT_BICYCLIST_INJURED,COUNT_MC_KILLED,COUNT_MC_INJURED,PRIMARY_RAMP,SECONDARY_RAMP,LATITUDE,LONGITUDE,COUNTY,CITY,POINT_X,POINT_Y
8620642,2018,2018-05-21,3801,2018-04-26,1501,2209,3801,4,5,7,3801,0,0,0,,0,3D45C,"CLIPPER ST","DIAMOND ST",0.00,,Y,A,-,N,,,,,,,,,,N,2,0,1,2,A,-,12,22450,A,N,A,G,A,A,H,-,A,A,0,,Y,,,Y,,L,04,1,0,0,0,0,0,1,0,0,-,-,,,"SAN FRANCISCO","SAN FRANCISCO",-122.4360699,37.74877996
8619278,2018,2018-05-21,3801,2018-04-04,1701,A11409,SOUTH,3,5,7,3801,0,0,0,,0,0B5,"TOWNSEND ST","TOWNSEND ST 350",30.00,S,N,B,-,N,,,,,,,,,,N,4,0,1,2,A,-,07,21658,A,N,B,G,A,A,H,-,A,D,0,,Y,,,Y,,A,01,0,0,1,0,0,0,1,0,0,-,-,,,"SAN FRANCISCO","SAN FRANCISCO",,
8619268,2018,2018-05-22,3801,2018-04-07,1731,834,SOUTH,6,5,7,3801,0,0,0,,0,3B61,"TERRY FRANCOIS BL","MISSION ROCK ST",0.00,,Y,G,-,N,,,,,,,,,,N,3,0,1,1,C,-,18,,,N,H,A,A,A,A,-,A,D,0,,Y,,,Y,,-,-,0,1,0,0,0,0,1,0,0,-,-,,,"SAN FRANCISCO","SAN FRANCISCO",,
8619267,2018,2018-05-21,3801,2018-04-19,1826,2017,MISSI,4,5,7,3801,0,0,0,,0,3D41D,"16TH ST","VALENCIA ST",162.00,W,N,A,-,N,,,,,,,,,,N,3,0,1,2,A,-,17,22517,,N,H,G,A,A,H,-,A,A,0,,Y,,,Y,,A,01,0,1,0,0,0,0,1,0,0,-,-,,,"SAN FRANCISCO","SAN FRANCISCO",-122.42244887,37.76487507
8619243,2018,2018-05-24,3801,2018-04-24,1247,2105,CENTR,2,5,7,3801,0,0,0,,0,3A40B,"NORTH POINT ST","COLUMBUS AV",0.00,,Y,A,-,N,,,,,,,,,,N,3,0,1,2,A,-,07,21658,A,N,C,G,A,A,H,-,A,A,0,,Y,,,Y,,A,01,0,1,0,0,0,0,1,0,0,-,-,,,"SAN FRANCISCO","SAN FRANCISCO",-122.41836987,37.80597999
8619231,2018,2018-05-21,3801,2018-04-25,1036,2059,CENTR,3,5,7,3801,0,0,0,,0,3A15A,"SANSOME ST","BUSH ST",0.00,,Y,A,-,N,,,,,,,,,,N,4,0,1,2,A,-,09,21801,A,N,B,G,A,A,H,-,A,D,0,,Y,,,Y,,A,01,0,0,1,0,0,0,1,0,0,-,-,,,"SAN FRANCISCO","SAN FRANCISCO",-122.40070992,37.79119992
8619224,2018,2018-05-25,3801,2018-04-11,1950,321,RICHM,3,5,7,3801,0,0,0,,0,3G15D,"CABRILLO ST","38TH AV",0.00,,Y,C,-,N,,,,,,,,,,N,4,0,1,2,D,-,00,,,N,G,G,A,B,H,-,C,D,0,,Y,,,Y,,-,-,0,0,1,0,0,0,1,0,0,-,-,,,"SAN FRANCISCO","SAN FRANCISCO",-122.49823986,37.7738099
8619207,2018,2018-05-21,3801,2018-04-03,1009,A08317,SOUTH,2,5,7,3801,0,0,0,,0,3B41,"8TH ST","MISSION ST",56.00,S,N,A,-,N,,,,,,,,,,N,3,0,1,2,C,-,18,,,N,B,G,A,A,H,-,A,D,0,,Y,,,Y,,-,-,0,1,0,0,0,0,1,0,0,-,-,,,"SAN FRANCISCO","SAN FRANCISCO",-122.41301753,37.77735569
8619091,2018,2018-05-22,3801,2018-04-24,0805,A21865,SOUTH,2,5,7,3801,0,0,0,,0,3B13A,"FOLSOM ST","LANGTON ST",0.00,,Y,A,-,N,,,,,,,,,,N,3,0,1,2,A,-,08,22107,,N,D,G,A,A,H,-,A,D,0,,Y,,,Y,,D,23,0,1,0,0,0,0,1,0,0,-,-,,,"SAN FRANCISCO","SAN FRANCISCO",-122.40839987,37.77631998
8618827,2018,2018-05-21,3801,2018-04-03,2227,863,NORTH,2,5,7,3801,0,0,0,,0,3E14E,"POLK ST","EDDY ST",0.00,,Y,A,-,N,,,,,,,,,,N,3,0,1,2,A,-,12,21453,A,N,D,G,A,A,-,-,C,A,0,,Y,,,Y,,L,04,0,1,0,0,0,0,1,0,0,-,-,,,"SAN FRANCISCO","SAN FRANCISCO",-122.41917989,37.78307995
8618512,2018,2018-05-30,3801,2018-05-01,1433,2200,NORTH,2,5,7,3801,0,0,0,,0,3E13C,"HAYES ST","BUCHANAN ST",0.00,,Y,A,-,N,,,,,,,,,,N,4,0,1,2,A,-,09,21801,A,N,D,G,A,A,H,-,A,D,0,,Y,,,Y,,A,01,0,0,1,0,0,0,1,0,0,-,-,,,"SAN FRANCISCO","SAN FRANCISCO",-122.42789997,37.7762499
8617240,2018,2018-05-24,3801,2018-03-31,1435,A10351,TENDE,6,5,7,3801,0,0,0,,0,4B3I,"MARKET ST","11TH ST",0.00,,Y,A,-,N,,,,,,,,,,N,3,0,1,2,A,-,09,21801,A,N,D,G,A,A,G,-,A,A,0,,Y,,Y,Y,,G,25,0,1,0,0,0,0,1,0,0,-,-,,,"SAN FRANCISCO","SAN FRANCISCO",-122.41869995,37.77559998
8611789,2018,2018-04-25,3801,2018-03-05,1838,317,MISSI,1,5,7,3801,0,0,0,,0,3D11D,"CHURCH ST","17TH ST",15.00,N,N,A,-,N,,,,,,,,,,N,4,0,1,1,C,-,18,,,N,E,A,A,A,C,-,C,A,0,,Y,,,Y,,-,-,0,0,1,0,0,0,1,0,0,-,-,,,"SAN FRANCISCO","SAN FRANCISCO",-122.42851,37.76292121
8611769,2018,2018-04-25,3801,2018-03-05,1445,1125,NORTH,1,5,7,3801,0,0,0,,0,3E14C,"MARINA BL","SCOTT ST",0.00,,Y,A,-,N,,,,,,,,,,N,4,0,1,2,A,-,09,21801,A,N,-,G,A,A,H,-,A,A,0,,Y,,,Y,,A,01,0,0,1,0,0,0,1,0,0,-,-,,,"SAN FRANCISCO","SAN FRANCISCO",-122.44224986,37.80577993
8605739,2018,2018-05-09,3801,2018-03-27,1202,499,CENTR,2,5,7,3801,0,0,0,,0,3A11A,"BATTERY ST","FILBERT ST",0.00,,Y,A,-,N,,,,,,,,,,N,2,0,1,3,A,-,08,22107,,N,B,G,A,A,-,-,A,A,0,,Y,Y,,Y,,C,03,1,0,0,0,0,0,1,0,0,-,-,,,"SAN FRANCISCO","SAN FRANCISCO",-122.40178992,37.80232999
8603072,2018,2018-05-22,3801,2018-04-20,1720,668,SOUTH,5,5,7,3801,0,0,0,,0,3B14D,"11TH ST","13TH ST",0.00,,Y,A,-,N,,,,,,,,,,N,4,0,1,2,A,-,05,21460,A,N,B,G,A,A,H,-,A,D,0,,Y,,,Y,,A,01,0,0,1,0,0,0,1,0,0,-,-,,,"SAN FRANCISCO","SAN FRANCISCO",,
8603064,2018,2018-05-22,3801,2018-04-17,1530,A11409,SOUTH,2,5,7,3801,0,0,0,,0,0B1,"HAWTHORNE ST","HAWTHORNE ST 170",0.00,,N,A,-,N,,,,,,,,,,N,4,0,1,2,A,-,17,22517,,N,E,G,A,-,G,-,A,D,0,,Y,,,Y,,A,01,0,0,1,0,0,0,1,0,0,-,-,,,"SAN FRANCISCO","SAN FRANCISCO",,
8603060,2018,2018-05-22,3801,2018-04-19,0907,158,INGLE,4,5,7,3801,0,0,0,,0,3H11A,"ALEMANY BL","HARRINGTON ST",100.00,S,N,A,-,N,,,,,,,,,,N,4,0,1,2,A,-,04,21703,,N,C,G,A,A,H,-,A,D,0,,Y,,,Y,,L,04,0,0,1,0,0,0,1,0,0,-,-,,,"SAN FRANCISCO","SAN FRANCISCO",-122.43644815,37.72581176
8603052,2018,2018-05-22,3801,2018-04-20,1040,A20301,SOUTH,5,5,7,3801,0,0,0,,0,,"S VAN NESS AV","MISSION ST",18.00,N,N,A,-,N,,,,,,,,,,N,2,0,1,2,A,-,08,22107,,N,B,G,A,A,H,-,A,A,0,,Y,,,Y,,A,01,1,0,0,0,0,0,1,0,0,-,-,,,"SAN FRANCISCO","SAN FRANCISCO",-122.41864378,37.77315822
8603033,2018,2018-05-22,3801,2018-04-21,0720,715,MISSI,6,5,7,3801,0,0,0,,0,3D4A,"SANCHEZ ST","CLIPPER ST",0.00,,Y,A,-,N,,,,,,,,,,N,4,0,1,2,A,-,05,21650,,N,H,G,A,A,H,-,A,A,0,,Y,Y,,Y,,L,04,0,0,1,0,0,0,1,0,0,-,-,,,"SAN FRANCISCO","SAN FRANCISCO",-122.42939989999999,37.74916999
8603024,2018,2018-05-22,3801,2018-04-05,1020,381,NORTH,4,5,7,3801,0,0,0,,0,3E12A,"MARKET ST","OCTAVIA BL",0.00,,Y,A,-,N,,,,,,,,,,N,3,0,1,2,A,-,08,22101,D,F,D,G,A,A,H,-,A,A,0,,Y,,,Y,,A,01,0,1,0,0,0,0,1,0,0,-,-,,,"SAN FRANCISCO","SAN FRANCISCO",-122.42358993,37.77177995
8603016,2018,2018-05-22,3801,2018-04-04,2025,1605,NORTH,3,5,7,3801,0,0,0,,0,3E60,"UNION ST","GOUGH ST",100.00,W,N,A,-,N,,,,,,,,,,N,4,0,1,2,A,-,21,22106,,N,B,G,A,A,H,-,C,D,0,,Y,,,Y,,A,01,0,0,1,0,0,0,1,0,0,-,-,,,"SAN FRANCISCO","SAN FRANCISCO",-122.42760178,37.79809624
8603012,2018,2018-05-22,3801,2018-04-04,1603,2709,COF,3,5,7,3801,0,0,0,,0,3F62,"MASONIC AV","GOLDEN GATE AV",0.00,,Y,A,-,N,,,,,,,,,,N,3,0,1,2,A,-,09,21801,A,N,D,G,A,A,H,-,A,A,0,,Y,,,Y,,L,04,0,1,0,0,0,0,1,0,0,-,-,,,"SAN FRANCISCO","SAN FRANCISCO",-122.44683987,37.77766993
8603004,2018,2018-05-22,3801,2018-04-04,0800,399,PARK,3,5,7,3801,0,0,0,,0,0F1,"7TH AV","LAWTON ST",0.00,,Y,A,-,N,,,,,,,,,,N,4,0,1,2,A,-,08,22107,,F,B,G,A,A,H,-,A,D,0,,Y,,,Y,,-,-,0,0,1,0,0,0,1,0,0,-,-,,,"SAN FRANCISCO","SAN FRANCISCO",-122.46382993,37.75853998
8602996,2018,2018-05-22,3801,2018-04-03,0936,529,TARAV,2,5,7,3801,0,0,0,,0,3I2A,"40TH AV","VICENTE ST",0.00,,Y,A,-,N,,,,,,,,,,N,4,0,1,2,A,-,12,22450,A,N,H,G,A,A,H,-,A,A,0,,Y,,,Y,,L,04,0,0,1,0,0,0,1,0,0,-,-,,,"SAN FRANCISCO","SAN FRANCISCO",-122.49790993,37.73833995
8602988,2018,2018-06-12,3801,2018-04-08,0915,1116,MISSI,7,5,7,3801,0,0,0,,0,3D15A,"22ND ST","VALENCIA ST",0.00,,Y,A,-,N,,,,,,,,,,N,4,0,1,2,A,-,09,21801,A,N,D,G,A,A,H,-,A,A,0,,Y,,,Y,,A,01,0,0,1,0,0,0,1,0,0,-,-,,,"SAN FRANCISCO","SAN FRANCISCO",-122.42096986,37.75530992
8602985,2018,2018-05-22,3801,2018-04-20,0941,740,MISSI,5,5,7,3801,0,0,0,,0,0D1,"18TH ST","CHURCH ST",0.00,,Y,B,-,N,,,,,,,,,,N,3,0,1,2,A,-,03,22350,,F,C,G,A,A,-,-,C,D,0,,Y,,,Y,,A,01,0,1,0,0,0,0,1,0,0,-,-,,,"SAN FRANCISCO","SAN FRANCISCO",-122.42837989,37.76129991
8602964,2018,2018-05-22,3801,2018-04-19,1641,A10726,NORTH,4,5,7,3801,0,0,0,,0,3E13D,"POLK ST","SUTTER ST",0.00,,Y,A,-,N,,,,,,,,,,N,4,0,1,2,A,-,08,22107,,N,D,G,A,A,D,-,A,D,0,,Y,,,Y,,A,01,0,0,1,0,0,0,1,0,0,-,-,,,"SAN FRANCISCO","SAN FRANCISCO",-122.42009991,37.78775993
8602766,2018,2018-05-24,3801,2018-04-19,0900,887,CENTR,4,5,7,3801,0,0,0,,0,3A15A,"FRONT ST","SACRAMENTO ST",0.00,,Y,A,-,N,,,,,,,,,,N,3,0,1,2,A,-,08,22107,,F,A,G,A,A,H,-,A,A,0,,Y,,Y,Y,,F,26,0,1,0,0,0,0,1,0,0,-,-,,,"SAN FRANCISCO","SAN FRANCISCO",-122.39898996,37.79432992
8599726,2018,2018-04-25,3801,2018-03-29,2229,A23182,TENDE,4,5,7,3801,0,0,0,,0,3J11E,"MARKET ST","7TH ST",128.00,W,N,A,-,N,,,,,,,,,,N,2,0,1,1,A,-,03,22350,,N,H,-,A,A,H,-,C,D,0,,Y,,,Y,,L,04,1,0,0,0,0,0,1,0,0,-,-,,,"SAN FRANCISCO","SAN FRANCISCO",-122.41282367,37.78023167
8599714,2018,2018-04-25,3801,2018-03-25,1304,A23075,SOUTH,7,5,7,3801,0,0,0,,0,3B11C,"5TH ST","NATOMA ST",50.00,N,N,A,-,N,,,,,,,,,,N,3,0,1,2,A,-,09,21801,A,N,D,G,A,A,H,-,A,A,0,,Y,,,Y,,A,01,0,1,0,0,0,0,1,0,0,-,-,,,"SAN FRANCISCO","SAN FRANCISCO",-122.40558493,37.78204506
8598060,2018,2018-07-03,3801,2018-03-10,0201,A21795,BAYVI,6,5,7,3801,0,0,0,,0,3C2E,"EVANS AV","RANKIN ST",0.00,,Y,A,-,N,,,,,,,,,,N,3,0,1,2,A,-,03,22350,,F,C,G,A,A,H,-,C,A,0,,Y,,,Y,Y,-,,0,1,0,0,0,0,1,0,0,-,-,,,"SAN FRANCISCO","SAN FRANCISCO",-122.39215998,37.74507997
8597466,2018,2018-04-24,3801,2018-02-06,2000,181,SOUTH,2,5,7,3801,0,0,0,,0,3B35,"MARKET ST","ROSE ST",0.00,,Y,A,-,N,,,,,,,,,,N,4,0,1,2,A,-,08,22107,,N,B,G,A,A,H,-,C,D,0,,Y,,,Y,,A,01,0,0,1,0,0,0,1,0,0,-,-,,,"SAN FRANCISCO","SAN FRANCISCO",-122.42113992,37.77368991
8597300,2018,2018-08-08,3801,2018-03-29,1656,2239,INGLE,4,5,7,3801,0,0,0,,0,3H5C,"OCEAN AV","RT 280",55.00,E,N,A,-,Y,SF,4,280,-,R,1.852,R,4,N,N,2,0,1,1,D,-,00,,,N,H,J,A,A,H,-,A,A,0,,Y,,,Y,,-,-,1,0,0,0,0,0,1,0,0,-,-,,,"SAN FRANCISCO","SAN FRANCISCO",-122.44726203,37.72411365
8597292,2018,2018-04-19,3801,2018-03-26,1422,A20830,SOUTH,1,5,7,3801,0,0,0,,0,0B3,"MINNA ST","8TH ST",20.00,W,N,A,-,N,,,,,,,,,,N,3,0,1,1,A,-,03,22350,,N,E,-,A,A,H,-,A,D,0,,Y,,,Y,,L,04,0,1,0,0,0,0,1,0,0,-,-,,,"SAN FRANCISCO","SAN FRANCISCO",-122.41264887,37.77701109
8597277,2018,2018-04-18,3801,2018-03-28,1115,1572,SOUTH,3,5,7,3801,0,0,0,,0,3B1A,"7TH ST","MISSION BAY DR",155.00,N,N,A,-,N,,,,,,,,,,N,3,0,1,2,A,-,07,21658,A,N,B,G,A,A,H,-,A,A,0,,Y,,,Y,,-,,0,1,0,0,0,0,1,0,0,-,-,,,"SAN FRANCISCO","SAN FRANCISCO",-122.39908108,37.76971135
8597267,2018,2018-04-18,3801,2018-03-11,1420,265,COMPD,7,5,7,3801,0,0,0,,0,3D44C,"LEXINGTON ST","18TH ST",22.00,S,N,A,-,N,,,,,,,,,,N,4,0,1,2,A,-,17,21657,,N,B,G,A,A,H,-,A,D,0,,Y,,,Y,,A,01,0,0,1,0,0,0,1,0,0,-,-,,,"SAN FRANCISCO","SAN FRANCISCO",-122.42077469,37.76168971
8597264,2018,2018-04-18,3801,2018-03-13,0818,504,PARK,2,5,7,3801,0,0,0,,0,003,"BEAUMONT AV","ANZA ST",0.00,,Y,B,C,N,,,,,,,,,,N,4,0,1,2,A,-,09,21801,A,N,A,G,A,B,H,-,A,D,0,,Y,,,Y,,A,01,0,0,1,0,0,0,1,0,0,-,-,,,"SAN FRANCISCO","SAN FRANCISCO",-122.4549999,37.78009991
8597263,2018,2018-04-18,3801,2018-03-12,0753,933,INGLE,1,5,7,3801,0,0,0,,0,3H11A,"ALEMANY BL","SAN BRUNO AV",0.00,,Y,A,-,N,,,,,,,,,,N,4,0,1,2,A,-,09,21804,A,N,A,G,A,A,H,-,A,A,0,,Y,,,Y,,A,01,0,0,1,0,0,0,1,0,0,-,-,,,"SAN FRANCISCO","SAN FRANCISCO",-122.40816994,37.73588
8597247,2018,2018-04-23,3801,2018-03-14,1725,A22572,SOUTH,3,5,7,3801,0,0,0,,0,901,HOWARD,"MAIN ST",0.00,,Y,A,-,N,,,,,,,,,,Y,2,0,1,2,A,-,09,21801,A,N,C,G,A,A,H,-,A,A,0,,Y,,,Y,,L,04,1,0,0,0,0,0,1,0,0,-,-,,,"SAN FRANCISCO","SAN FRANCISCO",-122.39339987,37.79061999
8597245,2018,2018-04-18,3801,2018-03-21,2336,4136,CENTR,3,5,7,3801,0,0,0,,0,3A14E,"BAY ST","KEARRY ST",318.00,W,N,C,-,N,,,,,,,,,,Y,2,0,1,2,A,-,03,22350,,N,C,G,A,B,H,-,C,D,0,,Y,,,Y,,A,01,1,0,0,0,0,0,1,0,0,-,-,,,"SAN FRANCISCO","SAN FRANCISCO",-122.40825659,37.80629889
8597242,2018,2018-04-19,3801,2018-03-28,1815,2709,COF,3,5,7,3801,0,0,0,,0,3F1D,"WARREN DR","7TH AV",0.00,,Y,A,-,N,,,,,,,,,,N,3,0,1,2,A,-,06,21760,C,N,B,G,A,A,H,-,A,A,0,,Y,,,Y,,A,01,0,1,0,0,0,0,1,0,0,-,-,,,"SAN FRANCISCO","SAN FRANCISCO",-122.46382993,37.75853998
8597238,2018,2018-04-19,3801,2018-03-29,0837,1485,3E,4,5,7,3801,0,0,0,,0,12A,"OAK ST","DIVISADERO ST",50.00,E,N,A,-,N,,,,,,,,,,N,4,0,1,2,A,-,09,21804,A,N,H,G,A,A,H,-,A,D,0,,Y,,,Y,,A,01,0,0,1,0,0,0,1,0,0,-,-,,,"SAN FRANCISCO","SAN FRANCISCO",-122.43725873,37.7731596
8597236,2018,2018-04-18,3801,2018-03-14,0810,196,MISSI,3,5,7,3801,0,0,0,,0,3D14A,"17TH ST","DOLORES ST",0.00,,Y,C,-,N,,,,,,,,,,N,2,0,1,1,A,-,03,22350,,N,H,A,A,B,H,-,A,A,0,,Y,,,Y,,L,04,1,0,0,0,0,0,1,0,0,-,-,,,"SAN FRANCISCO","SAN FRANCISCO",-122.4262999,37.76300994
8597222,2018,2018-04-19,3801,2018-03-28,1707,A22200,MISSI,3,5,7,3801,0,0,0,,0,3DL3D,"VALENCIA ST","15TH ST",0.00,,Y,A,-,N,,,,,,,,,,N,3,0,1,2,A,-,08,22107,,F,D,G,A,A,H,-,A,A,0,,Y,,,Y,,A,01,0,1,0,0,0,0,1,0,0,-,-,,,"SAN FRANCISCO","SAN FRANCISCO",-122.42202993,37.76652999
8597207,2018,2018-04-18,3801,2018-03-21,1830,2709,COF,3,5,7,3801,0,0,0,,0,3F13D,"WALLER ST","STANYAN ST",0.00,,Y,A,-,N,,,,,,,,,,N,3,0,1,2,A,-,05,21202,A,N,H,G,A,A,H,-,A,A,0,,Y,,,Y,,L,04,0,1,0,0,0,0,1,0,0,-,-,,,"SAN FRANCISCO","SAN FRANCISCO",-122.4533499,37.76824994
8594878,2018,2018-04-24,3801,2018-03-24,1255,1290,MISSI,6,5,7,3801,0,0,0,,0,3D3C,"14TH ST","VALENCIA ST",0.00,,Y,A,B,N,,,,,,,,,,N,4,0,1,2,A,-,08,22100,A,N,D,G,A,A,H,-,A,D,0,,Y,,,Y,,A,01,0,0,1,0,0,0,1,0,0,-,-,,,"SAN FRANCISCO","SAN FRANCISCO",-122.42217989,37.76814989
8594866,2018,2018-04-23,3801,2018-03-23,1742,1782,J,5,5,7,3801,0,0,0,,0,3J12D,"MARKET ST","5TH ST",0.00,,Y,A,-,N,,,,,,,,,,N,2,0,1,1,A,-,08,22107,,N,H,A,A,A,H,-,A,A,0,,Y,,,Y,,L,04,1,0,0,0,0,0,1,0,0,-,-,,,"SAN FRANCISCO","SAN FRANCISCO",-122.40805989,37.78399992
8594847,2018,2018-04-27,3801,2018-03-17,1708,1782,TENDE,6,5,7,3801,0,0,0,,0,3J12D,"TURK ST","JONES ST",0.00,,Y,A,-,N,,,,,,,,,,N,4,0,1,2,A,-,05,21202,A,N,B,G,A,A,H,-,A,A,0,,Y,,,Y,,L,04,0,0,1,0,0,0,1,0,0,-,-,,,"SAN FRANCISCO","SAN FRANCISCO",-122.41240991,37.78299994
8594814,2018,2018-04-23,3801,2018-03-22,1818,417,SOTHE,4,5,7,3801,0,0,0,,0,3B14D,"12TH ST","FOLSOM ST",0.00,,Y,A,-,N,,,,,,,,,,N,2,0,1,2,A,-,12,21453,A,F,D,G,A,A,H,-,A,A,0,,Y,,,Y,,L,04,1,0,0,0,0,0,1,0,0,-,-,,,"SAN FRANCISCO","SAN FRANCISCO",-122.41499987,37.7708999
8594806,2018,2018-04-25,3801,2018-03-23,0105,2415,SOUTH,5,5,7,3801,0,0,0,,0,0J2,"9TH ST","MARKET ST",230.00,S,N,A,-,N,,,,,,,,,,N,4,0,1,2,A,-,03,22350,,N,C,G,A,A,H,-,C,A,0,,Y,,,Y,,A,01,0,0,1,0,0,0,1,0,0,-,-,,,"SAN FRANCISCO","SAN FRANCISCO",-122.41576609,37.77705403
8594804,2018,2018-05-09,3801,2018-03-15,1816,386,TENDE,4,5,7,3801,0,0,0,,0,3J11D,"MARKET ST","10TH ST",230.00,W,N,C,-,N,,,,,,,,,,N,4,0,1,2,A,-,06,21755,A,N,H,G,A,B,H,-,B,D,0,,Y,,,Y,,L,04,0,0,1,0,0,0,1,0,0,-,-,,,"SAN FRANCISCO","SAN FRANCISCO",-122.41809162,37.77608222
8594627,2018,2018-04-26,3801,2018-03-04,1325,1896,PARL,7,5,7,3801,0,0,0,,0,4CAR,"CHURCH ST","DUBOCE ST",177.00,S,N,A,-,N,,,,,,,,,,N,3,0,1,1,D,-,00,,,N,H,-,A,A,H,-,A,D,0,,Y,,,Y,,-,-,0,1,0,0,0,0,1,0,0,-,-,,,"SAN FRANCISCO","SAN FRANCISCO",-122.42907706,37.76897496
8594613,2018,2018-04-20,3801,2018-03-30,1720,233,MISSI,5,5,7,3801,0,0,0,,0,0D1,"VALENCIA ST","16TH ST",66.00,N,N,A,-,N,,,,,,,,,,N,3,0,1,2,A,-,03,22350,,N,C,G,A,A,H,-,A,A,0,,Y,,,Y,,L,04,0,1,0,0,0,0,1,0,0,-,-,,,"SAN FRANCISCO","SAN FRANCISCO",-122.42190324,37.76509101
8594603,2018,2018-04-26,3801,2018-03-03,1825,417,SOUTH,6,5,7,3801,0,0,0,,0,3B13D,"MISSION ST","ANGLO ALY",30.00,E,N,B,-,N,,,,,,,,,,N,4,0,1,2,A,-,-,,,N,D,G,A,A,H,-,C,D,0,,Y,,,Y,,L,04,0,0,1,0,0,0,1,0,0,-,-,,,"SAN FRANCISCO","SAN FRANCISCO",,
8594602,2018,2018-04-20,3801,2018-03-05,1757,4315,SOUTH,1,5,7,3801,0,0,0,,0,3B1C,"HARRISON ST","2ND ST",0.00,,Y,A,-,N,,,,,,,,,,N,4,0,1,2,A,-,12,21453,A,N,D,G,A,A,H,-,A,A,0,,Y,,,Y,,L,04,0,0,1,0,0,0,1,0,0,-,-,,,"SAN FRANCISCO","SAN FRANCISCO",-122.39517994,37.78432997
8594592,2018,2018-04-20,3801,2018-03-05,1620,1832,TENDE,1,5,7,3801,0,0,0,,0,3J51D,"MCALLISTER ST","LEAVENWORTH ST",0.00,,Y,A,-,N,,,,,,,,,,N,4,0,1,2,A,-,09,21801,B,N,B,G,A,A,H,-,A,A,0,,Y,,,Y,,L,04,0,0,1,0,0,0,1,0,0,-,-,,,"SAN FRANCISCO","SAN FRANCISCO",-122.41368992,37.78092991
8594591,2018,2018-04-26,3801,2018-03-02,1440,417,SOUTH,5,5,7,3801,0,0,0,,0,3B13D,"HENRY ADAMS ST","DIVISION ST",0.00,,Y,B,C,N,,,,,,,,,,N,4,0,1,2,A,-,06,21755,A,N,B,G,A,B,H,-,A,A,0,,Y,,,Y,,A,07,0,0,1,0,0,0,1,0,0,-,-,,,"SAN FRANCISCO","SAN FRANCISCO",,
8594578,2018,2018-04-20,3801,2018-03-11,2026,1336,TENDE,7,5,7,3801,0,0,0,,0,3J11D,"ELLIS ST","LEAVENWORTH ST",19.00,W,N,A,-,N,,,,,,,,,,N,3,0,1,2,A,-,05,21460,A,N,A,G,A,A,H,-,C,A,0,,Y,,,Y,,L,04,0,1,0,0,0,0,1,0,0,-,-,,,"SAN FRANCISCO","SAN FRANCISCO",-122.4144845,37.78465982
8594577,2018,2018-04-20,3801,2018-03-04,0928,1530,BAYVI,7,5,7,3801,0,0,0,,0,3C15A,"3RD ST","PAUL AV",46.00,S,N,A,-,N,,,,,,,,,,N,4,0,1,2,B,-,22,,,N,D,G,A,A,H,-,A,D,0,,Y,,,Y,,L,04,0,0,1,0,0,0,1,0,0,-,-,,,"SAN FRANCISCO","SAN FRANCISCO",-122.39580262,37.72229074
8594570,2018,2018-04-20,3801,2018-03-12,0957,309,INGLE,1,5,7,3801,0,0,0,,0,3H2C,"GUERRERO ST","27TH ST",0.00,,Y,A,-,N,,,,,,,,,,N,4,0,1,2,A,-,09,21801,A,N,D,G,A,A,H,-,A,D,0,,Y,,,Y,,A,01,0,0,1,0,0,0,1,0,0,-,-,,,"SAN FRANCISCO","SAN FRANCISCO",-122.42246993,37.74714992
8594569,2018,2018-04-20,3801,2018-03-05,1700,671,MISSI,1,5,7,3801,0,0,0,,0,3D15C,"13TH ST","MISSION ST",5.00,E,N,A,-,N,,,,,,,,,,N,3,0,1,2,A,-,12,21453,A,N,D,H,A,A,-,-,A,A,0,,Y,,,Y,,L,04,0,1,0,0,0,0,1,0,0,-,-,,,"SAN FRANCISCO","SAN FRANCISCO",-122.42016272,37.76998934