CASE_ID,ACCIDENT_YEAR,PROC_DATE,JURIS,COLLISION_DATE,COLLISION_TIME,OFFICER_ID,REPORTING_DISTRICT,DAY_OF_WEEK,CHP_SHIFT,POPULATION,CNTY_CITY_LOC,SPECIAL_COND,BEAT_TYPE,CHP_BEAT_TYPE,CITY_DIVISION_LAPD,CHP_BEAT_CLASS,BEAT_NUMBER,PRIMARY_RD,SECONDARY_RD,DISTANCE,DIRECTION,INTERSECTION,WEATHER_1,WEATHER_2,STATE_HWY_IND,CALTRANS_COUNTY,CALTRANS_DISTRICT,STATE_ROUTE,ROUTE_SUFFIX,POSTMILE_PREFIX,POSTMILE,LOCATION_TYPE,RAMP_INTERSECTION,SIDE_OF_HWY,TOW_AWAY,COLLISION_SEVERITY,NUMBER_KILLED,NUMBER_INJURED,PARTY_COUNT,PRIMARY_COLL_FACTOR,PCF_CODE_OF_VIOL,PCF_VIOL_CATEGORY,PCF_VIOLATION,PCF_VIOL_SUBSECTION,HIT_AND_RUN,TYPE_OF_COLLISION,MVIW,PED_ACTION,ROAD_SURFACE,ROAD_COND_1,ROAD_COND_2,LIGHTING,CONTROL_DEVICE,CHP_ROAD_TYPE,PEDESTRIAN_ACCIDENT,BICYCLE_ACCIDENT,MOTORCYCLE_ACCIDENT,TRUCK_ACCIDENT,NOT_PRIVATE_PROPERTY,ALCOHOL_INVOLVED,STWD_VEHTYPE_AT_FAULT,CHP_VEHTYPE_AT_FAULT,COUNT_SEVERE_INJ,COUNT_VISIBLE_INJ,COUNT_COMPLAINT_PAIN,COUNT_PED_KILLED,COUNT_PED_INJURED,COUNT_BICYCLIST_KILLED,COUNT_BICYCLIST_INJURED,COUNT_MC_KILLED,COUNT_MC_INJURED,PRIMARY_RAMP,SECONDARY_RAMP,LATITUDE,LONGITUDE,COUNTY,CITY,POINT_X,POINT_Y
8594563,2018,2018-04-26,3801,2018-03-09,0857,30,NORTH,5,5,7,3801,0,0,0,,0,3E11A,"PAGE ST","OCTAVIA ST",177.00,W,N,A,-,N,,,,,,,,,,,4,0,1,2,A,-,05,21460,A,N,D,G,A,A,H,-,A,D,0,,Y,,,Y,,-,,0,0,1,0,0,0,1,0,0,-,-,,,"SAN FRANCISCO","SAN FRANCISCO",-122.42471363,37.77379715
8594289,2018,2018-04-24,3801,2018-03-27,1118,1100,TENDE,2,5,7,3801,0,0,0,,0,3J50,"FULTON ST","HYDE ST",12.00,E,N,A,-,N,,,,,,,,,,N,3,0,2,3,A,-,10,21950,A,N,G,G,B,-,H,-,A,A,0,Y,Y,,,Y,,D,22,0,2,0,0,1,0,1,0,0,-,-,,,"SAN FRANCISCO","SAN FRANCISCO",-122.41508891,37.7798148
8587694,2018,2018-05-24,3801,2018-04-20,1808,A21521,SOUTH,5,5,7,3801,0,0,0,,0,0J1,LEAVENWORTH,"TURK ST",0.00,,Y,A,-,N,,,,,,,,,,N,3,0,1,1,C,-,18,,,N,F,A,A,A,H,-,A,A,0,,Y,,,Y,,-,-,0,1,0,0,0,0,1,0,0,-,-,,,"SAN FRANCISCO","SAN FRANCISCO",-122.41403986,37.78279991
8575089,2018,2018-06-28,3801,2018-02-07,0827,1541,RICHM,3,5,7,3801,0,0,0,,0,3G00,"CLEMENT ST","23RD AV & 24TH AV",0.00,,Y,F,-,N,,,,,,,,,,N,4,0,1,2,A,-,-,,,N,E,G,A,-,G,-,A,D,0,,Y,,,Y,,A,01,0,0,1,0,0,0,1,0,0,-,-,,,"SAN FRANCISCO","SAN FRANCISCO",,
8575050,2018,2018-06-28,3801,2018-02-01,1904,2180,PARK,4,5,7,3801,0,0,0,,0,3F13D,"FELL ST","MASONIC AV",0.00,,Y,A,-,N,,,,,,,,,,N,3,0,1,1,C,-,18,,,N,H,I,A,A,H,-,C,A,0,,Y,,,Y,,-,-,0,1,0,0,0,0,1,0,0,-,-,,,"SAN FRANCISCO","SAN FRANCISCO",-122.44591997,37.77297997
8574836,2018,2018-04-19,3801,2018-03-15,0920,2376,SOUTH,4,5,7,3801,0,0,0,,0,3B5A,"DIVISION ST","VERMONT ST",0.00,,Y,B,C,N,,,,,,,,,,N,4,0,1,2,A,-,08,22107,,N,B,G,A,B,H,-,A,D,0,,Y,,,Y,,A,01,0,0,1,0,0,0,1,0,0,-,-,,,"SAN FRANCISCO","SAN FRANCISCO",-122.40496988,37.76973993
8574355,2018,2018-03-20,3801,2018-02-21,1105,319,RICHM,3,5,7,3801,0,0,0,,0,3G13A,"10TH AV","CLEMENT ST",0.00,,N,A,-,N,,,,,,,,,,N,3,0,1,1,A,-,03,22350,,N,H,A,A,A,H,-,A,D,0,,Y,,,Y,,J,48,0,1,0,0,0,0,1,0,0,-,-,,,"SAN FRANCISCO","SAN FRANCISCO",-122.46870988,37.78272998
8574248,2018,2018-03-15,3801,2018-03-07,0832,979,BAYVI,3,5,7,3801,0,0,0,,0,3C1A,"BAYSHORE BL","HELENA ST",0.00,,Y,A,-,N,,,,,,,,,,N,2,0,1,2,A,-,08,22107,,N,D,G,A,A,H,-,A,A,0,,Y,,,Y,,A,01,1,0,0,0,0,0,1,0,0,-,-,,,"SAN FRANCISCO","SAN FRANCISCO",-122.40675998,37.73634992
8574159,2018,2018-03-21,3801,2018-02-08,0842,196,MISSI,4,5,7,3801,0,0,0,,0,3D15A,"14TH ST","MISSION ST",48.00,W,N,A,-,N,,,,,,,,,,N,3,0,1,2,A,-,08,22107,,N,B,G,A,A,H,-,A,A,0,,Y,,,Y,,A,01,0,1,0,0,0,0,1,0,0,-,-,,,"SAN FRANCISCO","SAN FRANCISCO",-122.4201356,37.76827965
8574141,2018,2018-03-15,3801,2018-01-23,1100,4315,SOUTH,2,5,7,3801,0,0,0,,0,3B3C,"HOWARD ST","5TH ST",110.00,E,N,A,-,N,,,,,,,,,,N,3,0,1,2,A,-,08,22107,,N,B,G,A,A,H,-,A,D,0,,Y,,,Y,,-,,0,1,0,0,0,0,1,0,0,-,-,,,"SAN FRANCISCO","SAN FRANCISCO",-122.40466003,37.78172308
8574099,2018,2018-03-22,3801,2018-02-11,1419,2392,MISSI,7,5,7,3801,0,0,0,,0,801,"18TH ST","VALENCIA ST",0.00,,Y,A,-,N,,,,,,,,,,N,3,0,1,2,A,-,09,21801,A,N,D,G,A,A,H,-,A,A,0,,Y,,,Y,,A,01,0,1,0,0,0,0,1,0,0,-,-,,,"SAN FRANCISCO","SAN FRANCISCO",-122.42155988,37.76170995
8573911,2018,2018-03-24,3801,2018-02-19,0140,2415,SOUTH,1,5,7,3801,0,0,0,,0,3B13E,"7TH ST","NATOMA ST",0.00,,Y,A,-,N,,,,,,,,,,N,4,0,1,2,A,-,08,22107,,N,D,G,A,A,H,-,C,A,0,,Y,,,Y,,A,01,0,0,1,0,0,0,1,0,0,-,-,,,"SAN FRANCISCO","SAN FRANCISCO",-122.40989998,37.77839993
8573899,2018,2018-03-15,3801,2018-02-19,1720,1817,CENTR,1,5,7,3801,0,0,0,,0,3A5D,"MARKET ST","3RD ST",20.00,N,N,A,-,N,,,,,,,,,,N,3,0,1,3,A,-,17,22517,,N,B,G,A,-,H,-,A,A,0,,Y,,,Y,,-,,0,1,0,0,0,0,1,0,0,-,-,,,"SAN FRANCISCO","SAN FRANCISCO",-122.40340968,37.78769774
8573891,2018,2018-03-15,3801,2018-02-20,0845,1116,MISSI,2,5,7,3801,0,0,0,,0,3D2A,"24TH ST","DIAMOND ST",174.00,E,N,A,-,N,,,,,,,,,,N,3,0,1,1,A,-,03,22350,,N,F,A,A,A,H,-,A,D,0,,Y,,,Y,,L,04,0,1,0,0,0,0,1,0,0,-,-,,,"SAN FRANCISCO","SAN FRANCISCO",-122.43569989,37.75119798
8573877,2018,2018-03-14,3801,2018-02-22,1807,887,NORTH,4,5,7,3801,0,0,0,,0,3E12D,"POLK ST","CALIFORNIA ST",15.00,S,N,A,G,N,,,,,,,,,,,4,0,1,2,A,-,08,22107,,F,B,G,A,A,H,-,C,A,0,,Y,,,Y,,A,07,0,0,1,0,0,0,1,0,0,-,-,,,"SAN FRANCISCO","SAN FRANCISCO",-122.42067212,37.79052927
8573873,2018,2018-03-14,3801,2018-02-23,0838,4341,PARK,5,5,7,3801,0,0,0,,0,3F60,"PIERCE ST","WALLER ST",0.00,,Y,A,-,N,,,,,,,,,,N,4,0,1,1,A,-,17,21200,A,N,H,-,A,D,D,G,A,A,0,,Y,,,Y,,L,04,0,0,1,0,0,0,1,0,0,-,-,,,"SAN FRANCISCO","SAN FRANCISCO",-122.43352989,37.77076988
8573871,2018,2018-03-15,3801,2018-02-19,0829,2060+,SOUTH,1,5,7,3801,0,0,0,,0,3B12A,"BRYANT ST","5TH ST",0.00,,Y,A,B,N,,,,,,,,,,N,4,0,1,2,A,-,08,22107,,N,D,G,A,A,H,-,A,A,0,,Y,,,Y,,A,01,0,0,1,0,0,0,1,0,0,-,-,,,"SAN FRANCISCO","SAN FRANCISCO",-122.40028996,37.77779999
8573867,2018,2018-03-15,3801,2018-02-10,1850,677,BAYVI,6,5,7,3801,0,0,0,,0,3C60,"MARIPOSA ST","INDIANA ST",5.00,W,N,A,-,N,,,,,,,,,,Y,4,0,1,2,A,-,03,22350,,N,A,G,A,A,-,-,C,A,0,,Y,,,Y,,A,01,0,0,1,0,0,0,1,0,0,-,-,,,"SAN FRANCISCO","SAN FRANCISCO",-122.39175723,37.76414871
8573866,2018,2018-03-14,3801,2018-02-10,1710,1927,RICHM,6,5,7,3801,0,0,0,,0,3G2D,"GEARY BL","WOOD ST",87.00,E,N,A,-,N,,,,,,,,,,,4,0,1,2,A,-,17,22517,,M,H,G,A,A,H,-,B,D,0,,Y,,,Y,,A,01,0,0,1,0,0,0,1,0,0,-,-,,,"SAN FRANCISCO","SAN FRANCISCO",-122.44880188,37.78238375
8573853,2018,2018-03-14,3801,2018-02-24,1725,1480,MISSI,6,5,7,3801,0,0,0,,0,3D14E,"VALENCIA ST","16TH ST",125.00,N,N,A,-,N,,,,,,,,,,N,3,0,1,2,A,-,06,21755,,N,B,G,A,A,H,-,A,A,0,,Y,,,Y,,A,01,0,1,0,0,0,0,1,0,0,-,-,,,"SAN FRANCISCO","SAN FRANCISCO",-122.42191508,37.76525282
8573847,2018,2018-03-15,3801,2018-02-13,1436,1511,BAYVI,2,5,7,3801,0,0,0,,0,3C11C,"TENNESSEE ST","CESAR CHAVEZ ST",0.00,,N,A,-,N,,,,,,,,,,N,4,0,1,2,A,-,-,,,N,D,G,A,A,H,-,A,D,0,,Y,,,Y,,L,04,0,0,1,0,0,0,1,0,0,-,-,,,"SAN FRANCISCO","SAN FRANCISCO",-122.38847992,37.75016989
8573843,2018,2018-03-15,3801,2018-02-23,1611,A21077,SOUTH,5,5,7,3801,0,0,0,,0,1CAR,"SPEAR ST","HOWARD ST",0.00,,Y,A,-,N,,,,,,,,,,N,4,0,1,2,A,-,09,21801,,N,D,G,A,A,H,-,A,A,0,,Y,,,Y,,A,01,0,0,1,0,0,0,1,0,0,-,-,,,"SAN FRANCISCO","SAN FRANCISCO",-122.39254994,37.79131995
8573842,2018,2018-03-14,3801,2018-02-02,0940,897,CENTR,5,5,7,3801,0,0,0,,0,3A14B,"BAY ST","KEARNY ST",0.00,,Y,A,-,N,,,,,,,,,,N,4,0,1,2,A,-,08,22107,,N,D,G,A,A,H,-,A,A,0,,Y,,,Y,,A,01,0,0,1,0,0,0,1,0,0,-,-,,,"SAN FRANCISCO","SAN FRANCISCO",-122.40716988,37.8064399
8573833,2018,2018-03-14,3801,2018-02-10,1427,2365,RICHM,6,5,7,3801,0,0,0,,0,3G14A,"JOHN F KENNEDY DR","30TH AV",1056.00,E,N,A,-,N,,,,,,,,,,N,4,0,1,2,A,-,09,21801,A,N,D,G,A,A,H,-,A,D,0,,Y,,,Y,,A,01,0,0,1,0,0,0,1,0,0,-,-,,,"SAN FRANCISCO","SAN FRANCISCO",-122.48625812,37.77059406
8573827,2018,2018-03-14,3801,2018-02-22,1242,1190,MISSI,4,5,7,3801,0,0,0,,0,3D13C,"CHURCH ST","CLIPPER ST",18.00,N,N,A,-,N,,,,,,,,,,N,3,0,1,1,A,-,05,21650,1,N,H,-,A,A,H,-,A,A,0,,Y,,,Y,,L,04,0,1,0,0,0,0,1,0,0,-,-,,,"SAN FRANCISCO","SAN FRANCISCO",-122.42723305,37.74933939
8573822,2018,2018-03-13,3801,2018-02-28,1606,342,BAYVI,3,5,7,3801,0,0,0,,0,3C15C,"3RD ST","INGERSON AV",70.00,S,N,B,-,N,,,,,,,,,,N,3,0,1,3,A,-,04,21703,,F,C,G,A,A,H,-,A,D,0,,Y,,,Y,,-,,0,1,0,0,0,0,1,0,0,-,-,,,"SAN FRANCISCO","SAN FRANCISCO",-122.3964622,37.72081219
8573814,2018,2018-04-04,3801,2018-02-28,2200,455,TENDE,3,5,7,3801,0,0,0,,0,901,"HYDE ST","GOLDEN GATE AV",0.00,,Y,A,C,N,,,,,,,,,,N,4,0,1,2,A,-,08,22107,,N,D,G,A,B,H,-,C,A,0,,Y,,,Y,,A,01,0,0,1,0,0,0,1,0,0,-,-,,,"SAN FRANCISCO","SAN FRANCISCO",-122.41549995,37.78164991
8573812,2018,2018-03-14,3801,2018-02-22,1122,4341,PARK,4,5,7,3801,0,0,0,,0,3F60,"FELL ST","BAKER ST",161.00,E,N,A,-,N,,,,,,,,,,N,4,0,1,2,A,-,08,22107,,N,D,G,A,A,H,-,A,A,0,,Y,,,Y,,A,01,0,0,1,0,0,0,1,0,0,-,-,,,"SAN FRANCISCO","SAN FRANCISCO",-122.44038058,37.7736937
8573800,2018,2018-03-15,3801,2018-02-15,1730,A21296,BAYVI,4,5,7,3801,0,0,0,,0,03C,"3RD ST","CESAR CHAVEZ ST",100.00,N,N,A,-,N,,,,,,,,,,N,4,0,1,2,A,-,07,21658,A,F,B,G,A,A,H,-,A,D,0,,Y,,,Y,,A,07,0,0,1,0,0,0,1,0,0,-,-,,,"SAN FRANCISCO","SAN FRANCISCO",-122.38770372,37.7505045
8573799,2018,2018-03-14,3801,2018-02-24,1132,1340,RICHM,6,5,7,3801,0,0,0,,0,3G12A,"JOHN F KENNEDY DR","HAGIWARA TEA GARDEN DR",1056.00,W,N,A,-,N,,,,,,,,,,N,4,0,1,2,A,-,17,21208,A,N,F,A,A,A,H,-,A,D,0,,Y,,,Y,,L,04,0,0,1,0,0,0,1,0,0,-,-,,,"SAN FRANCISCO","SAN FRANCISCO",-122.46729,37.77255
8573794,2018,2018-03-13,3801,2018-02-10,0856,86,TARAV,6,5,7,3801,0,0,0,,0,3I16A,"GOETHE ST","SAN JOSE AV",13.00,W,N,A,-,N,,,,,,,,,,N,4,0,1,2,A,-,09,21804,A,N,D,G,A,A,H,-,A,A,0,,Y,,,Y,,L,04,0,0,1,0,0,0,1,0,0,-,-,,,"SAN FRANCISCO","SAN FRANCISCO",-122.45888407,37.7084633
8573791,2018,2018-03-14,3801,2018-02-18,1552,1782,COJ,7,5,7,3801,0,0,0,,0,,"JONES ST","EDDY ST",16.00,N,N,A,-,N,,,,,,,,,,N,4,0,1,3,A,-,06,21751,,N,F,G,A,A,H,-,A,A,0,,Y,,,Y,,L,04,0,0,1,0,0,0,1,0,0,-,-,,,"SAN FRANCISCO","SAN FRANCISCO",-122.41259868,37.78398341
8573777,2018,2018-03-14,3801,2018-02-15,1118,2388,TENDE,4,5,7,3801,0,0,0,,0,3J91A,"EDDY ST","MASON ST",0.00,,Y,A,-,N,,,,,,,,,,N,4,0,1,2,A,-,08,22107,,N,-,G,A,A,H,-,A,A,0,,Y,,,Y,,A,01,0,0,1,0,0,0,1,0,0,-,-,,,"SAN FRANCISCO","SAN FRANCISCO",-122.40929991,37.78437996
8573776,2018,2018-03-14,3801,2018-02-01,1650,2312,NORTH,4,5,7,3801,0,0,0,,0,003,"POLK ST","ELM ST",0.00,,Y,A,-,N,,,,,,,,,,N,4,0,1,2,A,-,09,21801,A,N,D,G,A,A,H,-,A,D,0,,Y,,,Y,,A,01,0,0,1,0,0,0,1,0,0,-,-,,,"SAN FRANCISCO","SAN FRANCISCO",-122.41890986,37.78169989
8573774,2018,2018-03-13,3801,2018-02-12,1530,276,MISSI,1,5,7,3801,0,0,0,,0,3D13D,"4TH ST","HOWARD ST",20.00,S,N,A,-,N,,,,,,,,,,N,3,0,1,2,A,-,17,22517,,N,H,G,A,A,H,-,A,A,0,,Y,,,Y,,-,,0,1,0,0,0,0,1,0,0,-,-,,,"SAN FRANCISCO","SAN FRANCISCO",-122.40265145,37.78323083
8573773,2018,2018-03-14,3801,2018-02-07,0843,1075,NORTH,3,5,7,3801,0,0,0,,0,3E27,"HAYES ST","BUCHANAN ST",46.00,W,N,A,-,N,,,,,,,,,,N,4,0,1,2,A,-,03,22350,,F,C,G,A,A,D,-,A,D,0,,Y,,,Y,,A,01,0,0,1,0,0,0,1,0,0,-,-,,,"SAN FRANCISCO","SAN FRANCISCO",-122.42805718,37.77622988
8573768,2018,2018-03-21,3801,2018-02-05,1625,4320,INGLE,1,5,7,3801,0,0,0,,0,006,"SUNNYDALE AV","PERSIA AV",0.00,,Y,A,-,N,,,,,,,,,,,2,0,1,1,A,-,15,21201,A,N,-,-,A,A,H,-,A,D,0,,Y,,,Y,,L,04,1,0,0,0,0,0,1,0,0,-,-,,,"SAN FRANCISCO","SAN FRANCISCO",-122.42586998,37.71827997
8573761,2018,2018-03-14,3801,2018-02-03,1505,865,MISSI,6,5,7,3801,0,0,0,,0,3D44C,"24TH ST","CAPP ST",66.00,W,N,A,-,N,,,,,,,,,,N,4,0,1,2,A,-,00,20001,A,M,B,G,A,A,H,-,A,D,0,,Y,,,Y,,L,04,0,0,1,0,0,0,1,0,0,-,-,,,"SAN FRANCISCO","SAN FRANCISCO",-122.4175678,37.75229735
8572876,2018,2018-03-14,3801,2018-02-03,1030,59,MISSI,6,5,7,3801,0,0,0,,0,3D15A,"HARRISON ST","16TH ST",0.00,,Y,A,-,N,,,,,,,,,,N,4,0,1,2,A,-,09,21801,A,N,D,G,A,A,H,-,A,A,0,,Y,,,Y,,A,01,0,0,1,0,0,0,1,0,0,-,-,,,"SAN FRANCISCO","SAN FRANCISCO",-122.41314996,37.76544994
8572872,2018,2018-03-14,3801,2018-02-03,0012,1837,BAYVI,6,5,7,3801,0,0,0,,0,11E,"DE HARO ST","19TH ST",25.00,N,N,A,-,N,,,,,,,,,,N,4,0,1,1,D,-,00,,,N,F,A,A,A,H,-,C,D,0,,Y,,,Y,,-,-,0,0,1,0,0,0,1,0,0,-,-,,,"SAN FRANCISCO","SAN FRANCISCO",-122.40120652,37.76109848
8572860,2018,2018-03-14,3801,2018-02-02,1343,1213,RICHM,5,5,7,3801,0,0,0,,0,0G5,"POINT LOBOS",BALBOA,0.00,N,-,A,-,N,,,,,,,,,,N,3,0,1,2,A,-,07,21658,A,N,B,G,A,A,H,-,A,D,0,,Y,,,Y,,-,,0,1,0,0,0,0,1,0,0,-,-,,,"SAN FRANCISCO","SAN FRANCISCO",,
8572852,2018,2018-03-21,3801,2018-02-05,2138,1239,MISSI,1,5,7,3801,0,0,0,,0,5CAR,"MISSION ST","16TH ST",160.00,N,N,A,-,N,,,,,,,,,,N,4,0,1,1,A,-,-,,,N,H,I,A,A,H,-,C,D,0,,Y,,,Y,,L,04,0,0,1,0,0,0,1,0,0,-,-,,,"SAN FRANCISCO","SAN FRANCISCO",-122.41970985,37.7654884
8572836,2018,2018-03-14,3801,2018-02-04,1930,4140,TARAV,7,5,7,3801,0,0,0,,0,3I15D,"HOLLOWAY AV","19TH AV",0.00,,Y,A,-,N,,,,,,,,,,N,3,0,1,2,A,-,14,21201,D,N,D,G,A,A,H,-,C,A,0,,Y,,,Y,,L,04,0,1,0,0,0,0,1,0,0,-,-,,,"SAN FRANCISCO","SAN FRANCISCO",-122.47536995,37.72094989
8572816,2018,2018-03-14,3801,2018-02-04,1806,2095,COD,7,5,7,3801,0,0,0,,0,901,"DIAMOND ST","19TH ST",187.00,N,N,A,-,N,,,,,,,,,,N,2,0,1,2,A,-,03,22350,,N,B,G,A,A,H,-,C,D,0,,Y,,,Y,,L,04,1,0,0,0,0,0,1,0,0,-,-,,,"SAN FRANCISCO","SAN FRANCISCO",-122.43707381,37.75966194
8572812,2018,2018-03-27,3801,2018-02-06,1006,86,TARAV,2,5,7,3801,0,0,0,,0,3I13A,"LAKE MERCED BL","MIDDLEFIELD DR",290.00,S,N,A,-,N,,,,,,,,,,N,3,0,1,2,A,-,06,21760,B,N,B,G,A,A,H,-,A,D,0,,Y,,,Y,,A,07,0,1,0,0,0,0,1,0,0,-,-,,,"SAN FRANCISCO","SAN FRANCISCO",-122.48566952,37.72927976
8572688,2018,2018-03-14,3801,2018-02-04,2007,942,SOUTH,7,5,7,3801,0,0,0,,0,3B12D,"HOWARD ST","5TH ST",0.00,,Y,A,-,N,,,,,,,,,,N,3,0,1,2,A,-,12,21453,A,N,D,G,A,A,H,-,B,A,0,,Y,,,Y,,A,01,0,1,0,0,0,0,1,0,0,-,-,,,"SAN FRANCISCO","SAN FRANCISCO",-122.40492993,37.78150996
8572684,2018,2018-03-27,3801,2018-02-06,1530,2213,TENDE,2,5,7,3801,0,0,0,,0,3J52D,"MARKET ST","MASON ST",0.00,,Y,A,-,N,,,,,,,,,,N,3,0,1,1,D,-,00,,,N,-,A,A,A,H,-,A,A,0,,Y,,,Y,,-,-,0,1,0,0,0,0,1,0,0,-,-,,,"SAN FRANCISCO","SAN FRANCISCO",-122.40907997,37.78322992
8572680,2018,2018-03-14,3801,2018-02-09,2144,334,MISSI,5,5,7,3801,0,0,0,,0,901,"VALENCIA ST","16TH ST",144.00,S,N,A,-,N,,,,,,,,,,N,4,0,1,2,A,-,17,21200,,N,B,G,A,A,H,-,C,A,0,,Y,,,Y,,L,04,0,0,1,0,0,0,1,0,0,-,-,,,"SAN FRANCISCO","SAN FRANCISCO",-122.42185324,37.76451549
8572557,2018,2018-03-20,3801,2018-02-26,1612,A09968,COFPA,1,5,7,3801,0,0,0,,0,3F61,"FELL ST","SHRADER ST",0.00,,Y,A,-,N,,,,,,,,,,N,4,0,1,2,A,-,12,21453,A,N,D,G,A,A,H,-,A,A,0,,Y,,,Y,,D,22,0,0,1,0,0,0,1,0,0,-,-,,,"SAN FRANCISCO","SAN FRANCISCO",-122.45240998,37.77215
8572546,2018,2018-04-19,3801,2018-02-28,0800,979,BAYVI,3,5,7,3801,0,0,0,,0,3C15A,"22ND ST","TENNESSEE ST",0.00,,Y,A,-,N,,,,,,,,,,N,2,0,1,3,A,-,03,22350,,N,A,G,A,A,H,-,A,A,0,,Y,,,Y,,L,04,1,0,0,0,0,0,1,0,0,-,-,,,"SAN FRANCISCO","SAN FRANCISCO",-122.38924989,37.75788996
8568824,2018,2018-03-20,3801,2018-02-13,0835,1990,1CAR,2,5,7,3801,0,0,0,,0,1CAR,"FREMONT ST","HOWARD ST",201.00,S,N,A,-,N,,,,,,,,,,N,2,0,1,3,A,-,17,22517,,N,H,G,A,A,H,-,A,A,0,,Y,,,Y,,A,01,1,0,0,0,0,0,1,0,0,-,-,,,"SAN FRANCISCO","SAN FRANCISCO",-122.3946398,37.7888462
8568812,2018,2018-03-16,3801,2018-02-01,2000,986,MISSI,4,5,7,3801,0,0,0,,0,3D14D,"HARRISON ST","18TH ST",0.00,,Y,A,-,N,,,,,,,,,,Y,3,0,1,2,A,-,01,23153,,N,C,G,A,A,H,-,C,D,0,,Y,,,Y,Y,A,01,0,1,0,0,0,0,1,0,0,-,-,,,"SAN FRANCISCO","SAN FRANCISCO",-122.41284999,37.76224989
8562269,2018,2018-02-27,3801,2018-01-04,1400,276,MISSI,4,5,7,3801,0,0,0,,0,3D13D,"DUBOCE AV BIKEWAY","BUCHANAN ST",0.00,,Y,C,-,N,,,,,,,,,,N,3,0,1,2,A,-,21,22106,,F,C,G,A,B,H,-,A,D,0,,Y,,,Y,,A,01,0,1,0,0,0,0,1,0,0,-,-,,,"SAN FRANCISCO","SAN FRANCISCO",,
8557536,2018,2018-03-15,3801,2018-02-26,1132,1572,SOUTH,1,5,7,3801,0,0,0,,0,3B13A,"FOLSOM ST","7TH ST",0.00,,Y,A,-,N,,,,,,,,,,N,4,0,1,2,A,-,07,21658,A,N,B,G,A,A,H,-,A,A,0,,Y,,,Y,,L,04,0,0,1,0,0,0,1,0,0,-,-,,,"SAN FRANCISCO","SAN FRANCISCO",-122.40784985,37.77676989
8557533,2018,2018-03-15,3801,2018-02-18,2140,4005,MISSI,7,5,7,3801,0,0,0,,0,3D13E,"CEASAR CHAVEZ ST","VALENCIA ST",5.00,E,N,A,-,N,,,,,,,,,,N,3,0,1,2,A,-,12,21453,A,N,D,G,A,A,H,-,C,A,0,,Y,,,Y,,L,04,0,1,0,0,0,0,1,0,0,-,-,,,"SAN FRANCISCO","SAN FRANCISCO",-122.42023271,37.74812032
8557532,2018,2018-03-15,3801,2018-02-12,1322,A20688,SOUTH,1,5,7,3801,0,0,0,,0,3B2B,"5TH ST","HARRISON ST",20.00,S,N,A,-,N,,,,,,,,,,N,4,0,1,2,A,-,06,21750,,F,B,G,A,A,H,-,A,A,0,,Y,,,Y,,A,01,0,0,1,0,0,0,1,0,0,-,-,,,"SAN FRANCISCO","SAN FRANCISCO",-122.40182235,37.77902015
8556686,2018,2018-02-27,3801,2018-01-08,0720,A09968,,1,5,7,3801,0,0,0,,0,3F61,"VALENCIA ST","CESAR CHAVEZ ST",0.00,,Y,B,C,N,,,,,,,,,,N,4,0,1,2,D,-,00,,,N,B,G,A,B,H,-,A,A,0,,Y,,,Y,,-,-,0,0,1,0,0,0,1,0,0,-,-,,,"SAN FRANCISCO","SAN FRANCISCO",-122.42024995,37.74811995
8555554,2018,2018-02-20,3801,2018-01-07,1127,4039,TARAV,7,5,7,3801,0,0,0,,0,3I11A,"9TH AV","IRVING ST",0.00,,Y,B,-,N,,,,,,,,,,N,3,0,1,1,B,-,22,,,N,H,A,A,A,H,-,A,A,0,,Y,,,Y,,L,04,0,1,0,0,0,0,1,0,0,-,-,,,"SAN FRANCISCO","SAN FRANCISCO",-122.46631986,37.76403991
8555252,2018,2018-02-14,3801,2018-01-09,1821,676,TENDE,2,5,7,3801,0,0,0,,0,3J52D,"MARKET ST","5TH ST",0.00,,Y,A,-,N,,,,,,,,,,N,4,0,1,2,A,-,12,21453,A,N,H,G,A,A,H,-,C,A,0,,Y,,,Y,,L,04,0,0,1,0,0,0,1,0,0,-,-,,,"SAN FRANCISCO","SAN FRANCISCO",-122.40805989,37.78399992
8555235,2018,2018-03-16,3801,2018-01-22,1752,671,MISSI,1,5,7,3801,0,0,0,,0,3D15C,"FOLSOM ST","26TH ST",15.00,W,N,A,-,N,,,,,,,,,,N,4,0,1,2,A,-,00,21650,G,M,D,G,A,A,H,-,C,D,0,,Y,,,Y,,L,04,0,0,1,0,0,0,1,0,0,-,-,,,"SAN FRANCISCO","SAN FRANCISCO",-122.41379,37.74932
8553241,2018,2018-02-15,3801,2018-01-02,2045,383,NORTH,2,5,7,3801,0,0,0,,0,3E12D,"POST ST","STEINER ST",0.00,,Y,A,-,N,,,,,,,,,,N,4,0,1,2,A,-,12,21453,A,N,D,G,A,A,H,-,C,A,0,,Y,,,Y,,L,04,0,0,1,0,0,0,1,0,0,-,-,,,"SAN FRANCISCO","SAN FRANCISCO",-122.43471994,37.7849399