CASE_ID,ACCIDENT_YEAR,PROC_DATE,JURIS,COLLISION_DATE,COLLISION_TIME,OFFICER_ID,REPORTING_DISTRICT,DAY_OF_WEEK,CHP_SHIFT,POPULATION,CNTY_CITY_LOC,SPECIAL_COND,BEAT_TYPE,CHP_BEAT_TYPE,CITY_DIVISION_LAPD,CHP_BEAT_CLASS,BEAT_NUMBER,PRIMARY_RD,SECONDARY_RD,DISTANCE,DIRECTION,INTERSECTION,WEATHER_1,WEATHER_2,STATE_HWY_IND,CALTRANS_COUNTY,CALTRANS_DISTRICT,STATE_ROUTE,ROUTE_SUFFIX,POSTMILE_PREFIX,POSTMILE,LOCATION_TYPE,RAMP_INTERSECTION,SIDE_OF_HWY,TOW_AWAY,COLLISION_SEVERITY,NUMBER_KILLED,NUMBER_INJURED,PARTY_COUNT,PRIMARY_COLL_FACTOR,PCF_CODE_OF_VIOL,PCF_VIOL_CATEGORY,PCF_VIOLATION,PCF_VIOL_SUBSECTION,HIT_AND_RUN,TYPE_OF_COLLISION,MVIW,PED_ACTION,ROAD_SURFACE,ROAD_COND_1,ROAD_COND_2,LIGHTING,CONTROL_DEVICE,CHP_ROAD_TYPE,PEDESTRIAN_ACCIDENT,BICYCLE_ACCIDENT,MOTORCYCLE_ACCIDENT,TRUCK_ACCIDENT,NOT_PRIVATE_PROPERTY,ALCOHOL_INVOLVED,STWD_VEHTYPE_AT_FAULT,CHP_VEHTYPE_AT_FAULT,COUNT_SEVERE_INJ,COUNT_VISIBLE_INJ,COUNT_COMPLAINT_PAIN,COUNT_PED_KILLED,COUNT_PED_INJURED,COUNT_BICYCLIST_KILLED,COUNT_BICYCLIST_INJURED,COUNT_MC_KILLED,COUNT_MC_INJURED,PRIMARY_RAMP,SECONDARY_RAMP,LATITUDE,LONGITUDE,COUNTY,CITY,POINT_X,POINT_Y
8553205,2018,2018-02-15,3801,2018-01-14,1735,33,CENTR,7,5,7,3801,0,0,0,,0,004,EMBARCADERO,"GRANT AV",0.00,,Y,A,-,N,,,,,,,,,,Y,3,0,1,1,D,-,00,,,N,H,A,A,A,H,-,C,D,0,,Y,,,Y,,-,-,0,1,0,0,0,0,1,0,0,-,-,,,"SAN FRANCISCO","SAN FRANCISCO",,
8553193,2018,2018-02-13,3801,2018-01-12,0813,203,MISSI,5,5,7,3801,0,0,0,,0,904,"14TH ST",GUERRERO,0.00,,Y,A,-,N,,,,,,,,,,N,3,0,1,2,A,-,06,21755,A,N,B,G,A,A,H,-,A,A,0,,Y,,,Y,,L,04,0,1,0,0,0,0,1,0,0,-,-,,,"SAN FRANCISCO","SAN FRANCISCO",-122.42440985,37.76801994
8553178,2018,2018-02-14,3801,2018-01-05,1630,A21392,RICHM,5,5,7,3801,0,0,0,,0,1CAR,"JOHN F KENNEDY DR","10TH AV",0.00,,Y,C,-,N,,,,,,,,,,N,3,0,1,2,A,-,12,22450,A,N,D,G,A,B,H,-,A,A,0,,Y,,,Y,,L,04,0,1,0,0,0,0,1,0,0,-,-,,,"SAN FRANCISCO","SAN FRANCISCO",,
8553177,2018,2018-02-14,3801,2018-01-17,1708,427,RICHM,3,5,7,3801,0,0,0,,0,3G13D,"CLEMENT ST","28TH AV",0.00,,Y,A,-,N,,,,,,,,,,N,3,0,1,2,A,-,09,21804,A,N,D,G,A,A,H,-,B,D,0,,Y,,,Y,,L,04,0,1,0,0,0,0,1,0,0,-,-,,,"SAN FRANCISCO","SAN FRANCISCO",-122.48807993,37.78185995
8553176,2018,2018-02-14,3801,2018-01-11,0937,614,SOUTH,4,5,7,3801,0,0,0,,0,0B5,"TOWNSEND ST","DIVISION ST",0.00,,Y,A,-,N,,,,,,,,,,N,3,0,1,1,C,-,18,,,N,H,J,A,A,A,-,A,D,0,,Y,,,Y,,-,-,0,1,0,0,0,0,1,0,0,-,-,,,"SAN FRANCISCO","SAN FRANCISCO",-122.40439997,37.76976993
8553168,2018,2018-02-14,3801,2018-01-11,1431,1464,TENDE,4,5,7,3801,0,0,0,,0,3J62,"MARKET ST","TAYLOR ST",0.00,,Y,A,-,N,,,,,,,,,,N,4,0,1,2,A,-,06,21750,A,F,B,G,A,A,H,-,A,D,0,,Y,,,Y,,A,01,0,0,1,0,0,0,1,0,0,-,-,,,"SAN FRANCISCO","SAN FRANCISCO",-122.41029991,37.78223989
8553165,2018,2018-02-14,3801,2018-01-10,1540,14102,E,3,5,7,3801,0,0,0,,0,3E12C,"VALENCIA ST","CESAR CHAVEZ ST",180.00,N,N,C,-,N,,,,,,,,,,N,2,0,1,2,A,-,17,22517,,F,H,G,A,B,H,-,A,D,0,,Y,,,Y,,A,01,1,0,0,0,0,0,1,0,0,-,-,,,"SAN FRANCISCO","SAN FRANCISCO",-122.42030976,37.7486122
8553162,2018,2018-02-14,3801,2018-01-05,1000,4341,PARK,5,5,7,3801,0,0,0,,0,3F60,"FELL ST","BAKER ST",132.00,E,N,C,-,N,,,,,,,,,,N,4,0,1,2,A,-,08,22107,,N,B,G,A,B,H,-,A,A,0,,Y,,,Y,,A,01,0,0,1,0,0,0,1,0,0,-,-,,,"SAN FRANCISCO","SAN FRANCISCO",-122.44047955,37.77368043
8553160,2018,2018-02-14,3801,2018-01-11,1701,293,NORTH,4,5,7,3801,0,0,0,,0,3E15D,"OAK ST","BUCHANAN ST",15.00,W,N,A,-,N,,,,,,,,,,N,3,0,1,2,A,-,03,22350,,N,B,G,A,A,H,-,A,A,0,,Y,,,Y,,L,04,0,1,0,0,0,0,1,0,0,-,-,,,"SAN FRANCISCO","SAN FRANCISCO",-122.42759107,37.77439261
8553159,2018,2018-02-14,3801,2018-01-25,0926,1794,SOUTH,4,5,7,3801,0,0,0,,0,4B1I,"TERRY A FRANCOIS BL","SOUTH ST",193.00,N,N,B,-,N,,,,,,,,,,N,3,0,1,2,A,-,08,22102,,N,D,C,A,B,H,-,A,D,0,,Y,,,Y,,A,01,0,1,0,0,0,0,1,0,0,-,-,37.76894,-122.38656,"SAN FRANCISCO","SAN FRANCISCO",-122.38635116,37.76955864
8552937,2018,2018-02-14,3801,2018-01-20,1256,185,MISSI,6,5,7,3801,0,0,0,,0,3D14C,"MISSION ST","13TH ST",0.00,,Y,A,-,N,,,,,,,,,,N,4,0,1,2,A,-,12,21453,,N,H,G,A,A,H,-,A,A,0,,Y,,,Y,,L,04,0,0,1,0,0,0,1,0,0,-,-,,,"SAN FRANCISCO","SAN FRANCISCO",-122.42017991,37.76998996
8552921,2018,2018-02-14,3801,2018-01-27,2010,209,NORTH,6,5,7,3801,0,0,0,,0,03E,"FILLMORE ST","GOLDEN GATE",84.00,N,N,A,-,N,,,,,,,,,,N,4,0,1,2,A,-,17,22517,,N,H,G,A,A,H,-,C,D,0,,Y,,,Y,Y,A,01,0,0,1,0,0,0,1,0,0,-,-,,,"SAN FRANCISCO","SAN FRANCISCO",-122.43198841,37.77978754
8552905,2018,2018-02-14,3801,2018-01-24,1750,1785,J,3,5,7,3801,0,0,0,,0,4M53,"MARKET ST","SOUTH VAN NESS ST",38.00,E,N,C,E,N,,,,,,,,,,N,3,0,1,1,A,-,03,22350,,N,E,I,A,B,G,-,C,A,0,,Y,,,Y,,L,04,0,1,0,0,0,0,1,0,0,-,-,,,"SAN FRANCISCO","SAN FRANCISCO",-122.41916548,37.77524258
8552871,2018,2018-02-14,3801,2018-01-06,1645,A21266,TARAV,6,5,7,3801,0,0,0,,0,3I15B,"SLOAT BL","23RD AV",0.00,,Y,A,-,N,,,,,,,,,,N,4,0,1,2,A,-,09,21801,A,F,D,G,A,A,H,-,A,D,0,,Y,,,Y,,A,01,0,0,1,0,0,0,1,0,0,-,-,,,"SAN FRANCISCO","SAN FRANCISCO",-122.47936995,37.73463996
8552862,2018,2018-02-13,3801,2018-01-24,1729,1613,MISSI,3,5,7,3801,0,0,0,,0,003,"BARTLETT ST","22ND ST",141.00,N,N,C,-,N,,,,,,,,,,N,4,0,1,2,A,-,08,22107,,N,B,G,A,B,H,-,D,D,0,,Y,Y,,Y,,C,06,0,0,1,0,0,0,1,0,0,-,-,,,"SAN FRANCISCO","SAN FRANCISCO",-122.41988402,37.755756410000004
8552849,2018,2018-03-09,3801,2018-01-29,1358,887,NORTH,1,5,7,3801,0,0,0,,0,3E13C,"POLK ST","EDDY ST",132.00,S,N,A,-,N,,,,,,,,,,N,3,0,1,2,A,-,08,22107,,N,D,G,A,A,H,-,A,A,0,,Y,,,Y,,L,04,0,1,0,0,0,0,1,0,0,-,-,,,"SAN FRANCISCO","SAN FRANCISCO",-122.41910914,37.78272176
8552847,2018,2018-02-14,3801,2018-01-10,1755,819,TENDE,3,5,7,3801,0,0,0,,0,3J14D,"MARKET ST","8TH ST",190.00,E,N,C,-,N,,,,,,,,,,N,2,0,1,1,A,-,03,22350,,N,H,A,A,B,G,-,C,A,0,,Y,,,Y,,L,04,1,0,0,0,0,0,1,0,0,-,-,,,"SAN FRANCISCO","SAN FRANCISCO",-122.41428824,37.77907364
8552831,2018,2018-02-14,3801,2018-01-13,2341,1060,SOUTH,6,5,7,3801,0,0,0,,0,004,"11TH ST","HARRISON ST",115.00,N,N,A,-,N,,,,,,,,,,N,4,0,1,2,A,-,08,22107,,F,D,G,A,A,H,-,C,D,0,,Y,,,Y,,A,01,0,0,1,0,0,0,1,0,0,-,-,,,"SAN FRANCISCO","SAN FRANCISCO",-122.41274826,37.77085587
8552820,2018,2018-02-14,3801,2018-01-10,1742,1613,MISSI,3,5,7,3801,0,0,0,,0,003,"21ST ST","FOLSOM ST",72.00,E,N,C,-,N,,,,,,,,,,N,4,0,1,3,A,-,17,22517,,N,B,G,A,B,H,-,C,D,0,,Y,Y,,Y,,C,06,0,0,1,0,0,0,1,0,0,-,-,,,"SAN FRANCISCO","SAN FRANCISCO",-122.41427136,37.75731243
8552783,2018,2018-02-21,3801,2018-01-30,1022,942,SOUTH,2,5,7,3801,0,0,0,,0,3B13A,"FOLSOM ST","SHERMAN ST",0.00,,Y,A,-,N,,,,,,,,,,N,4,0,1,2,A,-,06,21755,A,N,D,G,A,A,H,-,A,D,0,,Y,,Y,Y,,L,04,0,0,1,0,0,0,1,0,0,-,-,,,"SAN FRANCISCO","SAN FRANCISCO",-122.40701986,37.77740992
8552747,2017,2018-02-12,3801,2017-11-27,1035,2168,MISSI,1,5,7,3801,0,0,0,,0,3D16A,"16TH ST","HARRISON ST",0.00,,Y,A,-,N,,,,,,,,,,N,4,0,1,2,A,-,09,21801,A,N,D,G,A,A,H,-,A,A,0,,Y,,,Y,,-,,0,0,1,0,0,0,1,0,0,-,-,,,"SAN FRANCISCO","SAN FRANCISCO",-122.41314996,37.76544994
8540104,2017,2018-01-27,3801,2017-09-18,1917,1239,MISSI,1,5,7,3801,0,0,0,,0,6CAR,"POTRERO AV","22ND ST",0.00,,Y,A,-,N,,,,,,,,,,N,3,0,1,2,A,-,08,22107,,N,H,G,A,A,H,-,A,A,0,,Y,,,Y,,A,01,0,1,0,0,0,0,1,0,0,-,-,,,"SAN FRANCISCO","SAN FRANCISCO",-122.40669999,37.75683998
8540087,2017,2018-01-29,3801,2017-12-10,1506,865,MISIS,7,5,7,3801,0,0,0,,0,3D44C,"24TH ST","ALABAMA ST",55.00,W,N,A,-,N,,,,,,,,,,N,4,0,1,2,A,-,17,22517,,N,D,G,A,A,H,-,A,A,0,,Y,,,Y,,A,01,0,0,1,0,0,0,1,0,0,-,-,,,"SAN FRANCISCO","SAN FRANCISCO",-122.41112968,37.75269789
8539996,2017,2018-01-27,3801,2017-12-29,1719,1766,CENTR,5,5,7,3801,0,0,0,,0,4B3C,"NORTHPOINT ST","POLK ST",127.00,E,N,A,-,N,,,,,,,,,,N,4,0,1,3,A,-,17,22517,,N,B,G,A,A,H,-,C,A,0,,Y,,,Y,,A,01,0,0,1,0,0,0,1,0,0,-,-,,,"SAN FRANCISCO","SAN FRANCISCO",,
8539980,2017,2018-01-27,3801,2017-12-04,1835,A20973,BAYVI,1,5,7,3801,0,0,0,,0,3C43,"3RD ST","LA SALLE AV",0.00,,Y,A,-,N,,,,,,,,,,N,4,0,1,2,A,-,06,21750,,N,B,G,A,A,H,-,C,A,0,,Y,,,Y,,A,01,0,0,1,0,0,0,1,0,0,-,-,,,"SAN FRANCISCO","SAN FRANCISCO",-122.38993995,37.73721997
8539940,2017,2018-01-27,3801,2017-12-07,0928,A11062,RICHM,4,5,7,3801,0,0,0,,0,3G58,"MARTIN LUTHER KING JR DR","TRANSVERSE DR",0.00,,Y,A,-,N,,,,,,,,,,N,4,0,1,2,A,-,09,21802,A,N,D,G,A,A,H,-,A,A,0,,Y,,,Y,,A,01,0,0,1,0,0,0,1,0,0,-,-,,,"SAN FRANCISCO","SAN FRANCISCO",-122.47829989,37.76589993
8539919,2017,2018-01-26,3801,2017-12-15,0740,2740,BAYVI,5,5,7,3801,0,0,0,,0,3C13A,"BEATRICE LN","LILLIAN ST",0.00,,Y,A,-,N,,,,,,,,,,N,2,0,1,2,A,-,03,22350,,N,D,G,A,A,H,-,A,D,0,,Y,,,Y,,A,01,1,0,0,0,0,0,1,0,0,-,-,,,"SAN FRANCISCO","SAN FRANCISCO",-122.38114992,37.73136996
8539914,2017,2018-01-26,3801,2017-12-18,0845,4341,PARK,1,5,7,3801,0,0,0,,0,3F60,"WOODSIDE AV","IDORA AV",0.00,,Y,A,-,N,,,,,,,,,,N,4,0,1,2,A,-,17,21200,A,N,D,G,A,A,H,-,A,A,0,,Y,,,Y,,L,04,0,0,1,0,0,0,1,0,0,-,-,,,"SAN FRANCISCO","SAN FRANCISCO",-122.45463991,37.74609992
8539913,2017,2018-01-30,3801,2017-12-08,1710,1906,NORTH,5,5,7,3801,0,0,0,,0,3E5,"FILLMORE ST","BAY ST",0.00,,Y,A,-,N,,,,,,,,,,N,4,0,1,2,A,-,09,21801,B,N,D,G,A,A,H,-,C,A,0,,Y,,,Y,,L,04,0,0,1,0,0,0,1,0,0,-,-,,,"SAN FRANCISCO","SAN FRANCISCO",-122.43664989,37.80269993
8539909,2017,2018-01-30,3801,2017-12-09,1453,385,NORTH,6,5,7,3801,0,0,0,,0,3E95A,"MARKET ST","1ST ST",0.00,,Y,A,-,N,,,,,,,,,,N,4,0,1,1,D,-,00,,,N,H,A,A,A,H,-,A,D,0,,Y,,,Y,,-,-,0,0,1,0,0,0,1,0,0,-,-,,,"SAN FRANCISCO","SAN FRANCISCO",-122.39913993,37.79104989
8539895,2017,2018-01-26,3801,2017-12-21,2325,451,MISSI,4,5,7,3801,0,0,0,,0,3D17E,"VALENCIA ST","17TH ST",290.00,N,N,A,-,N,,,,,,,,,,N,3,0,1,2,A,-,08,22102,,N,D,G,A,A,H,-,C,D,0,,Y,,,Y,Y,A,01,0,1,0,0,0,0,1,0,0,-,-,,,"SAN FRANCISCO","SAN FRANCISCO",-122.42181402,37.7640945
8539890,2017,2018-01-26,3801,2017-12-14,0935,1794,TENDE,4,5,7,3801,0,0,0,,0,4B1I,"6TH ST","JESSIE ALY",0.00,,Y,A,-,N,,,,,,,,,,N,4,0,1,2,A,-,08,22107,,N,B,-,A,A,H,-,-,D,0,,Y,,,Y,,L,04,0,0,1,0,0,0,1,0,0,-,-,,,"SAN FRANCISCO","SAN FRANCISCO",-122.40920997,37.78139999
8539880,2017,2018-01-26,3801,2017-12-01,2004,2239,INDLE,5,5,7,3801,0,0,0,,0,3H13D,"MISSION ST","SILVER AV",30.00,N,N,A,-,N,,,,,,,,,,N,3,0,1,1,C,-,18,,,N,H,J,A,A,H,-,C,A,0,,Y,,,Y,,-,-,0,1,0,0,0,0,1,0,0,-,-,,,"SAN FRANCISCO","SAN FRANCISCO",-122.43121708,37.72880554
8539871,2017,2018-01-26,3801,2017-12-27,1520,2100,RICHM,3,5,7,3801,0,0,0,,0,3G13D,"CLEMENT ST","PARK PRESIDIO BL",0.00,,Y,A,-,N,,,,,,,,,,N,4,0,1,2,A,-,04,21703,,N,B,G,A,A,H,-,A,A,0,,Y,,,Y,,A,01,0,0,1,0,0,0,1,0,0,-,-,,,"SAN FRANCISCO","SAN FRANCISCO",-122.47246995,37.78257992
8539863,2017,2018-01-26,3801,2017-12-27,2020,1279,BAYVI,3,5,7,3801,0,0,0,,0,3C11D,"ILLINOIS ST","20TH ST",0.00,,Y,A,-,N,,,,,,,,,,Y,4,0,1,2,A,-,08,22107,,N,D,G,A,A,H,-,C,A,0,,Y,,,Y,,A,01,0,0,1,0,0,0,1,0,0,-,-,,,"SAN FRANCISCO","SAN FRANCISCO",-122.38757986,37.7605599
8539856,2017,2018-01-26,3801,2017-12-08,1605,897,CENTR,5,5,7,3801,0,0,0,,0,3A12A,"BUSH ST","POLK ST",40.00,E,N,A,-,N,,,,,,,,,,N,3,0,1,2,A,-,13,22500,H,M,H,G,A,A,H,-,A,D,0,,Y,,,Y,,A,01,0,1,0,0,0,0,1,0,0,-,-,,,"SAN FRANCISCO","SAN FRANCISCO",-122.42016333,37.78870761
8539849,2017,2018-01-26,3801,2017-12-12,1801,564,NORTH,2,5,7,3801,0,0,0,,0,3E11D,"PAGE ST","FRANKLIN ST",0.00,,Y,A,-,N,,,,,,,,,,N,2,0,1,1,C,-,18,,,N,H,G,A,A,A,-,C,A,0,,Y,,,Y,,-,-,1,0,0,0,0,0,1,0,0,-,-,,,"SAN FRANCISCO","SAN FRANCISCO",-122.42076998,37.77428994
8539848,2017,2018-01-26,3801,2017-12-11,0805,4305,MISIS,1,5,7,3801,0,0,0,,0,3D11A,"MARKET ST","CHURCH ST",0.00,,Y,A,-,N,,,,,,,,,,N,3,0,1,2,A,-,17,22517,,N,B,G,A,A,H,-,A,A,0,,Y,,,Y,,A,01,0,1,0,0,0,0,1,0,0,-,-,,,"SAN FRANCISCO","SAN FRANCISCO",-122.42893989,37.76760989
8539847,2017,2018-01-26,3801,2017-12-29,2042,829,BAYVI,5,5,7,3801,0,0,0,,0,3C11D,"PHELPS ST","CARROLL AV",0.00,,Y,A,-,N,,,,,,,,,,N,4,0,1,2,A,-,00,21801,C,F,H,G,A,A,H,-,C,A,0,,Y,,,Y,,A,01,0,0,1,0,0,0,1,0,0,-,-,,,"SAN FRANCISCO","SAN FRANCISCO",-122.40086,37.72918992
8539841,2017,2018-01-26,3801,2017-12-11,1920,4041,TARAV,1,5,7,3801,0,0,0,,0,3I16D,"OCEAN AV","LEE AV",0.00,,Y,A,-,N,,,,,,,,,,N,3,0,1,2,A,-,08,22100,B,N,D,G,A,A,H,-,C,A,0,,Y,,,Y,,L,04,0,1,0,0,0,0,1,0,0,-,-,,,"SAN FRANCISCO","SAN FRANCISCO",-122.45409987,37.72348995
8539834,2017,2018-02-12,3801,2017-12-06,1650,2379,INGLE,3,5,7,3801,0,0,0,,0,3H4C,"SILVER AV","LISBON AV",109.00,E,N,A,-,N,,,,,,,,,,N,2,0,1,2,A,-,05,21650,G,N,B,G,A,A,-,-,B,D,0,,Y,,,Y,,L,04,1,0,0,0,0,0,1,0,0,-,-,,,"SAN FRANCISCO","SAN FRANCISCO",-122.42828315,37.72854124
8539825,2017,2018-01-26,3801,2017-12-09,0808,4341,PARK,6,5,7,3801,0,0,0,,0,3F60,"MARKET ST","NOE ST",0.00,,Y,A,-,N,,,,,,,,,,N,4,0,1,2,A,-,05,21202,A,N,D,G,A,A,H,-,A,A,0,,Y,,,Y,,L,04,0,0,1,0,0,0,1,0,0,-,-,,,"SAN FRANCISCO","SAN FRANCISCO",-122.43313992,37.76423996
8539810,2017,2018-01-27,3801,2017-12-08,1144,2204,MISSI,5,5,7,3801,0,0,0,,0,3D11C,"VALENCIA ST","18TH ST",0.00,,Y,A,-,N,,,,,,,,,,N,3,0,1,2,A,-,17,22517,,N,E,G,A,A,-,-,A,D,0,,Y,,,Y,,A,01,0,1,0,0,0,0,1,0,0,-,-,,,"SAN FRANCISCO","SAN FRANCISCO",-122.42155988,37.76170995
8539806,2017,2018-01-27,3801,2017-12-08,0930,326,MISSI,5,5,7,3801,0,0,0,,0,3D14A,"DIVISION ST","POTRERO ST",413.00,W,N,A,-,N,,,,,,,,,,N,3,0,1,2,D,-,00,,,N,B,G,A,A,H,-,A,D,0,,Y,,,Y,,-,-,0,1,0,0,0,0,1,0,0,-,-,,,"SAN FRANCISCO","SAN FRANCISCO",-122.4093081,37.76918101
8539801,2017,2018-01-26,3801,2017-12-04,1400,515,A,1,5,7,3801,0,0,0,,0,03A,FRONT,CALIFORNIA,0.00,,Y,F,-,N,,,,,,,,,,N,4,0,1,2,A,-,17,22517,,N,H,G,A,A,H,-,A,D,0,,Y,,,Y,,-,,0,0,1,0,0,0,1,0,0,-,-,,,"SAN FRANCISCO","SAN FRANCISCO",-122.39881993,37.79336989
8539785,2017,2018-01-26,3801,2017-12-10,1841,1239,MISSI,7,5,7,3801,0,0,0,,0,4CAR,"MISSION ST","24TH ST",0.00,,Y,A,-,N,,,,,,,,,,N,4,0,1,2,A,-,07,21658,A,N,H,G,A,A,H,-,C,A,0,,Y,,,Y,,A,01,0,0,1,0,0,0,1,0,0,-,-,,,"SAN FRANCISCO","SAN FRANCISCO",-122.41848989,37.7522599
8539765,2017,2018-01-26,3801,2017-12-18,0955,1342,NORTH,1,5,7,3801,0,0,0,,0,3E14A,"DIVISADERO ST","POST ST",0.00,,Y,A,-,N,,,,,,,,,,N,3,0,1,2,A,-,12,21453,A,N,D,G,A,A,-,-,A,A,0,,Y,,,Y,,L,04,0,1,0,0,0,0,1,0,0,-,-,,,"SAN FRANCISCO","SAN FRANCISCO",-122.43966997,37.78430998
8536867,2017,2018-01-26,3801,2017-12-20,1340,004373,BAYVI,3,5,7,3801,0,0,0,,0,3C11,"MINNESOTA ST","18TH ST",0.00,,Y,A,-,N,,,,,,,,,,N,4,0,1,2,A,-,09,21801,A,N,E,G,A,A,H,-,A,A,0,,Y,,,Y,,A,01,0,0,1,0,0,0,1,0,0,-,-,,,"SAN FRANCISCO","SAN FRANCISCO",-122.39070993,37.76292994
8536832,2017,2018-01-30,3801,2017-12-19,1010,801,NORTH,2,5,7,3801,0,0,0,,0,3E12A,"PAGE ST","GOUGH ST",0.00,,Y,A,-,N,,,,,,,,,,N,4,0,1,1,A,-,04,21703,,N,H,A,A,A,H,-,A,A,0,,Y,,,Y,Y,L,04,0,0,1,0,0,0,1,0,0,-,-,,,"SAN FRANCISCO","SAN FRANCISCO",-122.4224099,37.77406996
8536804,2017,2018-02-26,3801,2017-12-01,2030,A20953,TENDE,5,5,7,3801,0,0,0,,0,,"SUTTER ST","POWELL ST",53.00,E,N,A,-,N,,,,,,,,,,N,3,0,1,2,A,-,17,22517,,N,B,G,A,A,H,-,C,D,0,,Y,,,Y,,A,01,0,1,0,0,0,0,1,0,0,-,-,,,"SAN FRANCISCO","SAN FRANCISCO",-122.40842839,37.78925066
8532791,2017,2018-01-29,3801,2017-12-27,2150,2732,SOUTH,3,5,7,3801,0,0,0,,0,3B12E,"5TH ST","BRANNAN ST",0.00,,Y,A,-,N,,,,,,,,,,N,4,0,1,2,A,-,05,21650,1,N,D,G,A,A,H,-,C,A,0,,Y,,,Y,,L,04,0,0,1,0,0,0,1,0,0,-,-,,,"SAN FRANCISCO","SAN FRANCISCO",-122.39875995,37.77656989
8532776,2017,2018-01-26,3801,2017-11-30,1125,1714,NORTH,4,5,7,3801,0,0,0,,0,1CAR,"MARKET ST","OCTAVIA ST",0.00,,Y,A,-,N,,,,,,,,,,N,3,0,1,2,A,-,08,22101,D,N,H,G,A,A,H,-,A,A,0,,Y,,,Y,,A,01,0,1,0,0,0,0,1,0,0,-,-,37.77182,-122.42343,"SAN FRANCISCO","SAN FRANCISCO",-122.42358993,37.77177995
8532679,2017,2018-02-26,3801,2017-11-30,1330,2153,NORTH,4,5,7,3801,0,0,0,,0,00E,"POLK ST","DR TOM WADDELL PL",45.00,S,N,A,-,N,,,,,,,,,,N,4,0,1,2,A,-,-,,,N,H,C,A,A,C,-,A,D,0,,Y,,Y,Y,,L,04,0,0,1,0,0,0,1,0,0,-,-,,,"SAN FRANCISCO","SAN FRANCISCO",,
8532613,2017,2018-01-27,3801,2017-08-08,1215,211,SOUTH,2,5,7,3801,0,0,0,,0,003,"8TH ST","TEHAMA ST",0.00,,Y,B,-,N,,,,,,,,,,N,4,0,1,2,A,-,08,22107,,N,D,G,A,A,H,-,A,D,0,,Y,,,Y,,D,22,0,0,1,0,0,0,1,0,0,-,-,,,"SAN FRANCISCO","SAN FRANCISCO",-122.41106988,37.7758099
8532605,2017,2018-01-27,3801,2017-12-05,1215,1100,TENDE,2,5,7,3801,0,0,0,,0,9X50B,"MARKET ST","8TH ST",200.00,E,N,A,-,N,,,,,,,,,,N,4,0,1,3,A,-,07,21658,A,N,B,G,A,A,H,-,A,D,0,,Y,,Y,Y,,F,26,0,0,1,0,0,0,1,0,0,-,-,,,"SAN FRANCISCO","SAN FRANCISCO",-122.41426357,37.77909291
8532561,2017,2018-03-15,3801,2017-12-13,1745,4156,SOUTH,3,5,7,3801,0,0,0,,0,,"TOWNSEND ST","TOWNSEND ST 510",0.00,,-,A,-,N,,,,,,,,,,N,4,0,1,2,A,-,09,21801,A,N,D,G,A,A,H,-,D,D,0,,Y,,,Y,,D,22,0,0,1,0,0,0,1,0,0,-,-,,,"SAN FRANCISCO","SAN FRANCISCO",,
8515676,2017,2018-01-19,3801,2017-11-12,1327,470,CENTR,7,5,7,3801,0,0,0,,0,001,"MARKET ST","4TH ST",180.00,E,N,A,-,N,,,,,,,,,,N,3,0,1,1,A,-,03,22350,,N,H,G,A,A,H,-,A,D,0,,Y,,,Y,,L,04,0,1,0,0,0,0,1,0,0,-,-,,,"SAN FRANCISCO","SAN FRANCISCO",-122.40545387,37.7860531
8515660,2017,2017-12-20,3801,2017-11-14,0900,0262,NORTH,2,5,7,3801,0,0,0,,0,3E12A,"LAGUNA ST","FULTON ST",0.00,,Y,A,-,N,,,,,,,,,,N,3,0,1,2,A,-,08,22107,,N,H,G,A,A,H,-,A,A,0,,Y,,,Y,,A,01,0,1,0,0,0,0,1,0,0,-,-,,,"SAN FRANCISCO","SAN FRANCISCO",-122.42663996,37.77832989
8515636,2017,2017-12-20,3801,2017-11-30,1344,203,MISSI,4,5,7,3801,0,0,0,,0,901,POTRERO,"MARIPOSA ST",125.00,N,N,A,-,N,,,,,,,,,,N,4,0,1,2,A,-,09,21804,A,F,D,G,A,A,H,-,A,D,0,,Y,Y,,Y,,C,02,0,0,1,0,0,0,1,0,0,-,-,,,"SAN FRANCISCO","SAN FRANCISCO",-122.40736855,37.76355265
8515632,2017,2017-12-20,3801,2017-11-15,0627,2375,RICHM,3,5,7,3801,0,0,0,,0,3G60,"FULTON ST","ARGUELLO BL",0.00,,Y,B,C,N,,,,,,,,,,N,4,0,1,2,A,-,12,21453,A,N,D,G,A,B,H,-,C,A,0,,Y,,,Y,,L,04,0,0,1,0,0,0,1,0,0,-,-,,,"SAN FRANCISCO","SAN FRANCISCO",-122.45834993,37.7742899
8515620,2017,2017-12-20,3801,2017-11-30,1905,A10726,NORTH,4,5,7,3801,0,0,0,,0,3E13D,"POLK ST","CLAY ST",132.00,S,N,A,-,N,,,,,,,,,,N,3,0,1,2,A,-,17,22517,,N,B,G,A,A,H,-,C,D,0,,Y,,,Y,,A,01,0,1,0,0,0,0,1,0,0,-,-,,,"SAN FRANCISCO","SAN FRANCISCO",-122.42097759,37.79203196
8515596,2017,2017-12-22,3801,2017-11-28,1718,480,COD,2,5,7,3801,0,0,0,,0,3D13D,"ALABAMA ST","19TH ST",81.00,S,N,A,-,N,,,,,,,,,,N,4,0,1,2,A,-,03,22350,,N,D,G,A,A,H,-,A,D,0,,Y,,,Y,,L,04,0,0,1,0,0,0,1,0,0,-,-,,,"SAN FRANCISCO","SAN FRANCISCO",-122.41192,37.76039