CASE_ID,ACCIDENT_YEAR,PROC_DATE,JURIS,COLLISION_DATE,COLLISION_TIME,OFFICER_ID,REPORTING_DISTRICT,DAY_OF_WEEK,CHP_SHIFT,POPULATION,CNTY_CITY_LOC,SPECIAL_COND,BEAT_TYPE,CHP_BEAT_TYPE,CITY_DIVISION_LAPD,CHP_BEAT_CLASS,BEAT_NUMBER,PRIMARY_RD,SECONDARY_RD,DISTANCE,DIRECTION,INTERSECTION,WEATHER_1,WEATHER_2,STATE_HWY_IND,CALTRANS_COUNTY,CALTRANS_DISTRICT,STATE_ROUTE,ROUTE_SUFFIX,POSTMILE_PREFIX,POSTMILE,LOCATION_TYPE,RAMP_INTERSECTION,SIDE_OF_HWY,TOW_AWAY,COLLISION_SEVERITY,NUMBER_KILLED,NUMBER_INJURED,PARTY_COUNT,PRIMARY_COLL_FACTOR,PCF_CODE_OF_VIOL,PCF_VIOL_CATEGORY,PCF_VIOLATION,PCF_VIOL_SUBSECTION,HIT_AND_RUN,TYPE_OF_COLLISION,MVIW,PED_ACTION,ROAD_SURFACE,ROAD_COND_1,ROAD_COND_2,LIGHTING,CONTROL_DEVICE,CHP_ROAD_TYPE,PEDESTRIAN_ACCIDENT,BICYCLE_ACCIDENT,MOTORCYCLE_ACCIDENT,TRUCK_ACCIDENT,NOT_PRIVATE_PROPERTY,ALCOHOL_INVOLVED,STWD_VEHTYPE_AT_FAULT,CHP_VEHTYPE_AT_FAULT,COUNT_SEVERE_INJ,COUNT_VISIBLE_INJ,COUNT_COMPLAINT_PAIN,COUNT_PED_KILLED,COUNT_PED_INJURED,COUNT_BICYCLIST_KILLED,COUNT_BICYCLIST_INJURED,COUNT_MC_KILLED,COUNT_MC_INJURED,PRIMARY_RAMP,SECONDARY_RAMP,LATITUDE,LONGITUDE,COUNTY,CITY,POINT_X,POINT_Y
8515593,2017,2017-12-21,3801,2017-11-07,0849,529,TARAV,2,5,7,3801,0,0,0,,0,3I13A,"SLOAT BL","39TH AV",265.00,W,N,A,-,N,,,,,,,,,,N,3,0,1,1,D,-,00,,,N,H,-,A,A,H,-,A,D,0,,Y,,,Y,,-,-,0,1,0,0,0,0,1,0,0,-,-,,,"SAN FRANCISCO","SAN FRANCISCO",-122.49746526,37.7339315
8515587,2017,2017-12-21,3801,2017-11-24,1706,2064,MISSI,5,5,7,3801,0,0,0,,0,3D11D,"VALENCIA ST","14TH ST",0.00,,Y,A,-,N,,,,,,,,,,N,4,0,1,2,A,-,03,22350,,N,B,G,A,A,H,-,C,D,0,,Y,,,Y,,L,04,0,0,1,0,0,0,1,0,0,-,-,,,"SAN FRANCISCO","SAN FRANCISCO",-122.42217989,37.76814989
8515569,2017,2017-12-21,3801,2017-11-10,1715,A21940,SOUTH,5,5,7,3801,0,0,0,,0,3B14D,"9TH ST","NATOMA ST",0.00,,Y,A,-,N,,,,,,,,,,N,4,0,1,2,A,-,05,21650,1,N,B,G,A,A,H,-,B,D,0,,Y,,,Y,,L,04,0,0,1,0,0,0,1,0,0,-,-,,,"SAN FRANCISCO","SAN FRANCISCO",-122.41369998,37.77541995
8515560,2017,2017-12-22,3801,2017-11-04,1114,A10610,RICHM,6,5,7,3801,0,0,0,,0,3G68,"MARTIN LUTHER KING DR","9TH AV",185.00,N,N,A,-,N,,,,,,,,,,N,3,0,1,2,A,-,03,22350,,N,D,G,A,A,H,-,A,D,0,,Y,,,Y,,L,04,0,1,0,0,0,0,1,0,0,-,-,,,"SAN FRANCISCO","SAN FRANCISCO",-122.46647298,37.76688737
8515538,2017,2017-12-21,3801,2017-11-22,1230,2297,RICHM,3,5,7,3801,0,0,0,,0,G2A,"CLAY ST","ARGUELLO BL",356.00,E,N,A,-,N,,,,,,,,,,N,4,0,1,2,A,-,08,22107,,N,D,G,A,A,H,-,A,A,0,,Y,,,Y,,A,01,0,0,1,0,0,0,1,0,0,-,-,,,"SAN FRANCISCO","SAN FRANCISCO",-122.45811293,37.78766339
8515537,2017,2017-12-21,3801,2017-11-05,1026,2375,RICHM,7,5,7,3801,0,0,0,,0,3G60,"POINT LOBOS AV","48TH AV",756.00,W,N,A,-,N,,,,,,,,,,N,3,0,1,2,A,-,08,22107,,N,B,G,A,A,H,-,A,D,0,,Y,,,Y,,A,07,0,1,0,0,0,0,1,0,0,-,-,,,"SAN FRANCISCO","SAN FRANCISCO",-122.51184447,37.77920421
8515536,2017,2017-12-22,3801,2017-11-03,0730,189,NORTH,5,5,7,3801,0,0,0,,0,002,"DIVISADERO ST","PAGE ST",0.00,,Y,A,-,N,,,,,,,,,,N,3,0,1,2,A,-,17,22517,,N,B,G,A,A,H,-,A,D,0,,Y,,,Y,,A,01,0,1,0,0,0,0,1,0,0,-,-,,,"SAN FRANCISCO","SAN FRANCISCO",-122.43722991,37.77220999
8515532,2017,2017-12-22,3801,2017-11-01,0657,A10469,INGLE,3,5,7,3801,0,0,0,,0,3H15A,"RUSSIA ST","PARIS ST",0.00,,Y,A,-,N,,,,,,,,,,N,4,0,1,2,A,-,12,22450,A,F,D,G,A,A,H,-,A,D,0,,Y,,,Y,,L,04,0,0,1,0,0,0,1,0,0,-,-,,,"SAN FRANCISCO","SAN FRANCISCO",-122.43557993,37.72079992
8515531,2017,2017-12-21,3801,2017-11-12,1630,A20650,RICHM,7,5,7,3801,0,0,0,,0,901,"GREAT HWY","BALBOA ST",0.00,,Y,A,-,N,,,,,,,,,,N,4,0,1,2,D,-,00,,,N,B,G,A,A,H,-,A,A,0,,Y,,,Y,,-,-,0,0,1,0,0,0,1,0,0,-,-,,,"SAN FRANCISCO","SAN FRANCISCO",-122.51128997,37.77507992
8515528,2017,2017-12-22,3801,2017-11-01,2033,1279,BAYVI,3,5,7,3801,0,0,0,,0,3C15D,"3RD ST","SHAFTER AV",30.00,S,N,A,-,N,,,,,,,,,,N,4,0,1,3,A,-,00,21760,B,F,B,G,A,A,H,-,C,D,0,,Y,,,Y,,-,-,0,0,1,0,0,0,1,0,0,-,-,,,"SAN FRANCISCO","SAN FRANCISCO",-122.39191812,37.73156067
8515524,2017,2017-12-22,3801,2017-10-02,0830,4084,MISSI,1,5,7,3801,0,0,0,,0,4B4B,"14TH ST",JULIAN,3.50,W,N,A,-,N,,,,,,,,,,N,4,0,1,2,A,-,08,22107,,F,D,G,A,A,H,-,A,A,0,,Y,,,Y,,A,01,0,0,1,0,0,0,1,0,0,-,-,,,"SAN FRANCISCO","SAN FRANCISCO",-122.42122207,37.76820925
8515516,2017,2018-01-18,3801,2017-11-22,2143,1514,MISSI,3,5,7,3801,0,0,0,,0,001,"MARKET ST","SANCHEZ ST",0.00,,Y,A,-,N,,,,,,,,,,N,4,0,1,2,D,-,00,,,N,D,G,A,A,H,-,C,A,0,,Y,,,Y,,-,-,0,0,1,0,0,0,1,0,0,-,-,,,"SAN FRANCISCO","SAN FRANCISCO",-122.4310099,37.76597991
8515513,2017,2017-12-26,3801,2017-11-01,2340,2038,COF,3,5,7,3801,0,0,0,,0,3F14E,"OAK ST","BRODERICK ST",0.00,,Y,A,-,N,,,,,,,,,,N,3,0,1,2,A,-,06,21750,A,N,D,G,A,A,H,-,C,A,0,,Y,,,Y,,L,04,0,1,0,0,0,0,1,0,0,-,-,,,"SAN FRANCISCO","SAN FRANCISCO",-122.4390799,37.77290993
8515512,2017,2017-12-20,3801,2017-11-06,1159,1486,SOUTH,1,5,7,3801,0,0,0,,0,,"4TH ST","TOWNSEND ST",0.00,,Y,A,-,N,,,,,,,,,,N,3,0,1,2,A,-,09,21801,A,N,D,G,A,A,H,-,A,A,0,,Y,,,Y,,A,01,0,1,0,0,0,0,1,0,0,-,-,37.77717,-122.39504,"SAN FRANCISCO","SAN FRANCISCO",-122.39498995,37.77710997
8515501,2017,2017-12-22,3801,2017-11-05,1531,1100,TENDE,7,5,7,3801,0,0,0,,0,3J14D,"MARKET ST","CYRIL MAGNIN ST",20.00,E,N,A,-,N,,,,,,,,,,N,3,0,1,2,A,-,04,21703,,N,C,G,A,A,H,-,A,D,0,,Y,,,Y,,L,04,0,1,0,0,0,0,1,0,0,-,-,,,"SAN FRANCISCO","SAN FRANCISCO",-122.40801034,37.78403828
8515497,2017,2017-12-26,3801,2017-11-07,0939,A03640,3B15C,2,5,7,3801,0,0,0,,0,00B,"POST ST","KEARNY ST",60.00,W,N,A,-,N,,,,,,,,,,N,3,0,1,2,A,-,00,22617,,N,B,G,A,A,H,-,A,D,0,,Y,,,Y,,A,01,0,1,0,0,0,0,1,0,0,-,-,,,"SAN FRANCISCO","SAN FRANCISCO",-122.40386563,37.78887683
8515496,2017,2017-12-20,3801,2017-11-13,2020,2704,TENDE,1,5,7,3801,0,0,0,,0,,"MARKET ST","8TH ST",125.00,W,N,A,-,N,,,,,,,,,,N,3,0,1,2,A,-,17,22517,,N,B,G,A,A,H,-,C,A,0,,Y,,,Y,,A,01,0,1,0,0,0,0,1,0,0,-,-,,,"SAN FRANCISCO","SAN FRANCISCO",-122.41507446,37.77847415
8515493,2017,2017-12-26,3801,2017-11-01,0859,189,NORTH,3,5,7,3801,0,0,0,,0,2CAR,"LAGUNA ST","FULTON ST",55.00,S,N,A,-,N,,,,,,,,,,N,3,0,1,2,A,-,04,21703,,N,C,G,A,A,H,-,A,D,0,,Y,,,Y,,L,04,0,1,0,0,0,0,1,0,0,-,-,,,"SAN FRANCISCO","SAN FRANCISCO",-122.42660374,37.77818167
8515481,2017,2017-12-26,3801,2017-11-13,1740,1817,CENTR,1,5,7,3801,0,0,0,,0,3A13D,"LARKIN ST","BROADWAY ST",0.00,,Y,A,-,N,,,,,,,,,,N,3,0,1,2,D,-,00,,,N,-,G,A,A,H,-,A,A,0,,Y,,,Y,,-,-,0,1,0,0,0,0,1,0,0,-,-,,,"SAN FRANCISCO","SAN FRANCISCO",-122.42012992,37.79622
8515480,2017,2017-12-20,3801,2017-11-20,0837,859,TENDE,1,5,7,3801,0,0,0,,0,03J,"MARKET ST","7TH ST",0.00,,Y,B,-,N,,,,,,,,,,N,4,0,1,1,A,-,03,22350,,N,H,J,A,A,H,-,A,A,0,,Y,,,Y,,L,04,0,0,1,0,0,0,1,0,0,-,-,,,"SAN FRANCISCO","SAN FRANCISCO",-122.4125099,37.7804799
8515459,2017,2017-12-20,3801,2017-11-21,0700,A20738,SOUTH,2,5,7,3801,0,0,0,,0,001,"4TH ST","KING ST",50.00,S,N,A,-,N,,,,,,,,,,N,3,0,1,2,A,-,17,22517,,N,H,G,A,A,H,-,A,A,0,,Y,,,Y,,A,01,0,1,0,0,0,0,1,0,0,-,-,,,"SAN FRANCISCO","SAN FRANCISCO",-122.3940341,37.776328
8515455,2017,2017-12-20,3801,2017-11-21,0947,2086,MISSI,2,5,7,3801,0,0,0,,0,3D15A,"VALENCIA ST","14TH ST",0.00,,Y,A,-,N,,,,,,,,,,N,3,0,1,2,A,-,12,21453,A,F,-,G,A,A,H,-,A,A,0,,Y,,,Y,,-,,0,1,0,0,0,0,1,0,0,-,-,,,"SAN FRANCISCO","SAN FRANCISCO",-122.42217989,37.76814989
8515441,2017,2017-12-26,3801,2017-11-06,1940,1571,MISSI,1,5,7,3801,0,0,0,,0,3D13D,"HARRISON ST","19TH ST",39.00,S,N,A,-,N,,,,,,,,,,N,4,0,1,2,A,-,09,21801,A,N,D,G,A,A,H,-,C,D,0,,Y,,,Y,,-,-,0,0,1,0,0,0,1,0,0,-,-,,,"SAN FRANCISCO","SAN FRANCISCO",-122.41268013,37.76054403
8515417,2017,2017-12-22,3801,2017-11-27,1749,754,NORTH,1,5,7,3801,0,0,0,,0,3E1D,"GOUGH ST","HAYES ST",55.00,S,N,A,-,N,,,,,,,,,,N,4,0,1,3,A,-,17,22517,,N,H,G,A,A,H,-,C,A,0,,Y,,,Y,,A,01,0,0,1,0,0,0,1,0,0,-,-,,,"SAN FRANCISCO","SAN FRANCISCO",-122.42294079,37.7767307
8515413,2017,2017-12-22,3801,2017-11-28,1825,1906,NORTH,2,5,7,3801,0,0,0,,0,3E2,"GEARY BL","SCOTT ST",0.00,,Y,A,-,N,,,,,,,,,,N,2,0,2,2,A,-,12,21453,A,N,H,-,B,A,H,-,C,A,0,Y,Y,,,Y,,L,04,1,1,0,0,1,0,1,0,0,-,-,,,"SAN FRANCISCO","SAN FRANCISCO",-122.43784987,37.78378991
8515323,2017,2017-12-27,3801,2017-11-14,0915,A11423,SOUTH,2,5,7,3801,0,0,0,,0,3B13A,"MINNA ST","JULIA ST",15.00,W,N,A,-,N,,,,,,,,,,N,4,0,1,2,A,-,17,22517,,N,B,G,A,A,H,-,A,A,0,,Y,,,Y,,I,11,0,0,1,0,0,0,1,0,0,-,-,,,"SAN FRANCISCO","SAN FRANCISCO",-122.41189757,37.77758157
8515295,2017,2017-12-27,3801,2017-11-14,1820,A06397,,2,5,7,3801,0,0,0,,0,3B15D,"BERRY ST","4TH ST",135.00,W,N,A,-,N,,,,,,,,,,N,4,0,1,2,A,-,09,21801,A,N,D,G,A,A,H,-,C,D,0,,Y,,,Y,,I,11,0,0,1,0,0,0,1,0,0,-,-,,,"SAN FRANCISCO","SAN FRANCISCO",-122.39366739,37.7755154
8513628,2017,2018-02-12,3801,2017-12-13,1200,4040,NORTH,3,5,7,3801,0,0,0,,0,3E41C,"POLK ST","ELM ST",0.00,,Y,A,-,N,,,,,,,,,,,4,0,1,2,A,-,09,21801,A,N,-,G,A,A,H,-,A,D,0,,Y,,,Y,,A,01,0,0,1,0,0,0,1,0,0,-,-,,,"SAN FRANCISCO","SAN FRANCISCO",-122.41890986,37.78169989
8513577,2017,2018-02-07,3801,2017-12-13,0839,282,TARAV,3,5,7,3801,0,0,0,,0,3I4I,"IRVING ST","IRVING ST 1827",0.00,,-,A,-,N,,,,,,,,,,N,4,0,1,2,A,-,21,22106,,N,D,G,A,A,H,-,A,D,0,,Y,,,Y,,A,01,0,0,1,0,0,0,1,0,0,-,-,,,"SAN FRANCISCO","SAN FRANCISCO",,
8513565,2017,2018-02-07,3801,2017-12-13,1527,A20650,RICHM,3,5,7,3801,0,0,0,,0,901,"JOHN F KENNEDY DR","JOHN F KENNEDY DR 900 BLK",0.00,,-,A,-,N,,,,,,,,,,N,3,0,1,2,A,-,07,21658,A,N,C,E,A,A,H,-,A,D,0,,Y,,,Y,,L,04,0,1,0,0,0,0,1,0,0,-,-,,,"SAN FRANCISCO","SAN FRANCISCO",,
8512683,2017,2018-01-12,3801,2017-11-03,1315,2318,MISSI,5,5,7,3801,0,0,0,,0,3D15C,"18TH ST","LEXINGTON ST",50.00,E,N,A,-,N,,,,,,,,,,N,4,0,1,2,A,-,03,22350,,F,C,G,A,A,H,-,A,A,0,,Y,,,Y,,A,01,0,0,1,0,0,0,1,0,0,-,-,,,"SAN FRANCISCO","SAN FRANCISCO",-122.42060744,37.76176
8512679,2017,2018-01-12,3801,2017-11-01,1426,RAYMOND,CENTR,3,5,7,3801,0,0,0,,0,3A15C,"STOCKTON ST","BAY ST",31.00,S,N,A,-,N,,,,,,,,,,N,4,0,1,2,A,-,09,21804,A,M,B,G,A,A,H,-,A,D,0,,Y,,,Y,,A,01,0,0,1,0,0,0,1,0,0,-,-,,,"SAN FRANCISCO","SAN FRANCISCO",-122.41027924,37.80595645
8512667,2017,2018-01-12,3801,2017-11-25,1650,A20993,RICHM,6,5,7,3801,0,0,0,,0,I-CAR,"JOHN F KENNEDY DR","TRANSVERSE DR",430.00,W,N,A,-,N,,,,,,,,,,N,2,0,1,2,A,-,09,21801,A,N,D,G,A,A,H,-,B,D,0,,Y,,,Y,,A,01,1,0,0,0,0,0,1,0,0,-,-,,,"SAN FRANCISCO","SAN FRANCISCO",-122.48130202,37.77005711
8512637,2017,2018-01-03,3801,2017-11-01,2130,4125,TENDE,3,5,7,3801,0,0,0,,0,3J11E,"MARKET ST","HYDE ST",237.00,E,N,A,-,N,,,,,,,,,,N,4,0,1,2,A,-,03,22350,,N,B,G,A,A,G,-,C,D,0,,Y,,,Y,Y,L,04,0,0,1,0,0,0,1,0,0,-,-,,,"SAN FRANCISCO","SAN FRANCISCO",-122.41417256,37.77916442
8496561,2017,2018-02-17,3801,2017-10-19,1828,2424,NORTH,4,5,7,3801,0,0,0,,0,3E12E,"GOLDEN GATE AV","GOLDEN GATE AV 1455",0.00,,-,B,-,N,,,,,,,,,,N,3,0,1,2,A,-,06,21750,A,N,B,G,A,B,H,-,B,A,0,,Y,,,Y,,A,01,0,1,0,0,0,0,1,0,0,-,-,,,"SAN FRANCISCO","SAN FRANCISCO",,
8496560,2017,2018-02-17,3801,2017-10-21,1900,A22882,INGLE,6,5,7,3801,0,0,0,,0,0H2,"SAN JOSE AV","BOSWORTH ST",0.00,,-,A,-,N,,,,,,,,,,N,4,0,1,2,A,-,05,21202,A,N,B,G,A,A,H,-,C,D,0,,Y,,,Y,,L,04,0,0,1,0,0,0,1,0,0,-,-,37.73352,-122.43137,"SAN FRANCISCO","SAN FRANCISCO",-122.43246991,37.73315999
8496552,2017,2018-02-17,3801,2017-10-08,1153,2356,BAYVI,7,5,7,3801,0,0,0,,0,3C46,"ILLINOIS ST","AMADOR ST",0.00,,-,A,-,N,,,,,,,,,,N,3,0,1,1,A,-,-,,,N,-,-,A,A,G,H,A,D,0,,Y,,,Y,,L,04,0,1,0,0,0,0,1,0,0,-,-,,,"SAN FRANCISCO","SAN FRANCISCO",-122.38603987,37.74576991
8496549,2017,2017-11-18,3801,2017-10-15,1328,KUK#2169,,7,5,7,3801,0,0,0,,0,001,"MARKET ST","7TH ST",0.00,,Y,A,-,N,,,,,,,,,,N,4,0,1,1,A,-,06,21750,,N,E,A,A,A,G,-,A,D,0,,Y,,,Y,,L,04,0,0,1,0,0,0,1,0,0,-,-,,,"SAN FRANCISCO","SAN FRANCISCO",-122.4125099,37.7804799
8496548,2017,2018-02-17,3801,2017-10-23,0914,1014,CENTR,1,5,7,3801,0,0,0,,0,3A15A,"MARKET ST","MONTGOMERY ST",50.00,E,N,A,-,N,,,,,,,,,,N,3,0,1,2,C,-,18,,,N,C,G,A,A,H,-,A,D,0,,Y,,,Y,,-,-,0,1,0,0,0,0,1,0,0,-,-,,,"SAN FRANCISCO","SAN FRANCISCO",-122.40186785,37.78886731
8496517,2017,2017-11-18,3801,2017-10-01,1300,4047,"CO B",7,5,7,3801,0,0,0,,0,3B15C,"KING ST","2ND ST",0.00,,N,A,-,N,,,,,,,,,,N,4,0,1,3,A,-,17,22517,,N,H,G,A,A,H,-,A,A,0,,Y,,,Y,,A,01,0,0,1,0,0,0,1,0,0,-,-,,,"SAN FRANCISCO","SAN FRANCISCO",-122.3897,37.77995996
8496514,2017,2017-11-18,3801,2017-10-27,2040,A21811,PARK,5,5,7,3801,0,0,0,,0,3F43C,"ROOSEVELT WY","14TH ST",0.00,,N,A,-,N,,,,,,,,,,N,3,0,1,2,A,-,03,22350,,N,B,E,A,A,H,-,C,D,0,,Y,,,Y,,L,04,0,1,0,0,0,0,1,0,0,-,-,,,"SAN FRANCISCO","SAN FRANCISCO",-122.4372899,37.76722991
8496509,2017,2017-11-18,3801,2017-10-07,2000,219,,6,5,7,3801,0,0,0,,0,3A14D,"THE EMBARCADERO",BROADWAY,0.00,,Y,A,-,N,,,,,,,,,,Y,4,0,3,2,A,-,07,21658,A,F,B,G,A,A,H,-,C,D,0,,Y,,,Y,,A,01,0,0,3,0,0,0,3,0,0,-,-,,,"SAN FRANCISCO","SAN FRANCISCO",-122.39775986,37.79917995
8496505,2017,2017-11-18,3801,2017-10-09,0820,59,3D,1,5,7,3801,0,0,0,,0,,"GUERRERO ST","14TH ST",0.00,,Y,A,-,N,,,,,,,,,,N,4,0,2,2,A,-,11,21453,D,N,H,B,B,A,H,-,A,A,0,Y,Y,,,Y,,N,60,0,0,2,0,1,0,1,0,0,-,-,,,"SAN FRANCISCO","SAN FRANCISCO",-122.42440985,37.76801994
8496493,2017,2017-11-18,3801,2017-10-30,1900,459,,1,5,7,3801,0,0,0,,0,3G2D,"ARGUELLO BL","CORNWALL ST",0.00,,Y,A,-,N,,,,,,,,,,N,2,0,1,2,A,-,09,21801,A,N,B,G,A,A,H,-,C,D,0,,Y,,,Y,,A,01,1,0,0,0,0,0,1,0,0,-,-,,,"SAN FRANCISCO","SAN FRANCISCO",-122.45916,37.78505989
8493322,2017,2018-06-08,3801,2017-10-21,1927,1114,BAYVI,6,5,7,3801,0,0,0,,0,3C62,"3RD ST","JERROLD AV",19.00,S,N,A,-,N,,,,,,,,,,N,2,0,1,1,D,-,00,,,N,E,I,A,A,H,-,C,D,0,,Y,,,Y,,-,-,1,0,0,0,0,0,1,0,0,-,-,,,"SAN FRANCISCO","SAN FRANCISCO",-122.38938036,37.73873037
8491524,2017,2017-12-12,3801,2017-09-30,1214,185,MISSI,6,5,7,3801,0,0,0,,0,3D5C,"VALENCIA ST","18TH ST",0.00,,Y,A,-,N,,,,,,,,,,N,4,0,1,2,A,-,09,21801,A,M,H,G,A,A,H,-,A,A,0,,Y,,,Y,,A,01,0,0,1,0,0,0,1,0,0,-,-,,,"SAN FRANCISCO","SAN FRANCISCO",-122.42155988,37.76170995
8491517,2017,2017-11-22,3801,2017-09-26,0900,892,SOUTH,2,5,7,3801,0,0,0,,0,3B11D,"2ND ST","BRYANT ST",15.00,S,N,A,-,N,,,,,,,,,,N,2,0,1,3,A,-,17,22517,,N,B,G,A,A,H,-,A,A,0,,Y,,,Y,,-,,1,0,0,0,0,0,1,0,0,-,-,,,"SAN FRANCISCO","SAN FRANCISCO",-122.39359419,37.78305016
8491440,2017,2017-11-28,3801,2017-10-04,0703,A22595,CENTR,3,5,7,3801,0,0,0,,0,3A11A,"HYDE ST","SACRAMENTO ST",0.00,,Y,A,-,N,,,,,,,,,,N,3,0,1,1,B,-,22,,,N,H,A,A,A,H,-,A,A,0,,Y,,,Y,,L,04,0,1,0,0,0,0,1,0,0,-,-,,,"SAN FRANCISCO","SAN FRANCISCO",-122.41756991,37.79192997
8491436,2017,2017-11-28,3801,2017-10-09,1145,4020,SFPD,1,5,7,3801,0,0,0,,0,SOUTHE,"5TH ST","BRYANT ST",0.00,,Y,A,-,N,,,,,,,,,,Y,3,0,1,2,A,-,12,21453,A,N,D,G,A,A,H,-,A,A,0,,Y,,,Y,,L,04,0,1,0,0,0,0,1,0,0,-,-,,,"SAN FRANCISCO","SAN FRANCISCO",-122.40028996,37.77779999
8491431,2017,2017-11-27,3801,2017-10-23,1000,2100,SOUTH,1,5,7,3801,0,0,0,,0,3B13A,"5TH ST","BRYANT ST",0.00,,Y,A,-,N,,,,,,,,,,N,4,0,1,3,A,-,17,22517,,N,B,G,A,A,H,-,A,D,0,,Y,,,Y,,A,01,0,0,1,0,0,0,1,0,0,-,-,,,"SAN FRANCISCO","SAN FRANCISCO",-122.40028996,37.77779999
8491419,2017,2017-11-27,3801,2017-10-25,0742,4039,MISSI,3,5,7,3801,0,0,0,,0,3D11A,"GUERRERO ST","14TH ST",0.00,,Y,A,-,N,,,,,,,,,,N,4,0,1,2,A,-,12,21453,A,N,D,G,A,A,H,-,A,A,0,,Y,,,Y,,A,01,0,0,1,0,0,0,1,0,0,-,-,,,"SAN FRANCISCO","SAN FRANCISCO",-122.42440985,37.76801994
8491416,2017,2018-01-19,3801,2017-10-14,2034,A20846,BAYVI,6,5,7,3801,0,0,0,,0,901,"ILLINOIS ST","HUMBOLDT ST",100.00,S,N,A,-,N,,,,,,,,,,N,2,0,1,1,A,-,03,22350,,N,E,I,A,A,H,-,C,D,0,,Y,,,Y,,L,04,1,0,0,0,0,0,1,0,0,-,-,,,"SAN FRANCISCO","SAN FRANCISCO",-122.38720959,37.75650635
8491405,2017,2018-01-22,3801,2017-10-02,1830,A22872,,1,5,7,3801,0,0,0,,0,3H13D,"MISSION ST","PRECITA AV",170.00,N,N,A,-,N,,,,,,,,,,N,4,0,1,2,A,-,17,22517,,N,H,G,A,A,H,-,A,D,0,,Y,,,Y,,A,01,0,0,1,0,0,0,1,0,0,-,-,,,"SAN FRANCISCO","SAN FRANCISCO",-122.41884082,37.74717105
8491396,2017,2017-11-28,3801,2017-10-17,1730,A22882,INGLE,2,5,7,3801,0,0,0,,0,0H5,"PERSIA AV","MUNICH ST",0.00,,Y,A,-,N,,,,,,,,,,N,3,0,1,2,A,-,08,22107,,N,D,G,A,A,H,-,B,D,0,,Y,,,Y,,A,01,0,1,0,0,0,0,1,0,0,-,-,,,"SAN FRANCISCO","SAN FRANCISCO",-122.4279999,37.71931994
8491395,2017,2017-11-27,3801,2017-10-24,0916,614,SOUTH,2,5,7,3801,0,0,0,,0,003,"8TH ST","BRYANT ST",260.00,S,N,A,-,N,,,,,,,,,,N,3,0,1,2,A,-,08,22107,,N,D,G,A,A,H,-,A,-,0,,Y,,,Y,,A,01,0,1,0,0,0,0,1,0,0,-,-,,,"SAN FRANCISCO","SAN FRANCISCO",-122.40662,37.77208
8491392,2017,2017-11-28,3801,2017-10-15,1822,595,TENDE,7,5,7,3801,0,0,0,,0,3J13D,"LARKIN ST","EDDY ST",13.00,N,N,A,-,N,,,,,,,,,,N,4,0,1,2,A,-,03,22350,,N,D,G,A,A,H,-,B,A,0,,Y,,,Y,,L,04,0,0,1,0,0,0,1,0,0,-,-,,,"SAN FRANCISCO","SAN FRANCISCO",-122.41752734,37.78333523
8491376,2017,2017-11-28,3801,2017-10-17,1630,1022,BAYVI,2,5,7,3801,0,0,0,,0,005,"3RD ST","KEY AV",88.00,S,N,A,-,N,,,,,,,,,,N,4,0,1,2,A,-,00,21760,,F,B,E,A,A,H,-,A,D,0,,Y,,,Y,,A,01,0,0,1,0,0,0,1,0,0,-,-,,,"SAN FRANCISCO","SAN FRANCISCO",-122.39717566,37.71929007
8491372,2017,2017-11-28,3801,2017-10-17,1653,33,CENTR,2,5,7,3801,0,0,0,,0,004,"EMBARCADERO SOUTH","WASHINGTON ST",0.00,,Y,A,-,N,,,,,,,,,,N,3,0,1,2,A,-,08,22100,A,N,D,G,A,A,H,-,A,A,0,,Y,,,Y,,A,01,0,1,0,0,0,0,1,0,0,-,-,,,"SAN FRANCISCO","SAN FRANCISCO",,
8491358,2017,2017-11-28,3801,2017-10-04,1934,A20836,INGLE,3,5,7,3801,0,0,0,,0,3H92,"ITALY AV","MOSCOW ST",6.00,W,N,A,-,N,,,,,,,,,,N,4,0,1,2,A,-,09,21802,A,N,D,G,A,A,H,-,C,A,0,,Y,,,Y,,A,01,0,0,1,0,0,0,1,0,0,-,-,,,"SAN FRANCISCO","SAN FRANCISCO",-122.43234799,37.71505822
8491354,2017,2017-11-28,3801,2017-10-05,0705,4341,PARK,4,5,7,3801,0,0,0,,0,3F4A,"STANYAN ST","OAK ST",0.00,,Y,A,-,N,,,,,,,,,,N,4,0,1,2,A,-,08,22107,,N,-,G,A,A,H,-,A,A,0,,Y,,,Y,,A,01,0,0,1,0,0,0,1,0,0,-,-,,,"SAN FRANCISCO","SAN FRANCISCO",-122.45395999,37.77134989
8491348,2017,2017-12-04,3801,2017-10-05,0808,351,,4,5,7,3801,0,0,0,,0,3B1A,"THE EMBARCADERO","BRANNAN ST",315.00,N,N,A,-,N,,,,,,,,,,N,3,0,1,2,A,-,08,22107,,N,-,G,A,A,H,-,A,A,0,,Y,,,Y,,A,01,0,1,0,0,0,0,1,0,0,-,-,,,"SAN FRANCISCO","SAN FRANCISCO",-122.38812416,37.78564376