CASE_ID,ACCIDENT_YEAR,PROC_DATE,JURIS,COLLISION_DATE,COLLISION_TIME,OFFICER_ID,REPORTING_DISTRICT,DAY_OF_WEEK,CHP_SHIFT,POPULATION,CNTY_CITY_LOC,SPECIAL_COND,BEAT_TYPE,CHP_BEAT_TYPE,CITY_DIVISION_LAPD,CHP_BEAT_CLASS,BEAT_NUMBER,PRIMARY_RD,SECONDARY_RD,DISTANCE,DIRECTION,INTERSECTION,WEATHER_1,WEATHER_2,STATE_HWY_IND,CALTRANS_COUNTY,CALTRANS_DISTRICT,STATE_ROUTE,ROUTE_SUFFIX,POSTMILE_PREFIX,POSTMILE,LOCATION_TYPE,RAMP_INTERSECTION,SIDE_OF_HWY,TOW_AWAY,COLLISION_SEVERITY,NUMBER_KILLED,NUMBER_INJURED,PARTY_COUNT,PRIMARY_COLL_FACTOR,PCF_CODE_OF_VIOL,PCF_VIOL_CATEGORY,PCF_VIOLATION,PCF_VIOL_SUBSECTION,HIT_AND_RUN,TYPE_OF_COLLISION,MVIW,PED_ACTION,ROAD_SURFACE,ROAD_COND_1,ROAD_COND_2,LIGHTING,CONTROL_DEVICE,CHP_ROAD_TYPE,PEDESTRIAN_ACCIDENT,BICYCLE_ACCIDENT,MOTORCYCLE_ACCIDENT,TRUCK_ACCIDENT,NOT_PRIVATE_PROPERTY,ALCOHOL_INVOLVED,STWD_VEHTYPE_AT_FAULT,CHP_VEHTYPE_AT_FAULT,COUNT_SEVERE_INJ,COUNT_VISIBLE_INJ,COUNT_COMPLAINT_PAIN,COUNT_PED_KILLED,COUNT_PED_INJURED,COUNT_BICYCLIST_KILLED,COUNT_BICYCLIST_INJURED,COUNT_MC_KILLED,COUNT_MC_INJURED,PRIMARY_RAMP,SECONDARY_RAMP,LATITUDE,LONGITUDE,COUNTY,CITY,POINT_X,POINT_Y
8491345,2017,2017-12-05,3801,2017-10-17,1111,2100,SOUTH,2,5,7,3801,0,0,0,,0,3B14A,"8TH ST","RINGOLD ST",0.00,,Y,A,-,N,,,,,,,,,,N,4,0,1,2,A,-,08,22107,,N,D,G,A,A,H,-,A,D,0,,Y,,,Y,,A,01,0,0,1,0,0,0,1,0,0,-,-,,,"SAN FRANCISCO","SAN FRANCISCO",-122.40947998,37.77454992
8491339,2017,2018-01-22,3801,2017-10-16,1407,4117,D,1,5,7,3801,0,0,0,,0,3D12C,"BRYANT ST","20TH ST",0.00,,Y,A,-,N,,,,,,,,,,N,3,0,1,2,A,-,17,21200,,N,D,G,A,A,H,-,A,A,0,,Y,,,Y,,L,04,0,1,0,0,0,0,1,0,0,-,-,,,"SAN FRANCISCO","SAN FRANCISCO",-122.40977997,37.75920997
8491337,2017,2017-12-05,3801,2017-10-18,0915,4305,MISSI,3,5,7,3801,0,0,0,,0,3D15A,"DOLORES ST","26TH ST",0.00,,Y,A,-,N,,,,,,,,,,Y,4,0,3,2,A,-,09,21800,A,N,D,C,A,A,H,-,A,A,0,,Y,,,Y,,-,,0,0,3,0,0,0,1,0,0,-,-,,,"SAN FRANCISCO","SAN FRANCISCO",-122.42493,37.74861989
8491334,2017,2017-11-28,3801,2017-10-01,1228,299,RICHM,7,5,7,3801,0,0,0,,0,3G13A,"CABRILLO ST","12TH AV",99.00,E,N,A,-,N,,,,,,,,,,N,3,0,1,2,A,-,09,21801,A,N,D,G,A,A,H,-,A,D,0,,Y,,,Y,,A,01,0,1,0,0,0,0,1,0,0,-,-,,,"SAN FRANCISCO","SAN FRANCISCO",-122.46996757,37.7750996
8491332,2017,2017-12-04,3801,2017-10-01,1735,1666,,7,5,7,3801,0,0,0,,0,4CAR,"HAIGHT ST","DIVISADERO ST",222.00,W,N,A,-,N,,,,,,,,,,N,4,0,1,2,A,-,09,21801,A,N,D,G,A,A,H,-,A,A,0,,Y,,,Y,,A,01,0,0,1,0,0,0,1,0,0,-,-,,,"SAN FRANCISCO","SAN FRANCISCO",-122.43779805,37.77117073
8491323,2017,2017-11-29,3801,2017-10-12,1418,2731,RICHM,4,5,7,3801,0,0,0,,0,3G15A,"POINT LOBOS AV","MERRIE WY",440.00,W,N,A,-,N,,,,,,,,,,N,3,0,1,2,A,-,04,21703,,N,D,G,A,-,H,-,A,D,0,,Y,,,Y,,L,04,0,1,0,0,0,0,1,0,0,-,-,,,"SAN FRANCISCO","SAN FRANCISCO",,
8491319,2017,2017-11-29,3801,2017-10-12,1839,643,SOUTH,4,5,7,3801,0,0,0,,0,3B13D,"8TH ST","MINNA ST",0.00,,Y,A,-,N,,,,,,,,,,N,4,0,1,2,A,-,03,22350,,N,D,G,A,A,G,-,B,D,0,,Y,,,Y,,L,04,0,0,1,0,0,0,1,0,0,-,-,,,"SAN FRANCISCO","SAN FRANCISCO",-122.41259999,37.7770499
8491315,2017,2017-11-29,3801,2017-10-13,0103,2214,PARK,5,5,7,3801,0,0,0,,0,3F14E,"SANCHEZ ST","14TH ST",0.00,,Y,A,-,N,,,,,,,,,,N,4,0,1,2,A,-,12,22450,A,N,D,G,A,A,H,-,C,A,0,,Y,,,Y,Y,L,04,0,0,1,0,0,0,1,0,0,-,-,,,"SAN FRANCISCO","SAN FRANCISCO",-122.43117996,37.7675999
8491314,2017,2017-11-28,3801,2017-10-03,0746,331,INGLE,2,5,7,3801,0,0,0,,0,3H10,"PERSIA AV","LISBON ST",0.00,,Y,A,-,N,,,,,,,,,,N,4,0,1,2,A,-,12,22450,A,N,D,G,A,A,H,-,A,A,0,,Y,,,Y,,L,04,0,0,1,0,0,0,1,0,0,-,-,,,"SAN FRANCISCO","SAN FRANCISCO",-122.4335899,37.72200988
8491310,2017,2017-11-28,3801,2017-10-09,1821,986,MISSI,1,5,7,3801,0,0,0,,0,3D16D,"17TH ST","HARRISON ST",0.00,,Y,A,-,N,,,,,,,,,,Y,3,0,1,2,A,-,06,21751,,F,A,G,A,A,H,-,B,A,0,,Y,,,Y,,A,01,0,1,0,0,0,0,1,0,0,-,-,,,"SAN FRANCISCO","SAN FRANCISCO",-122.41302998,37.76408992
8491308,2017,2017-12-01,3801,2017-10-08,1657,A11409,,7,5,7,3801,0,0,0,,0,0B6,"AVENUE OF THE PALMS","9TH ST",0.00,,Y,A,-,N,,,,,,,,,,N,3,0,1,1,A,-,-,,,N,H,I,A,A,G,-,A,D,0,,Y,,,Y,,L,04,0,1,0,0,0,0,1,0,0,-,-,,,"SAN FRANCISCO","SAN FRANCISCO",,
8491295,2017,2017-11-29,3801,2017-10-06,1900,981,SOUTH,5,5,7,3801,0,0,0,,0,03B,"4TH ST","MISSION ST",0.00,,Y,A,-,N,,,,,,,,,,N,4,0,1,2,A,-,12,21453,A,N,D,G,A,A,H,-,C,A,0,,Y,,,Y,,L,04,0,0,1,0,0,0,1,0,0,-,-,,,"SAN FRANCISCO","SAN FRANCISCO",-122.40425995,37.78451991
8491283,2017,2017-11-29,3801,2017-10-31,0845,2006,NORTH,2,5,7,3801,0,0,0,,0,0E3,"POLK ST","ELM ST",6.00,N,N,A,-,N,,,,,,,,,,N,4,0,1,2,A,-,08,22107,,N,B,G,A,A,H,-,A,A,0,,Y,,,Y,,A,01,0,0,1,0,0,0,1,0,0,-,-,,,"SAN FRANCISCO","SAN FRANCISCO",-122.41891312,37.7817163
8491281,2017,2017-12-05,3801,2017-10-04,1855,1765,A,3,5,7,3801,0,0,0,,0,04D,EMBARCADERO,"WASHINGTON ST",0.00,,Y,A,-,N,,,,,,,,,,N,4,0,1,2,A,-,09,21801,A,N,B,G,A,A,H,-,B,A,0,,Y,,,Y,,A,01,0,0,1,0,0,0,1,0,0,-,-,,,"SAN FRANCISCO","SAN FRANCISCO",,
8491274,2017,2018-01-22,3801,2017-10-25,1715,1279,BAYVI,3,5,7,3801,0,0,0,,0,3C12D,"MADDUX AV","TOPEKA ST",277.00,S,N,A,-,N,,,,,,,,,,N,4,0,1,2,A,-,00,21760,B,F,B,G,A,A,H,-,A,D,0,,Y,,,Y,,A,01,0,0,1,0,0,0,1,0,0,-,-,,,"SAN FRANCISCO","SAN FRANCISCO",-122.39922239,37.73306144
8491267,2017,2017-12-05,3801,2017-10-24,1747,A21392,RICHM,2,5,7,3801,0,0,0,,0,2CAR,"CALIFORNIA ST","ARGUELLO BL",0.00,,Y,A,-,N,,,,,,,,,,N,3,0,1,2,A,-,09,21801,A,N,D,G,A,-,H,-,A,A,0,,Y,,,Y,,A,01,0,1,0,0,0,0,1,0,0,-,-,,,"SAN FRANCISCO","SAN FRANCISCO",-122.45920995,37.78566992
8491259,2017,2017-12-05,3801,2017-10-31,0900,2245,RICHM,2,5,7,3801,0,0,0,,0,3G12A,"POST ST","LYON ST",150.00,S,N,A,-,N,,,,,,,,,,N,3,0,1,2,A,-,08,22107,,N,D,G,A,A,H,-,A,D,0,,Y,,,Y,,A,01,0,1,0,0,0,0,1,0,0,-,-,,,"SAN FRANCISCO","SAN FRANCISCO",-122.44516278,37.78360537
8491253,2017,2017-12-06,3801,2017-10-12,1757,2111,MISSI,4,5,7,3801,0,0,0,,0,3D1D,"VALENCIA ST","14TH ST",0.00,,Y,A,-,N,,,,,,,,,,N,2,0,1,2,A,-,17,22517,,N,E,G,A,A,H,-,A,D,0,,Y,,,Y,,-,,1,0,0,0,0,0,1,0,0,-,-,,,"SAN FRANCISCO","SAN FRANCISCO",-122.42217989,37.76814989
8491247,2017,2017-12-05,3801,2017-10-25,0900,A21550,CENTR,3,5,7,3801,0,0,0,,0,3A13A,"NORTH POINT ST","POLK ST",0.00,,Y,A,-,N,,,,,,,,,,N,3,0,1,2,A,-,09,21801,A,N,D,G,A,A,H,-,A,A,0,,Y,,,Y,,A,01,0,1,0,0,0,0,1,0,0,-,-,,,"SAN FRANCISCO","SAN FRANCISCO",-122.4236399,37.80529992
8491245,2017,2018-02-16,3801,2017-10-03,0910,142,INGLE,2,5,7,3801,0,0,0,,0,3H16A,"SAN JOSE AV","RANDALL ST",60.00,N,N,A,-,N,,,,,,,,,,N,3,0,1,1,C,-,18,,,N,E,G,A,A,H,-,A,A,0,,Y,,,Y,,-,-,0,1,0,0,0,0,1,0,0,-,-,,,"SAN FRANCISCO","SAN FRANCISCO",-122.42421407,37.74002074
8491242,2017,2017-12-06,3801,2017-10-27,0740,4060,PARK,5,5,7,3801,0,0,0,,0,3F4,"GROVE ST","DIVISADERO ST",0.00,,Y,A,-,N,,,,,,,,,,N,3,0,1,2,A,-,03,22350,,N,H,A,A,A,H,-,A,A,0,,Y,,,Y,,L,04,0,1,0,0,0,0,1,0,0,-,-,,,"SAN FRANCISCO","SAN FRANCISCO",-122.43798,37.77592997
8491238,2017,2017-12-06,3801,2017-10-19,1738,1636,TARAV,4,5,7,3801,0,0,0,,0,3I1D,"IRVING ST","9TH AV",0.00,,Y,F,-,N,,,,,,,,,,N,3,0,1,2,A,-,03,22350,,N,E,G,A,B,H,-,A,D,0,,Y,,,Y,,L,04,0,1,0,0,0,0,1,0,0,-,-,,,"SAN FRANCISCO","SAN FRANCISCO",-122.46631986,37.76403991
8491233,2017,2017-12-05,3801,2017-10-10,0855,4060,PARK,2,5,7,3801,0,0,0,,0,3F14A,"OAK ST","COLE ST",0.00,,Y,A,-,N,,,,,,,,,,Y,4,0,1,2,D,-,00,,,N,D,G,A,A,H,-,A,A,0,,Y,,,Y,,-,-,0,0,1,0,0,0,1,0,0,-,-,,,"SAN FRANCISCO","SAN FRANCISCO",-122.45061987,37.77144996
8491230,2017,2017-12-06,3801,2017-10-27,1805,4086,PARK,5,5,7,3801,0,0,0,,0,3F12C,"TWIN PEAKS BL","BURNETT AV",0.00,,Y,A,-,N,,,,,,,,,,N,3,0,1,2,A,-,08,22107,,N,B,G,A,A,H,-,B,D,0,,Y,,,Y,,A,07,0,1,0,0,0,0,1,0,0,-,-,,,"SAN FRANCISCO","SAN FRANCISCO",-122.44692997,37.75652996
8491217,2017,2017-12-05,3801,2017-10-10,0218,A21523,NORTH,2,5,7,3801,0,0,0,,0,3E15E,"POST ST","POLK ST",0.00,,Y,A,-,N,,,,,,,,,,N,3,0,1,2,D,-,00,,,N,D,G,A,A,H,-,C,A,0,,Y,,,Y,,-,-,0,1,0,0,0,0,1,0,0,-,-,,,"SAN FRANCISCO","SAN FRANCISCO",-122.4198999,37.78682996
8491209,2017,2017-12-05,3801,2017-10-22,0219,A10868,SOUTH,7,5,7,3801,0,0,0,,0,0B4,"DUBOCE AV","PEARL ST",0.00,,Y,A,-,N,,,,,,,,,,N,4,0,1,2,A,-,05,21202,A,N,D,G,A,A,H,-,C,D,0,,Y,,,Y,,L,04,0,0,1,0,0,0,1,0,0,-,-,,,"SAN FRANCISCO","SAN FRANCISCO",-122.42381998,37.76978996
8491203,2017,2018-01-19,3801,2017-10-19,0700,A10936,SOUTH,4,5,7,3801,0,0,0,,0,SOUT,"FOLSOM ST",LANGTON,62.00,W,N,A,-,N,,,,,,,,,,N,4,0,1,1,A,-,03,22350,,N,F,-,A,A,D,-,C,D,0,,Y,,,Y,,L,04,0,0,1,0,0,0,1,0,0,-,-,,,"SAN FRANCISCO","SAN FRANCISCO",-122.40855072,37.77619877
8491040,2017,2017-12-12,3801,2017-10-27,1910,A22882,INGLE,5,5,7,3801,0,0,0,,0,0H5,"MOSCOW ST","FRANCE AV",0.00,,Y,A,-,N,,,,,,,,,,N,4,0,1,2,A,-,09,21801,A,N,D,G,A,A,H,-,C,D,0,,Y,,,Y,,D,22,0,0,1,0,0,0,1,0,0,-,-,,,"SAN FRANCISCO","SAN FRANCISCO",-122.43116994,37.71657989
8491031,2017,2017-11-22,3801,2017-10-07,1316,614,SOUTH,6,5,7,3801,0,0,0,,0,03A,"OTIS ST","12TH ST",9.00,S,N,A,-,N,,,,,,,,,,N,4,0,1,2,A,-,12,21453,A,N,D,G,A,A,H,-,A,-,0,,Y,,,Y,,L,04,0,0,1,0,0,0,1,0,0,-,-,,,"SAN FRANCISCO","SAN FRANCISCO",,
8491022,2017,2017-12-06,3801,2017-10-16,1119,260,MISSI,1,5,7,3801,0,0,0,,0,3D15C,"15TH ST","SHOTWELL ST",0.00,,Y,A,-,N,,,,,,,,,,N,4,0,1,2,A,-,12,22450,A,N,D,G,A,A,H,-,A,D,0,,Y,,,Y,,L,04,0,0,1,0,0,0,1,0,0,-,-,,,"SAN FRANCISCO","SAN FRANCISCO",-122.41654999,37.7668699
8491018,2017,2018-01-10,3801,2017-10-04,0600,540,TARAV,3,5,7,3801,0,0,0,,0,3I14A,"OCEAN AV","19TH AV",0.00,,Y,A,-,N,,,,,,,,,,N,4,0,1,2,A,-,03,22350,,F,B,G,A,A,H,-,C,A,0,,Y,,,Y,,D,22,0,0,1,0,0,0,1,0,0,-,-,,,"SAN FRANCISCO","SAN FRANCISCO",-122.47496995,37.73243989
8491003,2017,2017-11-21,3801,2017-09-26,1400,564,NORTH,2,5,7,3801,0,0,0,,0,3E11D,FULTON,WEBSTER,0.00,,Y,A,-,N,,,,,,,,,,N,3,0,1,2,D,-,00,,,N,D,G,A,A,H,-,A,A,0,,Y,,,Y,,-,-,0,1,0,0,0,0,1,0,0,-,-,,,"SAN FRANCISCO","SAN FRANCISCO",-122.42990991,37.77790993
8485308,2017,2017-12-05,3801,2017-10-26,0820,801,NORTH,4,5,7,3801,0,0,0,,0,3E12A,"FULTON ST","WEBSTER ST",0.00,W,N,A,-,N,,,,,,,,,,N,4,0,1,2,A,-,03,22350,A,N,A,G,A,A,H,-,A,D,0,,Y,,,Y,,L,04,0,0,1,0,0,0,1,0,0,-,-,,,"SAN FRANCISCO","SAN FRANCISCO",-122.42990991,37.77790993
8485232,2017,2017-12-07,3801,2017-10-23,2205,1763,MISSI,1,5,7,3801,0,0,0,,0,908,"18TH ST","SHOTWELL ST",10.00,E,N,A,-,N,,,,,,,,,,Y,3,0,1,2,A,-,12,22450,,N,D,G,A,A,H,-,C,D,0,,Y,,,Y,,-,-,0,1,0,0,0,0,1,0,0,-,-,,,"SAN FRANCISCO","SAN FRANCISCO",-122.41603556,37.76202265
8475920,2017,2017-11-18,3801,2017-10-20,1325,A10951,,5,5,7,3801,0,0,0,,0,3A46B,"POWELL ST","GEARY ST",0.00,,Y,A,-,N,,,,,,,,,,N,4,0,1,1,A,-,03,22350,,N,-,-,A,A,H,-,A,-,0,,Y,,,Y,,L,04,0,0,1,0,0,0,1,0,0,-,-,,,"SAN FRANCISCO","SAN FRANCISCO",-122.40821,37.78735999
8475916,2017,2017-11-18,3801,2017-10-19,0940,2376,,4,5,7,3801,0,0,0,,0,3B5A,"DIVISION ST","VERMONT ST",0.00,,Y,A,-,N,,,,,,,,,,N,4,0,1,2,A,-,08,22107,,N,B,G,A,A,H,-,A,D,0,,Y,,,Y,,A,01,0,0,1,0,0,0,1,0,0,-,-,,,"SAN FRANCISCO","SAN FRANCISCO",-122.40496988,37.76973993
8468944,2017,2018-05-17,3801,2017-09-25,1718,626,CENTR,1,5,7,3801,0,0,0,,0,3A14C,"NORTH POINT ST","POLK ST",12.00,N,N,A,-,N,,,,,,,,,,N,2,0,1,1,A,-,03,22350,,N,H,A,A,A,H,-,A,D,0,,Y,,,Y,,L,04,1,0,0,0,0,0,1,0,0,-,-,,,"SAN FRANCISCO","SAN FRANCISCO",-122.42359899,37.80530529
8465608,2018,2019-02-08,3801,2018-09-13,1206,2286,SOUTH,4,5,7,3801,0,0,0,,0,4B1E,"HOWARD ST","S VAN NESS AV",98.00,N,N,A,-,N,,,,,,,,,,Y,1,1,0,2,A,-,05,21650,1,N,D,G,A,A,H,-,A,D,0,,Y,,,Y,,L,04,0,0,0,0,0,1,0,0,0,-,-,,,"SAN FRANCISCO","SAN FRANCISCO",-122.41751775,37.77059405
8465039,2017,2017-10-16,3801,2017-06-21,0845,868,NORTH,3,5,7,3801,0,0,0,,0,3E3,"MCALLISTER ST","POLK ST",77.00,E,N,A,-,N,,,,,,,,,,N,4,0,1,2,A,-,08,22102,,N,D,G,A,A,H,-,A,D,0,,Y,,,Y,,A,01,0,0,1,0,0,0,1,0,0,-,-,37.78033,-122.41871,"SAN FRANCISCO","SAN FRANCISCO",-122.41833756,37.78030683
8464469,2017,2017-10-12,3801,2017-08-27,1745,1060,SOUTH,7,5,7,3801,0,0,0,,0,004,"MARKET ST","OCTAVIA BL",0.00,,Y,A,-,N,,,,,,,,,,N,3,0,1,2,A,-,08,22107,,F,D,G,A,A,H,-,A,A,0,,Y,,,Y,,-,,0,1,0,0,0,0,1,0,0,-,-,,,"SAN FRANCISCO","SAN FRANCISCO",-122.42358993,37.77177995
8464309,2017,2017-10-31,3801,2017-09-29,1445,1014,COA,5,5,7,3801,0,0,0,,0,3A15A,"MARKET ST","NEW MONTGOMERY ST",0.00,,Y,A,-,N,,,,,,,,,,N,3,0,1,2,A,-,03,22350,A,N,C,G,A,A,H,-,A,A,0,,Y,,,Y,,L,04,0,1,0,0,0,0,1,0,0,-,-,,,"SAN FRANCISCO","SAN FRANCISCO",-122.40198992,37.7887699
8464301,2017,2017-10-31,3801,2017-09-20,1305,A11409,SOUTH,3,5,7,3801,0,0,0,,0,0B3,"6TH ST","HARRISON ST",0.00,,Y,B,-,N,,,,,,,,,,N,3,0,1,2,D,-,00,,,N,D,G,A,A,H,-,A,D,0,,Y,,,Y,,-,-,0,1,0,0,0,0,1,0,0,-,-,,,"SAN FRANCISCO","SAN FRANCISCO",-122.4040799,37.77730992
8464261,2017,2017-11-17,3801,2017-09-15,0600,711,CENTR,5,5,7,3801,0,0,0,,0,004,"BATTERY ST","BROADWAY ST",0.00,,Y,A,B,N,,,,,,,,,,N,4,0,1,2,A,-,12,21453,A,N,B,G,A,A,H,-,B,D,0,,Y,,,Y,,L,04,0,0,1,0,0,0,1,0,0,-,-,,,"SAN FRANCISCO","SAN FRANCISCO",-122.40103999,37.79859997
8464240,2017,2017-10-11,3801,2017-09-26,1303,203,MISSI,2,5,7,3801,0,0,0,,0,001,"17TH ST",ALBION,63.00,E,N,A,-,N,,,,,,,,,,N,4,0,1,2,A,-,17,22517,,N,B,G,A,A,H,-,A,D,0,,Y,,,Y,,A,01,0,0,1,0,0,0,1,0,0,-,-,,,"SAN FRANCISCO","SAN FRANCISCO",-122.42249265,37.76325344
8464238,2017,2017-11-01,3801,2017-09-07,0842,385,TENDE,4,5,7,3801,0,0,0,,0,3J52A,"5TH ST","MARKET ST",0.00,,Y,B,-,N,,,,,,,,,,N,3,0,1,1,C,-,18,,,N,H,A,A,B,G,-,A,D,0,,Y,,,Y,,-,-,0,1,0,0,0,0,1,0,0,-,-,,,"SAN FRANCISCO","SAN FRANCISCO",-122.40805989,37.78399992
8464237,2017,2017-10-16,3801,2017-09-28,2310,1061,NORHE,4,5,7,3801,0,0,0,,0,3R11E,"FRANKLIN ST","FELL ST",0.00,,Y,A,-,N,,,,,,,,,,N,2,0,1,2,A,-,12,21453,A,N,D,G,A,A,H,-,A,A,0,,Y,,,Y,,L,04,1,0,0,0,0,0,1,0,0,-,-,,,"SAN FRANCISCO","SAN FRANCISCO",-122.42113997,37.7761599
8464226,2017,2017-11-01,3801,2017-09-08,1830,1154,RICHM,5,5,7,3801,0,0,0,,0,003,"6TH AV","GEARY BL",354.00,N,N,B,-,N,,,,,,,,,,N,3,0,1,2,A,-,09,21804,,N,D,G,A,A,H,-,A,D,0,,Y,,,Y,,L,04,0,1,0,0,0,0,1,0,0,-,-,,,"SAN FRANCISCO","SAN FRANCISCO",-122.46434828,37.78206139
8464223,2017,2017-10-31,3801,2017-09-03,1705,4117,MISSI,7,5,7,3801,0,0,0,,0,3D13D,"14TH ST","HARRISON ST",0.00,,Y,A,-,N,,,,,,,,,,N,3,0,1,2,A,-,09,21802,A,N,D,G,A,A,H,-,A,A,0,,Y,,,Y,,A,01,0,1,0,0,0,0,1,0,0,-,-,,,"SAN FRANCISCO","SAN FRANCISCO",-122.41343986,37.76865989
8464220,2017,2017-10-10,3801,2017-09-23,1659,1636,TARAV,6,5,7,3801,0,0,0,,0,3I16D,"VICENTE ST","14TH AV",0.00,,Y,A,-,N,,,,,,,,,,N,3,0,1,2,A,-,12,22450,,N,D,G,A,A,H,-,A,A,0,,Y,,,Y,,L,04,0,1,0,0,0,0,1,0,0,-,-,,,"SAN FRANCISCO","SAN FRANCISCO",-122.46997991,37.7395399
8464219,2017,2017-10-31,3801,2017-09-04,2113,A22298,NORTH,1,5,7,3801,0,0,0,,0,3E16E,"FRANKLIN ST","UNION ST",0.00,,Y,A,-,N,,,,,,,,,,N,4,0,1,4,A,-,05,21650,1,N,A,G,A,A,H,-,C,A,0,,Y,,,Y,,L,04,0,0,1,0,0,0,1,0,0,-,-,,,"SAN FRANCISCO","SAN FRANCISCO",-122.42561995,37.79833991
8464218,2017,2017-11-01,3801,2017-09-09,2240,652,TENDE,6,5,7,3801,0,0,0,,0,005,"EDDY ST","JONES ST",0.00,,Y,A,-,N,,,,,,,,,,N,4,0,1,2,A,-,08,22107,,N,B,G,A,A,H,-,C,A,0,,Y,,,Y,,A,07,0,0,1,0,0,0,1,0,0,-,-,,,"SAN FRANCISCO","SAN FRANCISCO",-122.41258998,37.78393999
8464214,2017,2017-11-01,3801,2017-09-02,1448,2112,SOUTH,6,5,7,3801,0,0,0,,0,3B14D,"9TH ST","MCLEA CT",0.00,,Y,A,-,N,,,,,,,,,,,2,0,1,2,A,-,08,22107,,F,B,G,A,A,H,-,A,D,0,,Y,,,Y,,-,,1,0,0,0,0,0,1,0,0,-,-,,,"SAN FRANCISCO","SAN FRANCISCO",-122.40906995,37.77172991
8464210,2017,2017-12-07,3801,2017-09-03,2251,2216,CENTR,7,5,7,3801,0,0,0,,0,3A12E,"KEARNY ST","SACRAMENTO ST",0.00,,Y,A,-,N,,,,,,,,,,N,4,0,1,2,A,-,12,21453,A,F,D,G,A,A,H,-,C,A,0,,Y,,,Y,,A,01,0,0,1,0,0,0,1,0,0,-,-,,,"SAN FRANCISCO","SAN FRANCISCO",-122.40459,37.79359996
8464207,2017,2017-11-22,3801,2017-09-12,1225,1459,NORTH,2,5,7,3801,0,0,0,,0,3E15C,"MCALLISTER ST","POLK ST",0.00,,Y,A,-,N,,,,,,,,,,N,4,0,1,2,A,-,08,22107,,N,B,G,A,A,H,-,A,A,0,,Y,,,Y,,A,01,0,0,1,0,0,0,1,0,0,-,-,,,"SAN FRANCISCO","SAN FRANCISCO",-122.41859999,37.78026991
8464195,2017,2017-10-31,3801,2017-09-19,1600,A22587,INGLE,2,5,7,3801,0,0,0,,0,3H13D,"MISSION ST","30TH ST",0.00,,Y,A,-,N,,,,,,,,,,N,3,0,1,2,A,-,05,21202,A,N,B,G,A,A,H,-,A,A,0,,Y,,,Y,,L,04,0,1,0,0,0,0,1,0,0,-,-,,,"SAN FRANCISCO","SAN FRANCISCO",-122.42195985,37.74238992
8464158,2017,2017-10-27,3801,2017-09-15,0945,A11423,SOUTH,5,5,7,3801,0,0,0,,0,3B12A,"MISSION ST","1ST ST",294.00,W,N,A,-,N,,,,,,,,,,N,3,0,1,2,A,-,08,22107,,N,B,G,A,A,H,-,A,A,0,,Y,,,Y,,L,04,0,1,0,0,0,0,1,0,0,-,-,,,"SAN FRANCISCO","SAN FRANCISCO",-122.39828685,37.7892067
8464157,2017,2017-10-12,3801,2017-09-29,0930,1887,SOUTH,5,5,7,3801,0,0,0,,0,4B1B,"8TH ST","MINNA ST",0.00,,Y,B,-,N,,,,,,,,,,N,4,0,1,2,A,-,08,22107,,N,D,G,A,A,H,-,A,A,0,,Y,,,Y,,A,01,0,0,1,0,0,0,1,0,0,-,-,37.777,-122.41281,"SAN FRANCISCO","SAN FRANCISCO",-122.41259999,37.7770499
8464156,2017,2017-10-19,3801,2017-09-30,0855,563,PARK,6,5,7,3801,0,0,0,,0,"3 CAR","FULTON ST","MASONIC AV",0.00,,Y,A,-,N,,,,,,,,,,N,3,0,1,2,A,-,09,21801,A,N,D,G,A,A,H,-,A,A,0,,Y,,,Y,,A,01,0,1,0,0,0,0,1,0,0,-,-,,,"SAN FRANCISCO","SAN FRANCISCO",-122.44646989,37.77578998
8464151,2017,2017-10-19,3801,2017-09-24,0854,711,CENTR,7,5,7,3801,0,0,0,,0,005,"MARKET ST","3RD ST",20.00,E,N,A,-,N,,,,,,,,,,N,2,0,2,2,A,-,11,21954,A,M,A,B,E,A,H,-,A,A,0,Y,Y,,,Y,,N,60,1,0,1,0,1,0,1,0,0,-,-,,,"SAN FRANCISCO","SAN FRANCISCO",-122.40340968,37.78769774
8464150,2017,2017-10-27,3801,2017-09-20,1026,319,RICHM,3,5,7,3801,0,0,0,,0,3G14A,"MARTIN LUTHER KING JR DR","SUNSET BL",0.00,,Y,A,-,N,,,,,,,,,,N,3,0,1,2,A,-,03,22350,,N,D,G,A,A,H,-,A,A,0,,Y,,,Y,,L,04,0,1,0,0,0,0,1,0,0,-,-,,,"SAN FRANCISCO","SAN FRANCISCO",-122.49621993,37.76543993
8464149,2017,2017-10-12,3801,2017-09-01,1841,A20952,SOUTH,5,5,7,3801,0,0,0,,0,3CAR,"FOLSOM ST","LANGTON ST",0.00,,Y,A,-,N,,,,,,,,,,N,3,0,1,2,A,-,08,22107,,N,B,G,A,A,H,-,A,D,0,,Y,,,Y,,A,01,0,1,0,0,0,0,1,0,0,-,-,,,"SAN FRANCISCO","SAN FRANCISCO",-122.40839987,37.77631998
8464143,2017,2017-10-19,3801,2017-09-25,0815,A22854,BAYVI,1,5,7,3801,0,0,0,,0,001,"CESAR CHAVEZ","EVANS AV",150.00,W,N,A,-,N,,,,,,,,,,N,3,0,1,2,A,-,07,21658,A,N,H,G,A,A,H,-,A,D,0,,Y,,,Y,,A,01,0,1,0,0,0,0,1,0,0,-,-,,,"SAN FRANCISCO","SAN FRANCISCO",-122.3978376,37.74966014