CASE_ID,ACCIDENT_YEAR,PROC_DATE,JURIS,COLLISION_DATE,COLLISION_TIME,OFFICER_ID,REPORTING_DISTRICT,DAY_OF_WEEK,CHP_SHIFT,POPULATION,CNTY_CITY_LOC,SPECIAL_COND,BEAT_TYPE,CHP_BEAT_TYPE,CITY_DIVISION_LAPD,CHP_BEAT_CLASS,BEAT_NUMBER,PRIMARY_RD,SECONDARY_RD,DISTANCE,DIRECTION,INTERSECTION,WEATHER_1,WEATHER_2,STATE_HWY_IND,CALTRANS_COUNTY,CALTRANS_DISTRICT,STATE_ROUTE,ROUTE_SUFFIX,POSTMILE_PREFIX,POSTMILE,LOCATION_TYPE,RAMP_INTERSECTION,SIDE_OF_HWY,TOW_AWAY,COLLISION_SEVERITY,NUMBER_KILLED,NUMBER_INJURED,PARTY_COUNT,PRIMARY_COLL_FACTOR,PCF_CODE_OF_VIOL,PCF_VIOL_CATEGORY,PCF_VIOLATION,PCF_VIOL_SUBSECTION,HIT_AND_RUN,TYPE_OF_COLLISION,MVIW,PED_ACTION,ROAD_SURFACE,ROAD_COND_1,ROAD_COND_2,LIGHTING,CONTROL_DEVICE,CHP_ROAD_TYPE,PEDESTRIAN_ACCIDENT,BICYCLE_ACCIDENT,MOTORCYCLE_ACCIDENT,TRUCK_ACCIDENT,NOT_PRIVATE_PROPERTY,ALCOHOL_INVOLVED,STWD_VEHTYPE_AT_FAULT,CHP_VEHTYPE_AT_FAULT,COUNT_SEVERE_INJ,COUNT_VISIBLE_INJ,COUNT_COMPLAINT_PAIN,COUNT_PED_KILLED,COUNT_PED_INJURED,COUNT_BICYCLIST_KILLED,COUNT_BICYCLIST_INJURED,COUNT_MC_KILLED,COUNT_MC_INJURED,PRIMARY_RAMP,SECONDARY_RAMP,LATITUDE,LONGITUDE,COUNTY,CITY,POINT_X,POINT_Y
8464140,2017,2017-10-19,3801,2017-09-19,0730,302,MISSI,2,5,7,3801,0,0,0,,0,001,"17TH ST","GUERRERO ST",18.00,W,N,-,-,N,,,,,,,,,,N,3,0,1,2,A,-,08,22103,,N,-,G,A,A,H,-,A,-,0,,Y,,,Y,,A,01,0,1,0,0,0,0,1,0,0,-,-,,,"SAN FRANCISCO","SAN FRANCISCO",-122.42399207,37.7631659
8464139,2017,2017-10-19,3801,2017-09-12,1639,1666,PARK,2,5,7,3801,0,0,0,,0,1CAR,"7TH AV","IRVING ST",0.00,,Y,B,-,N,,,,,,,,,,N,4,0,1,2,A,-,17,21451,A,N,D,G,A,A,H,-,A,A,0,,Y,,,Y,,A,01,0,0,1,0,0,0,1,0,0,-,-,,,"SAN FRANCISCO","SAN FRANCISCO",-122.46415987,37.76415998
8464136,2017,2017-10-19,3801,2017-09-19,0815,375,MISSI,2,5,7,3801,0,0,0,,0,901,"CESAR CHAVEZ ST","ALABAMA ST",0.00,,Y,A,-,N,,,,,,,,,,N,3,0,1,2,A,-,09,21801,A,N,D,G,A,A,H,-,A,A,0,,Y,,,Y,,A,01,0,1,0,0,0,0,1,0,0,-,-,,,"SAN FRANCISCO","SAN FRANCISCO",-122.41053993,37.74832989
8464131,2017,2017-11-14,3801,2017-09-09,1217,719,CENTR,6,5,7,3801,0,0,0,,0,3A12E,"THE EMBARCADERO NORTH","SANSOME ST",3.00,S,N,A,-,N,,,,,,,,,,N,4,0,1,2,A,-,02,22400,A,N,C,G,A,A,H,-,A,A,0,,Y,,,Y,,L,04,0,0,1,0,0,0,1,0,0,-,-,,,"SAN FRANCISCO","SAN FRANCISCO",-122.40355222,37.80542454
8464129,2017,2017-10-12,3801,2017-09-12,1553,403,SOUTH,2,5,7,3801,0,0,0,,0,1CAR,"KING ST","2ND ST",0.00,,Y,A,-,N,,,,,,,,,,N,4,0,1,2,A,-,06,21750,,N,D,G,A,A,H,-,A,A,0,,Y,,,Y,,L,04,0,0,1,0,0,0,1,0,0,-,-,,,"SAN FRANCISCO","SAN FRANCISCO",-122.3897,37.77995996
8464124,2017,2017-10-30,3801,2017-09-19,2013,4187,MISSI,2,5,7,3801,0,0,0,,0,3D15D,"VALENCIA ST","19TH ST",189.00,N,N,A,-,N,,,,,,,,,,N,4,0,1,2,A,-,17,22517,,N,H,G,A,A,H,-,C,D,0,,Y,,,Y,,A,01,0,0,1,0,0,0,1,0,0,-,-,,,"SAN FRANCISCO","SAN FRANCISCO",-122.42145176,37.76062758
8464106,2017,2017-10-27,3801,2017-09-04,2331,155,MISSI,1,5,7,3801,0,0,0,,0,3B14E,"16TH ST","VERMONT ST",38.00,W,N,A,-,N,,,,,,,,,,N,4,0,1,2,A,-,05,21650,1,N,A,G,A,A,H,-,D,D,0,,Y,,,Y,,L,04,0,0,1,0,0,0,1,0,0,-,-,,,"SAN FRANCISCO","SAN FRANCISCO",-122.40476072,37.76594863
8464102,2017,2017-10-27,3801,2017-09-05,0614,4305,MISSI,2,5,7,3801,0,0,0,,0,3D16A,"SAN BRUNO AV","16TH ST",0.00,,Y,A,-,N,,,,,,,,,,N,4,0,1,2,A,-,09,21804,A,N,D,G,A,A,H,-,C,A,0,,Y,,,Y,,A,01,0,0,1,0,0,0,1,0,0,-,-,,,"SAN FRANCISCO","SAN FRANCISCO",-122.40556993,37.7658899
8464096,2017,2017-10-19,3801,2017-09-22,0901,196,MISSI,5,5,7,3801,0,0,0,,0,3D11A,"GUERRERO ST","14TH ST",118.00,S,N,B,-,N,,,,,,,,,,N,4,0,1,3,A,-,17,22517,,N,E,G,A,A,H,-,A,A,0,,Y,,,Y,,A,01,0,0,1,0,0,0,1,0,0,-,-,,,"SAN FRANCISCO","SAN FRANCISCO",-122.42437768,37.76769685
8464090,2017,2017-10-27,3801,2017-09-05,2024,A21782,TENDE,2,5,7,3801,0,0,0,,0,3J51D,"JONES ST","EDDY ST",25.00,N,N,A,-,N,,,,,,,,,,N,2,0,2,2,A,-,03,22350,,N,C,G,A,A,H,-,C,A,0,,Y,,,Y,,L,04,1,0,1,0,0,0,1,0,0,-,-,,,"SAN FRANCISCO","SAN FRANCISCO",-122.41260357,37.78400783
8464087,2017,2017-11-14,3801,2017-09-21,1146,185,MISSI,4,5,7,3801,0,0,0,,0,3D14C,"DUBOCE ST","MISSION ST",5.00,E,N,A,-,N,,,,,,,,,,N,4,0,1,2,A,-,11,21456,B,N,H,G,A,A,H,-,A,A,0,,Y,,,Y,,L,04,0,0,1,0,0,0,1,0,0,-,-,,,"SAN FRANCISCO","SAN FRANCISCO",-122.42018,37.76999
8464081,2017,2017-10-12,3801,2017-09-21,0900,A21812,PARK,4,5,7,3801,0,0,0,,0,003,"GOLDEN GATE AV","KITTREDGE TER",0.00,,Y,A,-,N,,,,,,,,,,N,3,0,1,2,A,-,09,21801,A,N,D,G,A,A,H,-,A,D,0,,Y,,,Y,,A,01,0,1,0,0,0,0,1,0,0,-,-,,,"SAN FRANCISCO","SAN FRANCISCO",-122.45047996,37.77720995
8464029,2017,2017-10-12,3801,2017-09-22,0833,979,BAYVI,5,5,7,3801,0,0,0,,0,3C12A,"BAYSHORE BL","BAYSHORE BL 625",0.00,,N,A,-,N,,,,,,,,,,N,2,0,1,2,A,-,03,22350,,N,D,G,A,A,H,-,A,A,0,,Y,,,Y,,L,04,1,0,0,0,0,0,1,0,0,-,-,,,"SAN FRANCISCO","SAN FRANCISCO",,
8463999,2017,2017-11-01,3801,2017-09-14,0930,2376,,4,5,7,3801,0,0,0,,0,3B5A,"MISSION BAY N","3RD ST",0.00,,Y,A,-,N,,,,,,,,,,N,3,0,1,2,A,-,08,22101,D,N,D,G,A,A,H,-,A,A,0,,Y,,,Y,,L,04,0,1,0,0,0,0,1,0,0,-,-,,,"SAN FRANCISCO","SAN FRANCISCO",-122.38961993,37.77106999
8462677,2017,2017-11-17,3801,2017-09-05,1504,4104,MISSI,2,5,7,3801,0,0,0,,0,3D15C,"POTRERO AV","24TH ST",0.00,,Y,A,-,N,,,,,,,,,,N,3,0,1,2,A,-,04,21703,,F,C,G,A,A,H,-,A,A,0,,Y,,,Y,,-,,0,1,0,0,0,0,1,0,0,-,-,,,"SAN FRANCISCO","SAN FRANCISCO",-122.4063199,37.75298991
8451157,2017,2017-10-23,3801,2017-09-22,1615,244,NORTH,5,5,7,3801,0,0,0,,0,3E15C,"WEBSTER ST","MCALLISTER ST",12.00,S,N,A,-,N,,,,,,,,,,N,3,0,1,2,A,-,09,21801,A,N,D,G,A,A,H,-,A,A,0,,Y,,,Y,,A,01,0,1,0,0,0,0,1,0,0,-,-,,,"SAN FRANCISCO","SAN FRANCISCO",-122.43010301,37.7788075
8451120,2017,2017-10-23,3801,2017-09-01,1400,A22534,INGLE,5,5,7,3801,0,0,0,,0,3H15D,"SUTTER ST","HYDE ST",0.00,,Y,A,-,N,,,,,,,,,,N,4,0,1,2,A,-,17,22517,,F,G,G,A,A,H,-,A,A,0,,Y,,,Y,,A,01,0,0,1,0,0,0,1,0,0,-,-,,,"SAN FRANCISCO","SAN FRANCISCO",-122.41680987,37.78817998
8451096,2017,2017-10-23,3801,2017-09-07,1933,2411,TARAV,4,5,7,3801,0,0,0,,0,002,"KIRKHAM ST","20TH AV",36.00,E,N,A,-,N,,,,,,,,,,N,3,0,1,3,A,-,03,22350,,N,C,G,A,A,H,-,C,D,0,,Y,,,Y,,A,01,0,1,0,0,0,0,1,0,0,-,-,,,"SAN FRANCISCO","SAN FRANCISCO",-122.47782556,37.75979444
8449814,2017,2017-10-25,3801,2017-06-26,1852,253,MISSI,1,5,7,3801,0,0,0,,0,3D00,"CHURCH ST","17TH ST",0.00,,Y,-,-,N,,,,,,,,,,N,4,0,1,2,A,-,09,21801,A,N,-,-,A,-,-,-,-,-,0,,Y,Y,,Y,,L,04,0,0,1,0,0,0,1,0,0,-,-,,,"SAN FRANCISCO","SAN FRANCISCO",-122.42850995,37.76287993
8449506,2017,2017-09-25,3801,2017-08-13,0111,4103,TENDE,7,5,7,3801,0,0,0,,0,3J13E,"PERRY ST","3RD ST",450.00,E,N,A,-,N,,,,,,,,,,N,4,0,1,2,A,-,03,22350,,N,B,G,A,A,H,-,C,D,0,,Y,,,Y,,L,04,0,0,1,0,0,0,1,0,0,-,-,,,"SAN FRANCISCO","SAN FRANCISCO",-122.39575949,37.78299038
8447840,2017,2018-05-04,3801,2017-08-12,0606,A10610,RICHM,6,5,7,3801,0,0,0,,0,3G38,"GREAT HWY",FULTON,0.00,,Y,A,-,N,,,,,,,,,,N,4,0,1,2,A,-,00,21463,A,N,D,G,A,A,H,-,B,A,0,,Y,,,Y,,L,04,0,0,1,0,0,0,1,0,0,-,-,,,"SAN FRANCISCO","SAN FRANCISCO",-122.51103991,37.77132994
8447788,2017,2018-05-18,3801,2017-08-24,1441,4315,SOUTH,4,5,7,3801,0,0,0,,0,3B2C,"HARRISON ST","5TH ST",0.00,,Y,A,-,Y,SF,4,80,-,-,5.044,R,4,W,N,3,0,1,2,A,-,17,21200,,N,D,G,A,A,H,-,A,A,0,,Y,,,Y,,L,04,0,1,0,0,0,0,1,0,0,-,-,,,"SAN FRANCISCO","SAN FRANCISCO",-122.39682489,37.78210039
8446294,2017,2017-09-27,3801,2017-08-29,1046,2081,CENTR,2,5,7,3801,0,0,0,,0,005,"JEFFERSON ST","TAYLOR ST",75.00,E,N,B,-,N,,,,,,,,,,,4,0,1,2,A,-,03,22350,,N,B,G,A,A,H,-,A,D,0,,Y,,,Y,,L,04,0,0,1,0,0,0,1,0,0,-,-,,,"SAN FRANCISCO","SAN FRANCISCO",-122.41553255,37.80825702
8445965,2017,2017-09-13,3801,2017-08-09,1811,A22019,RICHM,3,5,7,3801,0,0,0,,0,1811,"JOHN F KENNEDY DR","30TH AV",628.00,E,N,A,-,N,,,,,,,,,,N,4,0,1,2,A,-,09,21801,A,N,D,G,A,A,H,-,A,D,0,,Y,,,Y,,A,01,0,0,1,0,0,0,1,0,0,-,-,,,"SAN FRANCISCO","SAN FRANCISCO",-122.48765113,37.77084548
8445918,2017,2017-09-14,3801,2017-08-31,0726,A21234,MISSI,4,5,7,3801,0,0,0,,0,3D41A,"26TH ST","HARRISON ST",0.00,,Y,A,-,N,,,,,,,,,,N,2,0,1,2,A,-,12,22450,A,F,D,G,A,A,H,-,A,A,0,,Y,,,Y,,A,01,1,0,0,0,0,0,1,0,0,-,-,,,"SAN FRANCISCO","SAN FRANCISCO",-122.41163994,37.74944
8445915,2017,2017-09-14,3801,2017-08-13,1540,298,PARK,7,5,7,3801,0,0,0,,0,3F13C,"GROVE ST","BRODERICK ST",180.00,E,N,A,-,N,,,,,,,,,,N,4,0,1,1,C,-,18,,,N,F,A,A,A,A,-,A,D,0,,Y,,,Y,,-,-,0,0,1,0,0,0,1,0,0,-,-,,,"SAN FRANCISCO","SAN FRANCISCO",-122.43904563,37.77578192
8445913,2017,2017-09-13,3801,2017-08-16,1009,203,MISSI,3,5,7,3801,0,0,0,,0,,"17TH ST","SOUTH VAN NESS",96.00,E,N,A,-,N,,,,,,,,,,N,3,0,1,2,A,-,09,21801,A,N,D,G,A,A,H,-,A,A,0,,Y,,,Y,,A,01,0,1,0,0,0,0,1,0,0,-,-,,,"SAN FRANCISCO","SAN FRANCISCO",-122.41700854,37.7635776
8445910,2017,2017-09-14,3801,2017-08-15,0820,331,INGLE,2,5,7,3801,0,0,0,,0,3H10,"CORTLAND AV","ELSIE ST",95.00,W,N,A,-,N,,,,,,,,,,N,4,0,1,2,A,-,12,22450,A,N,H,G,A,A,H,-,A,D,0,,Y,,,Y,,A,01,0,0,1,0,0,0,1,0,0,-,-,,,"SAN FRANCISCO","SAN FRANCISCO",-122.42002871,37.73988467
8445905,2017,2017-09-13,3801,2017-08-23,0745,1655,BAYVI,3,5,7,3801,0,0,0,,0,3C11A,MARIPOSA,"3RD ST",5.00,W,N,-,-,N,,,,,,,,,,N,4,0,1,2,A,-,12,21453,A,N,C,G,A,A,H,-,A,A,0,,Y,,,Y,,A,01,0,0,1,0,0,0,1,0,0,-,-,,,"SAN FRANCISCO","SAN FRANCISCO",-122.38897727,37.76431911
8445895,2017,2017-09-14,3801,2017-08-16,1424,1344,MISSI,3,5,7,3801,0,0,0,,0,3D3C,"SOUTH VAN NESS AV","22ND ST",0.00,,Y,A,-,N,,,,,,,,,,N,3,0,1,3,A,-,03,22350,,M,B,G,A,A,H,-,A,D,0,,Y,,,Y,,A,01,0,1,0,0,0,0,1,0,0,-,-,,,"SAN FRANCISCO","SAN FRANCISCO",-122.41658996,37.75556994
8445881,2017,2017-09-13,3801,2017-08-30,1233,4329,SOUTH,3,5,7,3801,0,0,0,,0,0D4,"MARKET ST","GOUGH ST",0.00,,Y,A,-,N,,,,,,,,,,N,4,0,1,2,A,-,12,21453,A,F,D,G,A,A,H,-,A,A,0,,Y,,,Y,,A,01,0,0,1,0,0,0,1,0,0,-,-,,,"SAN FRANCISCO","SAN FRANCISCO",-122.42220993,37.77286996
8445878,2017,2017-09-14,3801,2017-08-22,1725,298,PARK,2,5,7,3801,0,0,0,,0,3F43C,"HAIGHT ST","CLAYTON ST",20.00,E,N,A,-,N,,,,,,,,,,N,2,0,1,1,A,-,03,22350,,N,E,A,A,A,H,-,A,D,0,,Y,,,Y,,L,04,1,0,0,0,0,0,1,0,0,-,-,,,"SAN FRANCISCO","SAN FRANCISCO",-122.44851157,37.76980824
8445866,2017,2017-09-14,3801,2017-08-27,1042,936,PARK,7,5,7,3801,0,0,0,,0,3F1A,"OAK ST","MASONIC ST",0.00,,Y,A,-,N,,,,,,,,,,N,3,0,1,2,A,-,05,21202,A,N,D,G,A,A,H,-,A,A,0,,Y,,,Y,,L,04,0,1,0,0,0,0,1,0,0,-,-,,,"SAN FRANCISCO","SAN FRANCISCO",-122.44574996,37.7720799
8445863,2017,2017-09-14,3801,2017-08-27,1722,2709,COA,7,5,7,3801,0,0,0,,0,3A14D,"THE EMBARCADERO NORTH","GRANT AV",0.00,,Y,A,-,N,,,,,,,,,,N,3,0,1,1,D,-,00,,,N,H,A,A,A,G,-,A,D,0,,Y,,,Y,,-,-,0,1,0,0,0,0,1,0,0,-,-,,,"SAN FRANCISCO","SAN FRANCISCO",-122.40907994,37.80812996
8445847,2017,2017-09-14,3801,2017-08-31,0555,A09850,NORTH,4,5,7,3801,0,0,0,,0,,"FRANKLIN ST","SUTTER ST",0.00,,Y,A,-,N,,,,,,,,,,N,3,0,1,2,A,-,12,21453,A,N,D,G,A,A,H,-,C,A,0,,Y,,,Y,,L,04,0,1,0,0,0,0,1,0,0,-,-,,,"SAN FRANCISCO","SAN FRANCISCO",-122.42339987,37.78734989
8445844,2017,2017-09-14,3801,2017-08-10,1852,198,MISSI,4,5,7,3801,0,0,0,,0,3D16D,"BRYANT ST","ALAMEDA ST",138.00,S,N,A,-,N,,,,,,,,,,N,4,0,1,2,A,-,08,22107,,N,B,G,A,A,H,-,A,D,0,,Y,,,Y,,L,04,0,0,1,0,0,0,1,0,0,-,-,,,"SAN FRANCISCO","SAN FRANCISCO",-122.41069044,37.76780162
8444480,2017,2017-09-26,3801,2017-08-25,2024,1588,COD,5,5,7,3801,0,0,0,,0,3D11D,"VALENCIA ST","14TH ST",0.00,,Y,A,-,N,,,,,,,,,,N,4,0,1,2,A,-,21,22106,,N,C,G,A,A,H,-,C,A,0,,Y,,,Y,,-,,0,0,1,0,0,0,1,0,0,-,-,,,"SAN FRANCISCO","SAN FRANCISCO",-122.42217989,37.76814989
8444477,2017,2017-09-26,3801,2017-08-09,1803,4023,NORTH,3,5,7,3801,0,0,0,,0,3E15D,"MARINA BL","BEACH ST",27.00,W,N,A,-,N,,,,,,,,,,N,3,0,1,2,A,-,00,21760,C,F,C,G,A,A,H,-,A,D,0,,Y,,,Y,Y,A,07,0,1,0,0,0,0,1,0,0,-,-,,,"SAN FRANCISCO","SAN FRANCISCO",-122.43380036,37.80505902
8444471,2017,2017-09-25,3801,2017-08-02,1019,1316,CENTR,3,5,7,3801,0,0,0,,0,3A40B,"NORTH POINT ST","TAYLOR ST",0.00,,Y,A,-,N,,,,,,,,,,N,2,0,1,1,A,-,03,22350,,N,E,-,A,A,H,-,A,A,0,,Y,,,Y,,L,04,1,0,0,0,0,0,1,0,0,-,-,,,"SAN FRANCISCO","SAN FRANCISCO",-122.41543987,37.8063599
8444470,2017,2017-09-26,3801,2017-08-07,1340,2376,SOUTH,1,5,7,3801,0,0,0,,0,3B5A,"2ND ST","TABER PL",0.00,,Y,A,-,N,,,,,,,,,,N,3,0,1,2,A,-,06,21750,,N,B,G,A,A,H,-,A,D,0,,Y,,,Y,,A,01,0,1,0,0,0,0,1,0,0,-,-,,,"SAN FRANCISCO","SAN FRANCISCO",-122.39331996,37.78282995
8444459,2017,2017-09-25,3801,2017-08-01,1745,293,NORTH,2,5,7,3801,0,0,0,,0,3E12D,"TURK ST","LEAVENWORTH ST",10.00,,N,A,-,N,,,,,,,,,,N,4,0,1,2,A,-,-,,,N,C,G,A,A,H,-,A,A,0,,Y,,,Y,,A,01,0,0,1,0,0,0,1,0,0,-,-,,,"SAN FRANCISCO","SAN FRANCISCO",-122.41403986,37.78279991
8444442,2017,2017-09-26,3801,2017-08-09,0747,30,NORTH,3,5,7,3801,0,0,0,,0,3E11A,"GOUGH ST","MCALLISTER ST",0.00,,Y,B,-,N,,,,,,,,,,,4,0,1,2,A,-,09,21804,A,N,D,G,A,A,H,-,A,A,0,,Y,,,Y,,-,,0,0,1,0,0,0,1,0,0,-,-,,,"SAN FRANCISCO","SAN FRANCISCO",-122.42353987,37.77966998
8444441,2017,2017-09-25,3801,2017-08-18,0915,004286,RICHM,5,5,7,3801,0,0,0,,0,0G1,"JOHN F KENNEDY DR","CHAIN OF LAKES DR",500.00,E,N,B,-,N,,,,,,,,,,N,4,0,1,2,A,-,03,22350,,N,B,G,A,A,H,-,A,D,0,,Y,,,Y,,L,04,0,0,1,0,0,0,1,0,0,-,-,,,"SAN FRANCISCO","SAN FRANCISCO",-122.4989038,37.76865028
8444426,2017,2017-09-26,3801,2017-08-01,1746,878,SOUTH,2,5,7,3801,0,0,0,,0,3B15D,"TOWNSEND ST","7TH ST",0.00,,Y,A,-,N,,,,,,,,,,Y,3,0,1,2,A,-,09,21801,A,N,A,G,A,A,H,-,A,A,0,,Y,,,Y,,L,04,0,1,0,0,0,0,1,0,0,-,-,,,"SAN FRANCISCO","SAN FRANCISCO",-122.40165987,37.77182999
8444422,2017,2017-09-26,3801,2017-08-04,1300,A21550,CENTR,5,5,7,3801,0,0,0,,0,3A2A,"GRANT AV","JACKSON ST",0.00,,Y,B,-,N,,,,,,,,,,N,4,0,1,2,A,-,08,22107,,N,B,G,A,A,H,-,A,A,0,,Y,,,Y,,L,04,0,0,1,0,0,0,1,0,0,-,-,,,"SAN FRANCISCO","SAN FRANCISCO",-122.40662999,37.79602993
8444403,2017,2017-09-25,3801,2017-08-01,1300,1325,TENDE,2,5,7,3801,0,0,0,,0,3J11A,"OFARRELL ST","MASON ST",0.00,,Y,A,-,N,,,,,,,,,,N,3,0,1,2,A,-,17,22517,,N,H,G,A,A,H,-,A,D,0,,Y,,,Y,,A,01,0,1,0,0,0,0,1,0,0,-,-,,,"SAN FRANCISCO","SAN FRANCISCO",-122.40965987,37.78621996
8444366,2017,2017-09-25,3801,2017-07-26,1530,1994,PARK,3,5,7,3801,0,0,0,,0,4B3E,"JOHN F KENNEDY DR","CONSERVATORY DR",138.00,W,N,A,-,N,,,,,,,,,,N,4,0,1,2,A,-,05,21460,,N,D,G,A,A,H,-,A,D,0,,Y,,,Y,,A,07,0,0,1,0,0,0,1,0,0,-,-,,,"SAN FRANCISCO","SAN FRANCISCO",-122.46250326,37.77188944
8444345,2017,2017-09-25,3801,2017-08-04,1051,A11158,TENDE,5,5,7,3801,0,0,0,,0,3J14A,"GOLDEN GATE AV","HYDE ST",0.00,,Y,A,-,N,,,,,,,,,,N,3,0,1,2,A,-,12,21453,A,N,D,G,A,A,H,-,A,A,0,,Y,,,Y,,L,04,0,1,0,0,0,0,1,0,0,-,-,,,"SAN FRANCISCO","SAN FRANCISCO",-122.41549995,37.78164991
8444261,2017,2017-09-29,3801,2017-08-02,1330,A21693,CENTR,3,5,7,3801,0,0,0,,0,005,"THE EMBARCADERO S","MISSION ST",150.00,N,N,A,-,N,,,,,,,,,,N,4,0,1,2,A,-,17,22517,,N,E,G,A,A,H,-,A,D,0,,Y,,,Y,,-,,0,0,1,0,0,0,1,0,0,-,-,,,"SAN FRANCISCO","SAN FRANCISCO",-122.3929749,37.79401639
8444257,2017,2017-09-29,3801,2017-08-03,1042,4117,MISSI,4,5,7,3801,0,0,0,,0,,"YORK ST","19TH ST",0.00,,Y,A,-,N,,,,,,,,,,N,3,0,1,2,A,-,21,22106,,N,H,A,A,A,H,-,A,A,0,,Y,,Y,Y,,F,88,0,1,0,0,0,0,1,0,0,-,-,,,"SAN FRANCISCO","SAN FRANCISCO",-122.40899996,37.76055999
8444080,2017,2017-09-15,3801,2017-08-31,1504,2112,SOUTH,4,5,7,3801,0,0,0,,0,3B14D,"16TH ST","VERMONT ST",70.00,W,N,A,-,N,,,,,,,,,,N,4,0,1,2,A,-,09,21801,,N,A,G,A,A,H,-,A,D,0,,Y,,,Y,,L,04,0,0,1,0,0,0,1,0,0,-,-,,,"SAN FRANCISCO","SAN FRANCISCO",-122.40487079,37.76593902
8444048,2017,2017-09-15,3801,2017-08-23,1430,A10868,SOTHE,3,5,7,3801,0,0,0,,0,0E3,"EDDY ST","POLK ST",0.00,,Y,A,-,N,,,,,,,,,,N,3,0,1,2,A,-,09,21801,A,F,D,G,A,A,H,-,A,A,0,,Y,,,Y,,D,22,0,1,0,0,0,0,1,0,0,-,-,,,"SAN FRANCISCO","SAN FRANCISCO",-122.41917989,37.78307995
8444047,2017,2017-09-25,3801,2017-08-08,2040,397,SOUTH,2,5,7,3801,0,0,0,,0,3B2,"TOWNSEND ST","CLYDE ST",0.00,,Y,A,-,N,,,,,,,,,,N,4,0,1,2,A,-,21,22106,,N,C,G,A,A,H,-,A,D,0,,Y,,Y,Y,,F,27,0,0,1,0,0,0,1,0,0,-,-,,,"SAN FRANCISCO","SAN FRANCISCO",-122.39355995,37.77822992
8444040,2017,2017-09-15,3801,2017-08-22,0728,A22028,SOUTH,2,5,7,3801,0,0,0,,0,3B13A,"8TH ST","MINNA ST",0.00,,Y,B,-,N,,,,,,,,,,N,3,0,1,2,A,-,09,21802,A,N,D,G,A,A,H,-,A,A,0,,Y,,,Y,,D,22,0,1,0,0,0,0,1,0,0,-,-,,,"SAN FRANCISCO","SAN FRANCISCO",-122.41259999,37.7770499
8444028,2017,2018-05-21,3801,2017-08-28,1411,4006,NORTH,1,5,7,3801,0,0,0,,0,3E13C,"VAN NESS AV","FELL ST",84.00,N,N,A,-,Y,SF,4,101,-,T,4.970,H,-,S,N,3,0,1,3,A,-,06,21755,A,N,B,G,A,A,H,-,A,A,0,,Y,,,Y,,L,04,0,1,0,0,0,0,1,0,0,-,-,,,"SAN FRANCISCO","SAN FRANCISCO",-122.41966347,37.77670534
8443902,2017,2017-09-15,3801,2017-07-11,1610,358,COE,2,5,7,3801,0,0,0,,0,3E15D,"UNION ST","BUCHANAN ST",70.00,W,N,A,-,N,,,,,,,,,,N,4,0,1,1,C,-,18,,,N,F,A,A,A,H,-,A,D,0,,Y,,,Y,,-,-,0,0,1,0,0,0,1,0,0,-,-,,,"SAN FRANCISCO","SAN FRANCISCO",-122.43243925,37.79747937
8443656,2017,2017-09-12,3801,2017-07-31,1820,358,COE,1,5,7,3801,0,0,0,,0,3E16D,"PAGE ST","BUCHANAN ST",185.00,E,N,A,-,N,,,,,,,,,,N,3,0,1,2,A,-,08,22107,,N,D,G,A,A,H,-,A,D,0,,Y,,,Y,,A,01,0,1,0,0,0,0,1,0,0,-,-,,,"SAN FRANCISCO","SAN FRANCISCO",-122.42671774,37.77353015
8441507,2017,2017-09-27,3801,2017-08-15,1830,380,CENTR,2,5,7,3801,0,0,0,,0,4CAR,NORTHPOINT,"GRANT AV",75.00,W,N,A,-,N,,,,,,,,,,N,4,0,1,2,A,-,08,22107,,N,B,G,A,A,H,-,A,D,0,,Y,,,Y,,-,,0,0,1,0,0,0,1,0,0,-,-,,,"SAN FRANCISCO","SAN FRANCISCO",,
8441503,2017,2017-09-15,3801,2017-08-11,1216,1944,INGLE,5,5,7,3801,0,0,0,,0,005,"GENEVA AV","MISSION ST",0.00,,Y,A,-,N,,,,,,,,,,N,4,0,1,2,A,-,08,22101,D,N,D,G,A,A,H,-,A,A,0,,Y,,,Y,,A,01,0,0,1,0,0,0,1,0,0,-,-,,,"SAN FRANCISCO","SAN FRANCISCO",-122.44099993,37.71638998
8441501,2017,2017-09-25,3801,2017-08-16,1736,643,SOUTH,3,5,7,3801,0,0,0,,0,3B13D,"8TH ST","MINNA ST",0.00,,Y,A,-,N,,,,,,,,,,N,2,0,1,2,A,-,08,22107,,N,D,G,A,A,H,-,A,D,0,,Y,,,Y,,A,07,1,0,0,0,0,0,1,0,0,-,-,,,"SAN FRANCISCO","SAN FRANCISCO",-122.41259999,37.7770499
8441499,2017,2017-09-14,3801,2017-08-03,0810,723,CENTR,4,5,7,3801,0,0,0,,0,3A15B,"MARKET ST","BEALE ST",0.00,,Y,A,-,N,,,,,,,,,,N,3,0,1,2,A,-,08,22107,,N,B,G,A,A,-,-,A,A,0,,Y,,,Y,,A,01,0,1,0,0,0,0,1,0,0,-,-,,,"SAN FRANCISCO","SAN FRANCISCO",-122.39733986,37.79248997