CASE_ID,ACCIDENT_YEAR,PROC_DATE,JURIS,COLLISION_DATE,COLLISION_TIME,OFFICER_ID,REPORTING_DISTRICT,DAY_OF_WEEK,CHP_SHIFT,POPULATION,CNTY_CITY_LOC,SPECIAL_COND,BEAT_TYPE,CHP_BEAT_TYPE,CITY_DIVISION_LAPD,CHP_BEAT_CLASS,BEAT_NUMBER,PRIMARY_RD,SECONDARY_RD,DISTANCE,DIRECTION,INTERSECTION,WEATHER_1,WEATHER_2,STATE_HWY_IND,CALTRANS_COUNTY,CALTRANS_DISTRICT,STATE_ROUTE,ROUTE_SUFFIX,POSTMILE_PREFIX,POSTMILE,LOCATION_TYPE,RAMP_INTERSECTION,SIDE_OF_HWY,TOW_AWAY,COLLISION_SEVERITY,NUMBER_KILLED,NUMBER_INJURED,PARTY_COUNT,PRIMARY_COLL_FACTOR,PCF_CODE_OF_VIOL,PCF_VIOL_CATEGORY,PCF_VIOLATION,PCF_VIOL_SUBSECTION,HIT_AND_RUN,TYPE_OF_COLLISION,MVIW,PED_ACTION,ROAD_SURFACE,ROAD_COND_1,ROAD_COND_2,LIGHTING,CONTROL_DEVICE,CHP_ROAD_TYPE,PEDESTRIAN_ACCIDENT,BICYCLE_ACCIDENT,MOTORCYCLE_ACCIDENT,TRUCK_ACCIDENT,NOT_PRIVATE_PROPERTY,ALCOHOL_INVOLVED,STWD_VEHTYPE_AT_FAULT,CHP_VEHTYPE_AT_FAULT,COUNT_SEVERE_INJ,COUNT_VISIBLE_INJ,COUNT_COMPLAINT_PAIN,COUNT_PED_KILLED,COUNT_PED_INJURED,COUNT_BICYCLIST_KILLED,COUNT_BICYCLIST_INJURED,COUNT_MC_KILLED,COUNT_MC_INJURED,PRIMARY_RAMP,SECONDARY_RAMP,LATITUDE,LONGITUDE,COUNTY,CITY,POINT_X,POINT_Y
8441495,2017,2017-09-14,3801,2017-08-08,2017,1782,PARK,2,5,7,3801,0,0,0,,0,3F43C,"HAIGHT ST","BELVEDERE ST",0.00,,Y,A,-,N,,,,,,,,,,N,4,0,1,2,A,-,08,22107,,N,D,G,A,A,H,-,B,D,0,,Y,,,Y,,A,01,0,0,1,0,0,0,1,0,0,-,-,,,"SAN FRANCISCO","SAN FRANCISCO",-122.44966992,37.76963997
8440860,2017,2017-09-13,3801,2017-06-23,2330,A21782,TARAV,5,5,7,3801,0,0,0,,0,,"7TH AV","LAWTON ST",0.00,,Y,F,-,N,,,,,,,,,,N,4,0,1,2,A,-,09,21801,A,N,D,G,A,A,G,-,C,A,0,,Y,,,Y,,A,01,0,0,1,0,0,0,1,0,0,-,-,,,"SAN FRANCISCO","SAN FRANCISCO",-122.46382993,37.75853998
8440381,2017,2017-09-06,3801,2017-07-30,0115,2030,TARAV,7,5,7,3801,0,0,0,,0,3I11E,"LINCOLN WY","FUNSTON AV",0.00,,Y,E,-,N,,,,,,,,,,N,2,0,1,1,A,-,03,22350,,N,E,I,A,D,-,-,C,A,0,,Y,,,Y,,L,04,1,0,0,0,0,0,1,0,0,-,-,,,"SAN FRANCISCO","SAN FRANCISCO",-122.47071988,37.76573989
8440176,2017,2017-09-06,3801,2017-07-11,0940,1572,SOUTH,2,5,7,3801,0,0,0,,0,3B2A,"4TH ST","BRYANT ST",0.00,,-,A,-,N,,,,,,,,,,Y,4,0,1,2,A,-,03,22350,A,N,C,G,A,A,H,-,A,A,0,,Y,,,Y,,-,,0,0,1,0,0,0,1,0,0,-,-,,,"SAN FRANCISCO","SAN FRANCISCO",-122.39806995000001,37.77957
8423975,2017,2017-08-10,3801,2017-07-14,1645,970,SOUTH,5,5,7,3801,0,0,0,,0,0B1,"EMBARCADERO SOUTH","HARRISON ST",0.00,,Y,A,-,N,,,,,,,,,,N,4,0,1,2,D,-,00,,,F,D,C,A,A,H,-,A,A,0,,Y,,,Y,,-,-,0,0,1,0,0,0,1,0,0,-,-,,,"SAN FRANCISCO","SAN FRANCISCO",,
8423940,2017,2017-08-10,3801,2017-07-25,1448,268,3801,2,5,7,3801,0,0,0,,0,,"3RD AV","CABRILLO ST",224.00,N,N,A,-,N,,,,,,,,,,N,3,0,1,2,A,-,11,21956,A,N,G,B,A,A,H,-,A,D,0,,Y,,,Y,,-,,0,1,0,0,0,0,1,0,0,-,-,,,"SAN FRANCISCO","SAN FRANCISCO",-122.46072926,37.77612412
8423933,2017,2017-08-09,3801,2017-07-06,1127,207,,4,5,7,3801,0,0,0,,0,901,"MARKET ST","GOLDEN GATE AV",0.00,,Y,A,-,N,,,,,,,,,,N,3,0,1,2,A,-,12,21453,A,N,D,G,A,A,H,-,A,A,0,,Y,,,Y,,L,04,0,1,0,0,0,0,1,0,0,-,-,,,"SAN FRANCISCO","SAN FRANCISCO",-122.41029991,37.78223989
8423929,2017,2017-08-09,3801,2017-07-09,0725,257,NORTH,7,5,7,3801,0,0,0,,0,3E14A,"GREEN ST","FRANKLIN ST",65.00,E,N,B,-,N,,,,,,,,,,N,3,0,1,2,A,-,08,22107,,N,D,C,A,A,H,-,A,D,0,,Y,,,Y,,A,01,0,1,0,0,0,0,1,0,0,-,-,,,"SAN FRANCISCO","SAN FRANCISCO",-122.42520832,37.7974307
8423920,2017,2017-08-15,3801,2017-07-10,1530,307,PARK,1,5,7,3801,0,0,0,,0,3F11C,"HAIGHT ST","CENTRAL AV",150.00,W,N,A,-,N,,,,,,,,,,N,3,0,1,2,A,-,03,22350,,F,C,G,A,A,H,-,A,D,0,,Y,,,Y,,-,-,0,1,0,0,0,0,1,0,0,-,-,,,"SAN FRANCISCO","SAN FRANCISCO",-122.44417287,37.77035627
8423917,2017,2017-08-09,3801,2017-07-14,1615,A11409,SOUTH,5,5,7,3801,0,0,0,,0,0B5,"TERRY A FRANCOIS BL","TERRY A FRANCOIS BL 295",0.00,,-,A,-,N,,,,,,,,,,N,4,0,1,2,A,-,08,22107,,N,D,G,A,A,H,-,A,D,0,,Y,,,Y,Y,A,01,0,0,1,0,0,0,1,0,0,-,-,,,"SAN FRANCISCO","SAN FRANCISCO",,
8423914,2017,2017-08-09,3801,2017-07-23,1842,A11409,SOUTH,7,5,7,3801,0,0,0,,0,0B1,"MISSION ST","MAIN ST",0.00,,Y,A,-,N,,,,,,,,,,N,4,0,1,2,D,-,00,,,N,D,G,A,A,H,-,A,A,0,,Y,,,Y,,-,-,0,0,1,0,0,0,1,0,0,-,-,,,"SAN FRANCISCO","SAN FRANCISCO",-122.39496995,37.79185995
8423913,2017,2017-08-09,3801,2017-07-14,1910,358,COE,5,5,7,3801,0,0,0,,0,3E12D,"STEINER ST","MCALLISTER ST",0.00,,Y,A,-,N,,,,,,,,,,N,3,0,1,2,A,-,09,21802,A,F,D,G,A,A,H,-,A,-,0,,Y,,,Y,,A,01,0,1,0,0,0,0,1,0,0,-,-,,,"SAN FRANCISCO","SAN FRANCISCO",-122.43339988,37.77841992
8423897,2017,2017-08-09,3801,2017-07-15,1904,A20774,RICHM,6,5,7,3801,0,0,0,,0,003,"LAKE ST","11TH AV",34.00,E,N,A,-,N,,,,,,,,,,N,3,0,1,2,A,-,08,22107,,F,C,G,A,A,H,-,A,D,0,,Y,,,Y,,A,01,0,1,0,0,0,0,1,0,0,-,-,,,"SAN FRANCISCO","SAN FRANCISCO",-122.46992239,37.78643339
8423891,2017,2017-08-09,3801,2017-07-21,0118,4103,TENDE,5,5,7,3801,0,0,0,,0,3J12E,"GOLDEN GATE AV","LARKIN ST",0.00,,Y,A,-,N,,,,,,,,,,N,3,0,1,1,D,-,00,,,N,H,A,A,A,H,-,C,D,0,,Y,,,Y,,-,-,0,1,0,0,0,0,1,0,0,-,-,,,"SAN FRANCISCO","SAN FRANCISCO",-122.41714999,37.78144
8423883,2017,2017-08-09,3801,2017-07-20,1845,A20989,INGLE,4,5,7,3801,0,0,0,,0,3H16D,"29TH ST","SAN JOSE AV",114.00,E,N,A,-,N,,,,,,,,,,N,3,0,1,2,A,-,08,22107,,N,C,G,A,A,H,-,A,D,0,,Y,,,Y,,L,04,0,1,0,0,0,0,1,0,0,-,-,,,"SAN FRANCISCO","SAN FRANCISCO",-122.42235646,37.74394745
8423879,2017,2017-08-09,3801,2017-07-24,0827,A11423,SOUTH,1,5,7,3801,0,0,0,,0,3B1A,"NEW MONTGOMERY ST","MINNA ST",0.00,,Y,A,-,N,,,,,,,,,,N,4,0,1,2,A,-,08,22107,,F,D,G,A,A,H,-,A,A,0,,Y,,,Y,Y,-,99,0,0,1,0,0,0,1,0,0,-,-,,,"SAN FRANCISCO","SAN FRANCISCO",-122.39998996,37.78702989
8423864,2017,2017-08-11,3801,2017-07-12,0957,837,CENTR,3,5,7,3801,0,0,0,,0,3A13B,"THE EMBARCADERO NORTH","MISSION ST",0.00,,Y,A,-,N,,,,,,,,,,N,3,0,1,2,A,-,08,22107,,N,H,G,A,A,H,-,A,A,0,,Y,,,Y,,A,01,0,1,0,0,0,0,1,0,0,-,-,,,"SAN FRANCISCO","SAN FRANCISCO",-122.39262989,37.79370996
8423859,2017,2017-08-09,3801,2017-07-27,1300,432,A,4,5,7,3801,0,0,0,,0,COA,"3RD ST","HOWARD ST",0.00,,N,A,-,N,,,,,,,,,,N,4,0,1,2,A,-,08,22107,,N,B,G,A,A,H,-,A,D,0,,Y,,,Y,,L,04,0,0,1,0,0,0,1,0,0,-,-,,,"SAN FRANCISCO","SAN FRANCISCO",-122.40049986,37.78500991
8423844,2017,2017-08-11,3801,2017-07-07,0834,A10605,SOUTH,5,5,7,3801,0,0,0,,0,"4 CAR","FOLSOM ST","8TH ST",225.00,W,N,A,-,N,,,,,,,,,,N,3,0,2,2,A,-,11,21955,,N,G,B,D,A,H,-,A,D,0,Y,Y,,,Y,,N,60,0,1,1,0,1,0,1,0,0,-,-,,,"SAN FRANCISCO","SAN FRANCISCO",-122.41060471,37.77455619
8423835,2017,2017-08-10,3801,2017-07-03,1350,A21529,PARK,1,5,7,3801,0,0,0,,0,2F44B,"NOE ST","14TH ST",105.00,N,N,A,-,N,,,,,,,,,,N,3,0,1,1,C,-,18,,,N,H,J,A,A,A,-,A,D,0,,Y,,,Y,Y,-,-,0,1,0,0,0,0,1,0,0,-,-,,,"SAN FRANCISCO","SAN FRANCISCO",-122.43342842,37.76775757
8423834,2017,2017-08-09,3801,2017-07-07,2350,193100,NORTH,5,5,7,3801,0,0,0,,0,,"STEINER ST","HAIGHT ST",0.00,,Y,A,-,N,,,,,,,,,,N,4,0,1,2,A,-,08,22107,,N,D,G,A,A,H,-,C,D,0,,Y,Y,,Y,,L,04,0,0,1,0,0,0,1,0,0,-,-,,,"SAN FRANCISCO","SAN FRANCISCO",-122.43207996,37.77188997
8423830,2017,2017-10-14,3801,2017-07-11,1924,A09858,SOUTH,2,5,7,3801,0,0,0,,0,0B5,"8TH ST",TOWNSEND,8.00,N,N,A,-,N,,,,,,,,,,N,4,0,1,2,C,-,18,,,N,E,G,A,A,H,-,A,A,0,,Y,,,Y,,-,-,0,0,1,0,0,0,1,0,0,-,-,,,"SAN FRANCISCO","SAN FRANCISCO",,
8423828,2017,2017-08-10,3801,2017-07-11,1032,4301,MISSI,2,5,7,3801,0,0,0,,0,3E15C,"16TH ST","POTRERO AV",0.00,,Y,A,-,N,,,,,,,,,,N,3,0,1,2,A,-,07,21658,A,N,D,G,A,A,H,-,A,A,0,,Y,,,Y,,A,01,0,1,0,0,0,0,1,0,0,-,-,,,"SAN FRANCISCO","SAN FRANCISCO",-122.40755998,37.76576993
8423826,2017,2017-08-09,3801,2017-07-12,0745,59,3D,3,5,7,3801,0,0,0,,0,,"SHARON ST","16TH ST",0.00,,Y,A,-,N,,,,,,,,,,N,3,0,1,2,A,-,09,21801,A,N,D,G,A,A,H,-,A,A,0,,Y,,,Y,,A,01,0,1,0,0,0,0,1,0,0,-,-,,,"SAN FRANCISCO","SAN FRANCISCO",-122.42977995,37.76442991
8423821,2017,2017-08-10,3801,2017-07-09,1330,433,MISSI,7,5,7,3801,0,0,0,,0,,"DOLORES ST","18TH ST",53.00,N,N,A,-,N,,,,,,,,,,N,4,0,1,2,A,-,07,21658,A,N,D,G,A,A,H,-,A,D,0,,Y,,,Y,,A,01,0,0,1,0,0,0,1,0,0,-,-,,,"SAN FRANCISCO","SAN FRANCISCO",-122.42617355,37.7615852
8423820,2017,2017-11-02,3801,2017-07-07,0600,4072,INGLE,5,5,7,3801,0,0,0,,0,3H16A,"LELAND AV","DELTA ST",25.00,W,N,A,-,N,,,,,,,,,,N,3,0,1,2,A,-,09,21804,A,N,F,J,A,A,H,-,A,A,0,,Y,,,Y,,A,01,0,1,0,0,0,0,1,0,0,-,-,,,"SAN FRANCISCO","SAN FRANCISCO",-122.40956246,37.71314062
8423817,2017,2017-09-07,3801,2017-07-09,0900,2168,MISSI,7,5,7,3801,0,0,0,,0,3D12D,"17TH ST","CLAYTON ST",0.00,,Y,A,-,N,,,,,,,,,,,4,0,1,2,A,-,-,,,F,-,C,A,A,H,-,A,-,0,,Y,,,Y,,-,-,0,0,1,0,0,0,1,0,0,-,-,,,"SAN FRANCISCO","SAN FRANCISCO",-122.44676988,37.76177998
8423816,2017,2017-08-10,3801,2017-07-07,1116,859,TENDE,5,5,7,3801,0,0,0,,0,3J13A,"POLK ST","GOLDEN GATE AV",60.00,N,N,A,-,N,,,,,,,,,,N,2,0,1,3,A,-,17,22517,,N,G,G,A,A,H,-,A,A,0,,Y,,,Y,,-,,1,0,0,0,0,0,1,0,0,-,-,,,"SAN FRANCISCO","SAN FRANCISCO",-122.41883793,37.78139206
8423814,2017,2017-08-09,3801,2017-07-13,1708,1752,,4,5,7,3801,0,0,0,,0,0A1,"CALIFORNIA ST","TAYLOR ST",0.00,,Y,A,-,N,,,,,,,,,,N,4,0,1,2,A,-,08,22107,,N,D,G,A,A,H,-,A,A,0,,Y,,,Y,,A,07,0,0,1,0,0,0,1,0,0,-,-,,,"SAN FRANCISCO","SAN FRANCISCO",-122.41245997,37.79160999
8423812,2017,2017-08-10,3801,2017-07-07,1921,2116,E,5,5,7,3801,0,0,0,,0,001,"SCOTT ST","OAK ST",5.00,S,N,A,-,N,,,,,,,,,,N,3,0,1,2,A,-,03,22350,,N,D,G,A,A,H,-,A,A,0,,Y,,,Y,,L,04,0,1,0,0,0,0,1,0,0,-,-,,,"SAN FRANCISCO","SAN FRANCISCO",-122.43576717,37.77331645
8423795,2017,2017-11-20,3801,2017-07-16,1546,375,MISSI,7,5,7,3801,0,0,0,,0,3D16D,"18TH ST","CHURCH ST",241.00,E,N,A,-,N,,,,,,,,,,N,3,0,1,2,A,-,17,22517,,N,B,G,A,A,H,-,A,D,0,,Y,,,Y,,A,01,0,1,0,0,0,0,1,0,0,-,-,,,"SAN FRANCISCO","SAN FRANCISCO",-122.42754867,37.7613523
8423793,2017,2017-08-10,3801,2017-07-11,1915,A21369,SOUTH,2,5,7,3801,0,0,0,,0,"CO J","9TH ST","MARKET ST",0.00,,Y,A,-,N,,,,,,,,,,N,3,0,1,2,A,-,17,22517,,N,B,G,A,A,H,-,A,D,0,,Y,,,Y,,A,01,0,1,0,0,0,0,1,0,0,-,-,,,"SAN FRANCISCO","SAN FRANCISCO",-122.41632995,37.77749993
8423790,2017,2017-08-09,3801,2017-07-20,0835,204,MISSI,4,5,7,3801,0,0,0,,0,3D11A,"VALENCIA ST","14TH ST",235.00,S,N,A,-,N,,,,,,,,,,N,4,0,1,2,A,-,03,22350,,N,C,G,A,A,H,-,A,A,0,,Y,,,Y,,L,04,0,0,1,0,0,0,1,0,0,-,-,,,"SAN FRANCISCO","SAN FRANCISCO",-122.42211564,37.76750644
8423789,2017,2017-08-10,3801,2017-07-13,0824,4239,PARK,4,5,7,3801,0,0,0,,0,3F13A,"FULTON ST","LYON ST",0.00,,Y,B,-,N,,,,,,,,,,N,3,0,1,2,A,-,12,22450,A,N,D,J,A,A,H,-,A,A,0,,Y,,,Y,,L,04,0,1,0,0,0,0,1,0,0,-,-,,,"SAN FRANCISCO","SAN FRANCISCO",-122.44312989,37.7762199
8423784,2017,2017-08-10,3801,2017-07-04,2225,2354,TARAV,2,5,7,3801,0,0,0,,0,"3 CAR","TARAVAL ST","41ST AV",0.00,,Y,A,-,N,,,,,,,,,,N,3,0,1,2,A,-,09,21802,A,F,D,G,A,A,H,-,C,D,0,,Y,,,Y,,L,04,0,1,0,0,0,0,1,0,0,-,-,,,"SAN FRANCISCO","SAN FRANCISCO",-122.49925995,37.74200994
8423782,2017,2017-08-09,3801,2017-07-19,1218,4136,INGLE,3,5,7,3801,0,0,0,,0,3H11C,"SAN JOSE AV","NIAGARA AV",0.00,,Y,A,-,N,,,,,,,,,,N,4,0,1,2,A,-,12,22450,A,N,D,G,A,A,H,-,A,A,0,,Y,,,Y,,L,04,0,0,1,0,0,0,1,0,0,-,-,,,"SAN FRANCISCO","SAN FRANCISCO",-122.44760986,37.71947991
8423775,2017,2017-08-10,3801,2017-07-12,1948,2050,NORTH,3,5,7,3801,0,0,0,,0,3E14D,"PINE ST","PIERCE ST",0.00,,Y,A,-,N,,,,,,,,,,N,3,0,1,2,A,-,17,21200,A,N,A,G,A,A,H,-,A,A,0,,Y,,,Y,,L,04,0,1,0,0,0,0,1,0,0,-,-,,,"SAN FRANCISCO","SAN FRANCISCO",-122.43692997,37.78753993
8423770,2017,2017-08-09,3801,2017-07-18,0840,708,MISSI,2,5,7,3801,0,0,0,,0,3D11A,"16TH ST",ALBION,0.00,,Y,A,-,N,,,,,,,,,,N,3,0,1,2,A,-,08,22107,,N,C,G,A,A,H,-,A,D,0,,Y,,,Y,,L,04,0,1,0,0,0,0,1,0,0,-,-,,,"SAN FRANCISCO","SAN FRANCISCO",-122.42309996,37.76483989
8423769,2017,2017-08-10,3801,2017-07-12,0919,824,CENTR,3,5,7,3801,0,0,0,,0,03A,"EMBARCADERO NORTH","GRANT AV",81.00,S,N,A,-,N,,,,,,,,,,N,4,0,1,1,A,-,03,22350,,N,H,A,A,A,H,-,A,D,0,,Y,,,Y,,L,04,0,0,1,0,0,0,1,0,0,-,-,,,"SAN FRANCISCO","SAN FRANCISCO",,
8423765,2017,2017-11-14,3801,2017-07-15,1825,A21154,INGLE,6,5,7,3801,0,0,0,,0,"1 CAR","MISSION ST","MISSION ST 3447",0.00,,N,A,-,N,,,,,,,,,,N,3,0,1,2,A,-,08,22102,,F,D,G,A,A,H,-,A,D,0,,Y,,,Y,Y,A,01,0,1,0,0,0,0,1,0,0,-,-,,,"SAN FRANCISCO","SAN FRANCISCO",,
8423451,2017,2018-05-24,3801,2017-07-04,2108,195,NORTH,2,5,7,3801,0,0,0,,0,3E13D,"VAN NESS AV","GROVE ST",0.00,,Y,A,-,Y,SF,4,101,-,T,5.076,I,5,S,N,4,0,1,2,A,-,09,21801,A,N,B,G,A,A,H,-,C,A,0,,Y,,,Y,,L,04,0,0,1,0,0,0,1,0,0,-,-,,,"SAN FRANCISCO","SAN FRANCISCO",-122.41997107,37.77826755
8421885,2017,2017-08-08,3801,2017-07-28,2205,1752,3A,5,5,7,3801,0,0,0,,0,0A1,"LARKIN ST","SUTTER ST",132.00,S,N,A,-,N,,,,,,,,,,N,4,0,1,3,A,-,03,22350,,N,B,G,A,A,H,-,C,D,0,,Y,,,Y,,L,04,0,0,1,0,0,0,1,0,0,-,-,,,"SAN FRANCISCO","SAN FRANCISCO",-122.41838824,37.78761323
8421690,2017,2017-09-02,3801,2017-07-27,1848,A06500,3801,4,5,7,3801,0,0,0,,0,3E13D,"TURK ST","POLK ST",0.00,,Y,A,-,N,,,,,,,,,,N,3,0,1,2,A,-,12,21453,A,N,D,C,A,A,H,-,A,A,0,,Y,,,Y,,L,04,0,1,0,0,0,0,1,0,0,-,-,,,"SAN FRANCISCO","SAN FRANCISCO",-122.41899994,37.78216997
8421352,2017,2017-08-10,3801,2017-07-17,1652,A11409,SOUTH,1,5,7,3801,0,0,0,,0,0B5,"TOWNSEND ST","COLIN P KELLY JR ST",0.00,,Y,A,-,N,,,,,,,,,,N,2,0,1,2,A,-,03,22350,,N,C,G,A,A,H,-,A,D,0,,Y,,,Y,,L,04,1,0,0,0,0,0,1,0,0,-,-,,,"SAN FRANCISCO","SAN FRANCISCO",-122.38973997,37.78122997
8421347,2017,2017-08-08,3801,2017-07-19,1820,986,MISSI,3,5,7,3801,0,0,0,,0,3D11D,"16TH ST","ALBION ST",50.00,W,N,A,-,N,,,,,,,,,,N,4,0,1,3,A,-,17,22517,,N,H,G,A,A,H,-,A,A,0,,Y,,,Y,,-,,0,0,1,0,0,0,1,0,0,-,-,,,"SAN FRANCISCO","SAN FRANCISCO",-122.42327253,37.76482965
8421336,2017,2017-08-10,3801,2017-07-18,1709,643,SOUTH,2,5,7,3801,0,0,0,,0,3B61,"MISSION ST","PLUM ST",222.00,N,N,A,-,N,,,,,,,,,,N,3,0,1,2,A,-,17,22517,,N,H,G,A,A,H,-,A,D,0,,Y,,,Y,,A,01,0,1,0,0,0,0,1,0,0,-,-,,,"SAN FRANCISCO","SAN FRANCISCO",-122.41938072,37.77158678
8421335,2017,2018-05-10,3801,2017-07-25,0855,4156,SOUTH,2,5,7,3801,0,0,0,,0,3B2A,"5TH ST","RT 80",0.00,,Y,A,-,Y,SF,4,80,-,-,5.045,R,4,E,N,3,0,1,2,A,-,08,22101,D,M,C,G,A,A,H,-,A,A,0,,Y,,,Y,,L,04,0,1,0,0,0,0,1,0,0,-,-,,,"SAN FRANCISCO","SAN FRANCISCO",-122.39655604,37.78187455
8421327,2017,2017-08-08,3801,2017-07-15,2012,33,CENTR,6,5,7,3801,0,0,0,,0,002,"KEARRY ST",CALIFORNIA,0.00,,Y,A,-,N,,,,,,,,,,N,3,0,1,2,A,-,12,21453,A,N,D,G,A,A,H,-,B,A,0,,Y,,,Y,,L,04,0,1,0,0,0,0,1,0,0,-,-,,,"SAN FRANCISCO","SAN FRANCISCO",-122.40437991,37.79267998
8421323,2017,2017-08-08,3801,2017-07-26,0813,610,CENTR,3,5,7,3801,0,0,0,,0,3A15A,"DRUMM ST","SACRAMENTO ST",0.00,,Y,A,-,N,,,,,,,,,,N,3,0,1,2,A,-,09,21801,A,N,H,G,A,A,-,-,A,A,0,,Y,,,Y,,L,04,0,1,0,0,0,0,1,0,0,-,-,,,"SAN FRANCISCO","SAN FRANCISCO",-122.39657998,37.79460998
8421312,2017,2017-09-06,3801,2017-07-28,1227,A20685,BAYVI,5,5,7,3801,0,0,0,,0,001,"ILLINOIS ST","22ND ST",30.00,S,N,A,-,N,,,,,,,,,,N,3,0,1,1,A,-,-,,,N,E,I,A,A,G,-,A,D,0,,Y,,,Y,,L,04,0,1,0,0,0,0,1,0,0,-,-,,,"SAN FRANCISCO","SAN FRANCISCO",-122.38733315,37.75789777
8421304,2017,2017-08-10,3801,2017-07-29,0849,1213,RICHM,6,5,7,3801,0,0,0,,0,3G44B,"8TH AV",CLEMENT,20.00,S,N,A,-,N,,,,,,,,,,N,4,0,2,3,A,-,17,22517,,N,H,G,A,A,H,-,A,D,0,,Y,,,Y,,-,,0,0,2,0,0,0,2,0,0,-,-,,,"SAN FRANCISCO","SAN FRANCISCO",-122.46656452,37.78278523
8421283,2017,2017-10-24,3801,2017-07-31,1730,679,D4,1,5,7,3801,0,0,0,,0,,"MARKET ST","7TH ST",45.00,E,N,F,-,N,,,,,,,,,,N,3,0,1,3,A,-,17,22517,,F,G,G,D,-,G,-,A,-,0,Y,Y,,,Y,,N,60,0,1,0,0,0,0,1,0,0,-,-,,,"SAN FRANCISCO","SAN FRANCISCO",-122.41240108,37.78056837
8421092,2017,2017-09-06,3801,2017-07-06,0615,2211,BAYVI,4,5,7,3801,0,0,0,,0,3C12A,"EVANS AV","PHELPS ST",0.00,,Y,B,-,N,,,,,,,,,,N,2,0,1,2,A,-,12,21453,A,N,D,G,A,A,H,-,A,A,0,,Y,,,Y,,-,-,1,0,0,0,0,0,1,0,0,-,-,,,"SAN FRANCISCO","SAN FRANCISCO",-122.38844994,37.74297992
8413434,2017,2017-07-20,3801,2017-06-21,2022,2456,COC,3,5,7,3801,0,0,0,,0,3C14D,"JERROLD AV","JERROLD AV 1960",0.00,,Y,A,-,N,,,,,,,,,,N,3,0,1,2,A,-,05,21651,A,N,D,D,A,A,H,-,C,D,0,,Y,,,Y,,L,04,0,1,0,0,0,0,1,0,0,-,-,,,"SAN FRANCISCO","SAN FRANCISCO",,
8413389,2017,2017-07-20,3801,2017-06-19,1737,1936,NORTH,1,5,7,3801,0,0,0,,0,4B8F,"OAK ST","OCTAVIA ST",0.00,,Y,A,-,N,,,,,,,,,,N,3,0,1,2,A,-,12,21453,A,N,H,G,A,A,H,-,A,A,0,,Y,,,Y,,L,04,0,1,0,0,0,0,1,0,0,-,-,37.77477,-122.42409,"SAN FRANCISCO","SAN FRANCISCO",-122.42429995,37.77479993
8413080,2017,2018-03-21,3801,2017-06-09,1700,1782,PARK,5,5,7,3801,0,0,0,,0,3F14C,"MCALLISTER ST","VAN NESS AV",0.00,,Y,A,-,Y,SF,4,101,-,T,5.198,I,6,N,N,3,0,1,2,A,-,03,22350,,F,C,G,A,A,H,-,A,A,0,,Y,,,Y,Y,A,01,0,1,0,0,0,0,1,0,0,-,-,,,"SAN FRANCISCO","SAN FRANCISCO",-122.4201639,37.78010064
8413060,2017,2017-07-26,3801,2017-06-16,0753,1469,NORTH,5,5,7,3801,0,0,0,,0,,"SCOTT ST","FELL ST",18.00,N,N,A,-,N,,,,,,,,,,N,4,0,1,2,A,-,04,21703,,N,C,G,A,A,H,-,A,A,0,,Y,,,Y,,A,01,0,0,1,0,0,0,1,0,0,-,-,,,"SAN FRANCISCO","SAN FRANCISCO",-122.4359489,37.77431894
8412081,2017,2017-08-02,3801,2017-06-01,1720,1537,MISSI,4,5,7,3801,0,0,0,,0,3D13D,"21ST ST",VALENCIA,0.00,,Y,A,-,N,,,,,,,,,,N,3,0,1,2,A,-,12,21453,A,N,D,G,A,A,H,-,A,A,0,,Y,,,Y,,L,04,0,1,0,0,0,0,1,0,0,-,-,,,"SAN FRANCISCO","SAN FRANCISCO",-122.42109989,37.75690996
8411604,2017,2017-07-28,3801,2017-06-22,1502,185,MISSI,4,5,7,3801,0,0,0,,0,3D14C,"HARRISON ST","20TH ST",147.00,N,N,A,-,N,,,,,,,,,,N,4,0,1,2,A,-,09,21804,A,N,B,G,A,A,H,-,A,D,0,,Y,,,Y,,L,04,0,0,1,0,0,0,1,0,0,-,-,,,"SAN FRANCISCO","SAN FRANCISCO",-122.41258329,37.75943291
8410779,2017,2017-07-26,3801,2017-06-16,1830,1188,TENDE,5,5,7,3801,0,0,0,,0,3J12D,"MARKET ST","4TH ST",55.00,W,N,A,-,N,,,,,,,,,,N,3,0,1,1,A,-,03,22350,,N,H,A,A,A,H,-,A,D,0,,Y,,,Y,,L,04,0,1,0,0,0,0,1,0,0,-,-,,,"SAN FRANCISCO","SAN FRANCISCO",-122.40602211,37.78559121
8408992,2017,2017-08-15,3801,2017-07-11,0737,38,SOUTH,2,5,7,3801,0,0,0,,0,4CAR,"MARKET ST","VALENCIA ST",0.00,,Y,A,-,N,,,,,,,,,,N,4,0,2,3,A,-,08,22107,,N,D,G,A,A,H,-,A,A,0,,Y,,,Y,,A,01,0,0,2,0,0,0,2,0,0,-,-,,,"SAN FRANCISCO","SAN FRANCISCO",-122.42261997,37.77254998
8408674,2017,2017-07-28,3801,2017-05-05,0845,279,TARAV,5,5,7,3801,0,0,0,,0,3I12A,"25TH AV","JUDAH ST",300.00,N,N,A,-,N,,,,,,,,,,N,4,0,1,2,A,-,08,22107,,N,B,G,A,A,H,-,A,D,0,,Y,,,Y,,A,01,0,0,1,0,0,0,1,0,0,-,-,,,"SAN FRANCISCO","SAN FRANCISCO",-122.48347916,37.762242810000004