CASE_ID,ACCIDENT_YEAR,PROC_DATE,JURIS,COLLISION_DATE,COLLISION_TIME,OFFICER_ID,REPORTING_DISTRICT,DAY_OF_WEEK,CHP_SHIFT,POPULATION,CNTY_CITY_LOC,SPECIAL_COND,BEAT_TYPE,CHP_BEAT_TYPE,CITY_DIVISION_LAPD,CHP_BEAT_CLASS,BEAT_NUMBER,PRIMARY_RD,SECONDARY_RD,DISTANCE,DIRECTION,INTERSECTION,WEATHER_1,WEATHER_2,STATE_HWY_IND,CALTRANS_COUNTY,CALTRANS_DISTRICT,STATE_ROUTE,ROUTE_SUFFIX,POSTMILE_PREFIX,POSTMILE,LOCATION_TYPE,RAMP_INTERSECTION,SIDE_OF_HWY,TOW_AWAY,COLLISION_SEVERITY,NUMBER_KILLED,NUMBER_INJURED,PARTY_COUNT,PRIMARY_COLL_FACTOR,PCF_CODE_OF_VIOL,PCF_VIOL_CATEGORY,PCF_VIOLATION,PCF_VIOL_SUBSECTION,HIT_AND_RUN,TYPE_OF_COLLISION,MVIW,PED_ACTION,ROAD_SURFACE,ROAD_COND_1,ROAD_COND_2,LIGHTING,CONTROL_DEVICE,CHP_ROAD_TYPE,PEDESTRIAN_ACCIDENT,BICYCLE_ACCIDENT,MOTORCYCLE_ACCIDENT,TRUCK_ACCIDENT,NOT_PRIVATE_PROPERTY,ALCOHOL_INVOLVED,STWD_VEHTYPE_AT_FAULT,CHP_VEHTYPE_AT_FAULT,COUNT_SEVERE_INJ,COUNT_VISIBLE_INJ,COUNT_COMPLAINT_PAIN,COUNT_PED_KILLED,COUNT_PED_INJURED,COUNT_BICYCLIST_KILLED,COUNT_BICYCLIST_INJURED,COUNT_MC_KILLED,COUNT_MC_INJURED,PRIMARY_RAMP,SECONDARY_RAMP,LATITUDE,LONGITUDE,COUNTY,CITY,POINT_X,POINT_Y
8343099,2017,2017-04-12,3801,2017-03-15,1040,1092,TARAV,3,5,7,3801,0,0,0,,0,,"GONZALEZ DR","CARDENAS AV",0.00,,Y,A,-,N,,,,,,,,,,N,3,0,1,2,A,-,12,22450,A,N,D,G,A,A,H,-,A,D,0,,Y,,,Y,,L,04,0,1,0,0,0,0,1,0,0,-,-,,,"SAN FRANCISCO","SAN FRANCISCO",-122.47551987,37.71898996
8343091,2017,2017-04-12,3801,2017-03-15,0940,328,NORTH,3,5,7,3801,0,0,0,,0,3E13A,"GOLDEN GATE AV","LAGUNA ST",0.00,,Y,A,-,N,,,,,,,,,,N,4,0,1,2,A,-,08,22108,,N,H,G,A,A,H,-,A,A,0,,Y,,,Y,,A,01,0,0,1,0,0,0,1,0,0,-,-,,,"SAN FRANCISCO","SAN FRANCISCO",-122.42701999,37.78019988
8343089,2017,2017-04-11,3801,2017-03-22,2043,1240,,3,5,7,3801,0,0,0,,0,3D13D,"FOLSOM ST","20TH ST",156.00,S,N,A,-,N,,,,,,,,,,N,4,0,1,2,A,-,07,21658,A,N,C,G,A,A,H,-,C,A,0,,Y,,,Y,,L,04,0,0,1,0,0,0,1,0,0,-,-,,,"SAN FRANCISCO","SAN FRANCISCO",-122.41463689,37.75846281
8343088,2017,2017-04-19,3801,2017-03-11,1740,4373,BAYVI,6,5,7,3801,0,0,0,,0,3G14D,"FELTON ST","HOLYOKE AV",112.00,E,N,A,-,N,,,,,,,,,,N,3,0,1,2,A,-,09,21804,,N,D,G,A,A,H,-,A,D,0,,Y,,,Y,,L,04,0,1,0,0,0,0,1,0,0,-,-,,,"SAN FRANCISCO","SAN FRANCISCO",-122.40918285,37.72883815
8343078,2017,2017-04-13,3801,2017-03-18,1635,2017,RICHM,6,5,7,3801,0,0,0,,0,3G15D,"FULTON ST","LA PLAYA ST",0.00,,Y,A,-,N,,,,,,,,,,N,4,0,1,2,A,-,10,21950,A,N,H,G,A,A,H,-,A,A,0,,Y,,,Y,Y,A,01,0,0,1,0,0,0,1,0,0,-,-,,,"SAN FRANCISCO","SAN FRANCISCO",-122.5099199,37.77138998
8343073,2017,2017-04-11,3801,2017-03-22,1942,2017,RICHM,3,5,7,3801,0,0,0,,0,3G14D,"CLEMENT ST","33RD AV",200.00,W,N,A,-,N,,,,,,,,,,N,4,0,1,2,A,-,03,22350,,N,G,G,A,A,-,-,A,A,0,,Y,,,Y,,A,01,0,0,1,0,0,0,1,0,0,-,-,,,"SAN FRANCISCO","SAN FRANCISCO",-122.49412149,37.78158415
8343072,2017,2017-04-13,3801,2017-03-14,1759,642,NORTH,2,5,7,3801,0,0,0,,0,001,"STEINER ST","GEARY BL",70.00,S,N,A,-,N,,,,,,,,,,N,3,0,1,2,A,-,17,22517,,N,H,G,A,A,H,-,A,D,0,,Y,,,Y,,A,01,0,1,0,0,0,0,1,0,0,-,-,,,"SAN FRANCISCO","SAN FRANCISCO",-122.43454158,37.78413017
8343067,2017,2017-04-12,3801,2017-03-16,1926,1427,TENDE,4,5,7,3801,0,0,0,,0,J11,"MARKET ST","8TH ST",0.00,,Y,A,G,N,,,,,,,,,,N,3,0,1,1,A,-,03,22350,,N,E,J,A,A,H,-,B,D,0,,Y,,,Y,,L,04,0,1,0,0,0,0,1,0,0,-,-,,,"SAN FRANCISCO","SAN FRANCISCO",-122.41475996,37.77870988
8343063,2017,2017-04-12,3801,2017-03-16,0840,4272,MISSI,4,5,7,3801,0,0,0,,0,3D11A,"17TH ST","CHURCH ST",0.00,,Y,B,-,N,,,,,,,,,,N,3,0,1,1,A,-,03,22350,,N,H,G,A,B,H,-,A,A,0,,Y,,,Y,,L,04,0,1,0,0,0,0,1,0,0,-,-,,,"SAN FRANCISCO","SAN FRANCISCO",-122.42850995,37.76287993
8343059,2017,2017-04-12,3801,2017-03-16,1913,626,BAYVI,4,5,7,3801,0,0,0,,0,3C11D,"3RD ST","CESAR CHAVEZ ST",0.00,,Y,A,-,N,,,,,,,,,,N,4,0,1,2,A,-,-,,,N,D,G,A,A,H,-,B,A,0,,Y,,,Y,Y,L,04,0,0,1,0,0,0,1,0,0,-,-,,,"SAN FRANCISCO","SAN FRANCISCO",-122.38768991,37.75022991
8343044,2017,2017-04-13,3801,2017-03-14,1041,573,CENTR,2,5,7,3801,0,0,0,,0,4B2F,"DRUMM ST","WASHINGTON ST",0.00,,Y,A,-,N,,,,,,,,,,Y,2,0,1,2,A,-,17,21657,,F,D,G,A,A,H,-,A,A,0,,Y,,,Y,,L,04,1,0,0,0,0,0,1,0,0,-,-,37.7964,-122.39695,"SAN FRANCISCO","SAN FRANCISCO",-122.39697999,37.79636996
8343041,2017,2017-04-11,3801,2017-03-23,0811,616,MISSI,4,5,7,3801,0,0,0,,0,901,"24TH ST","FOLSOM ST",0.00,,Y,A,-,N,,,,,,,,,,N,3,0,1,2,A,-,08,22102,,F,B,G,A,A,H,-,A,A,0,,Y,,,Y,,A,01,0,1,0,0,0,0,1,0,0,-,-,,,"SAN FRANCISCO","SAN FRANCISCO",-122.41408991,37.7525099
8343039,2017,2017-04-12,3801,2017-03-28,1800,936,CENTR,2,5,7,3801,0,0,0,,0,3A40D,"LEAVENWORTH ST","NORTH POINT ST",8.00,N,N,A,-,N,,,,,,,,,,N,4,0,1,2,A,-,09,21802,A,N,-,G,A,-,H,-,A,A,0,,Y,,,Y,,A,01,0,0,1,0,0,0,1,0,0,-,-,,,"SAN FRANCISCO","SAN FRANCISCO",-122.41873408,37.80595174
8343036,2017,2017-04-18,3801,2017-03-25,1600,1564,INGLE,6,5,7,3801,0,0,0,,0,901,"OCEAN AV","ONONDAGA ST",35.00,W,N,A,-,N,,,,,,,,,,N,4,0,1,2,A,-,03,22350,,N,D,G,A,A,H,-,A,D,0,,Y,,,Y,,L,04,0,0,1,0,0,0,1,0,0,-,-,,,"SAN FRANCISCO","SAN FRANCISCO",-122.44265985,37.7231565
8343032,2017,2017-04-12,3801,2017-03-25,1404,1994,SOUTH,6,5,7,3801,0,0,0,,0,4B7E,"9TH ST","TREASURE ISLAND",0.00,,Y,A,-,N,,,,,,,,,,N,4,0,1,2,A,-,05,21650,,F,A,G,A,A,H,-,A,A,0,,Y,,,Y,,L,04,0,0,1,0,0,0,1,0,0,-,-,,,"SAN FRANCISCO","SAN FRANCISCO",,
8343019,2017,2017-04-12,3801,2017-03-30,0915,2375,RICHM,4,5,7,3801,0,0,0,,0,3G60,"CABRILLO ST","PARK PRESIDIO BL",0.00,,Y,A,-,N,,,,,,,,,,N,3,0,1,2,A,-,08,22107,,N,D,G,A,A,H,-,A,A,0,,Y,,,Y,,A,01,0,1,0,0,0,0,1,0,0,-,-,,,"SAN FRANCISCO","SAN FRANCISCO",-122.47191991,37.77499991
8343015,2017,2017-04-12,3801,2017-03-30,1040,273,NORTH,4,5,7,3801,0,0,0,,0,3E61,"OFARRELL ST","STEINER ST",0.00,,Y,A,-,N,,,,,,,,,,N,4,0,1,2,A,-,09,21801,A,N,D,G,A,A,H,-,A,D,0,,Y,,,Y,,A,01,0,0,1,0,0,0,1,0,0,-,-,,,"SAN FRANCISCO","SAN FRANCISCO",-122.43432997,37.78306989
8343011,2017,2017-04-12,3801,2017-03-29,1800,642,NORTH,3,5,7,3801,0,0,0,,0,005,"BROADWAY ST","FRANKLIN ST",2.00,W,N,A,-,N,,,,,,,,,,N,3,0,1,2,A,-,03,22350,,N,D,G,A,A,H,-,A,A,0,,Y,,,Y,,L,04,0,1,0,0,0,0,1,0,0,-,-,,,"SAN FRANCISCO","SAN FRANCISCO",-122.42503685,37.79552918
8343003,2017,2017-04-12,3801,2017-03-29,1605,2310,NORTH,3,5,7,3801,0,0,0,,0,3E41C,"FELL ST","SCOTT ST",0.00,,Y,A,-,N,,,,,,,,,,N,4,0,1,2,A,-,12,21453,A,N,D,G,A,A,H,-,A,A,0,,Y,,,Y,,L,04,0,0,1,0,0,0,1,0,0,-,-,,,"SAN FRANCISCO","SAN FRANCISCO",-122.43593987,37.77426993
8343000,2017,2017-04-13,3801,2017-03-25,1924,1480,MISSI,6,5,7,3801,0,0,0,,0,3D12E,"18TH ST","VALENCIA ST",75.00,E,N,A,-,N,,,,,,,,,,N,4,0,1,2,A,-,08,22107,,N,D,G,A,A,H,-,C,D,0,,Y,,,Y,,A,01,0,0,1,0,0,0,1,0,0,-,-,,,"SAN FRANCISCO","SAN FRANCISCO",-122.42130101,37.76172328
8342982,2017,2017-04-13,3801,2017-02-13,1943,1730,SOUTH,1,5,7,3801,0,0,0,,0,4B4D,"VERMONT ST","17TH ST",0.00,,Y,A,-,N,,,,,,,,,,N,3,0,2,2,A,-,12,22450,A,N,D,G,A,A,H,-,C,A,0,,Y,,,Y,,A,08,0,1,1,0,0,0,2,0,0,-,-,37.76465,-122.40447,"SAN FRANCISCO","SAN FRANCISCO",-122.40448987,37.76467993
8342976,2017,2017-04-13,3801,2017-03-27,1750,796,NORTH,1,5,7,3801,0,0,0,,0,3E12D,"VAN NESS AV","ELM ST",0.00,,Y,A,-,N,,,,,,,,,,N,3,0,1,2,A,-,17,21658,,N,B,G,A,A,H,-,A,D,0,,Y,,,Y,,L,04,0,1,0,0,0,0,1,0,0,-,-,,,"SAN FRANCISCO","SAN FRANCISCO",-122.42048995,37.78147999
8342972,2017,2017-04-19,3801,2017-03-27,1945,2095,"CO D",1,5,7,3801,0,0,0,,0,901,"HAMPSHIRE ST","21ST ST",50.00,S,N,A,-,N,,,,,,,,,,N,3,0,1,2,A,-,17,22517,,F,H,G,A,A,H,-,C,D,0,,Y,,,Y,,A,01,0,1,0,0,0,0,1,0,0,-,-,,,"SAN FRANCISCO","SAN FRANCISCO",-122.40773786,37.75756298
8342968,2017,2017-04-13,3801,2017-03-28,1200,556,MISSI,2,5,7,3801,0,0,0,,0,3D14C,"CESAR CHAVEZ ST","ALABAMA ST",0.00,,Y,A,-,N,,,,,,,,,,N,3,0,1,2,A,-,03,22350,,N,D,G,A,A,H,-,A,A,0,,Y,,,Y,,L,04,0,1,0,0,0,0,1,0,0,-,-,,,"SAN FRANCISCO","SAN FRANCISCO",-122.41053993,37.74832989
8342966,2017,2017-04-13,3801,2017-02-12,1500,311,SOUTH,7,5,7,3801,0,0,0,,0,3B14D,"MARIPOSA ST","PENNSYLVANIA AV",0.00,,Y,A,-,N,,,,,,,,,,N,3,0,1,2,A,-,04,21703,,N,C,G,A,A,H,-,A,A,0,,Y,,,Y,,A,01,0,1,0,0,0,0,1,0,0,-,-,,,"SAN FRANCISCO","SAN FRANCISCO",-122.39374997,37.76403993
8342544,2017,2017-04-13,3801,2017-03-16,0048,1938,NORTH,4,5,7,3801,0,0,0,,0,3E15E,"CHESTNUT ST","FILLMORE ST",0.00,,Y,A,-,N,,,,,,,,,,N,3,0,1,3,A,-,03,22350,,N,B,G,D,A,H,-,C,A,0,Y,Y,,,Y,Y,L,04,0,1,0,0,0,0,1,0,0,-,-,,,"SAN FRANCISCO","SAN FRANCISCO",-122.43623987,37.80082995
8342536,2017,2017-06-27,3801,2017-03-03,0920,640,INGLE,5,5,7,3801,0,0,0,,0,3H2A,"29TH ST","DOLORES ST",0.00,,Y,A,-,N,,,,,,,,,,N,4,0,1,2,A,-,08,22107,,N,B,G,A,A,H,-,A,A,0,,Y,,,Y,,A,01,0,0,1,0,0,0,1,0,0,-,-,,,"SAN FRANCISCO","SAN FRANCISCO",-122.42446986,37.74383991
8342332,2017,2017-04-13,3801,2017-03-22,1109,750,TENDE,3,5,7,3801,0,0,0,,0,3J14A,"ELLIS ST",TAYLOR,0.00,,Y,A,-,N,,,,,,,,,,N,4,0,1,2,A,-,05,21650,1,N,-,G,A,A,-,-,A,A,0,,Y,,,Y,,L,04,0,0,1,0,0,0,1,0,0,-,-,,,"SAN FRANCISCO","SAN FRANCISCO",-122.41112987,37.7850999
8340779,2017,2017-05-02,3801,2017-03-23,1537,439,TARAV,4,5,7,3801,0,0,0,,0,3I11D,"CRESPI DR","CARDENAS AV",120.00,E,N,A,-,N,,,,,,,,,,N,3,0,1,2,A,-,09,21803,A,N,D,G,A,A,H,-,A,D,0,,Y,,,Y,,D,22,0,1,0,0,0,0,1,0,0,-,-,,,"SAN FRANCISCO","SAN FRANCISCO",-122.47615939,37.71973729
8340770,2017,2017-12-27,3801,2017-03-30,1019,A03640,SOUTH,4,5,7,3801,0,0,0,,0,3B60,"MISSION ST","BEALE ST",64.00,W,N,A,-,N,,,,,,,,,,N,3,0,1,3,A,-,17,22517,,N,E,G,A,A,H,-,A,D,0,,Y,,,Y,,A,01,0,1,0,0,0,0,1,0,0,-,-,,,"SAN FRANCISCO","SAN FRANCISCO",-122.39599509,37.79103445
8340752,2017,2017-04-17,3801,2017-03-29,1721,642,NORTH,3,5,7,3801,0,0,0,,0,003,"POLK ST","ELLIS ST",25.00,S,N,A,-,N,,,,,,,,,,N,3,0,1,2,A,-,17,22517,,N,H,G,A,A,H,-,A,D,0,,Y,,,Y,,D,22,0,1,0,0,0,0,1,0,0,-,-,,,"SAN FRANCISCO","SAN FRANCISCO",-122.41933726,37.78397207
8337015,2017,2017-05-20,3801,2017-04-22,2154,2353,NORTH,6,5,7,3801,0,0,0,,0,001,"PAGE ST","DIVISADERO ST",100.00,W,N,A,-,N,,,,,,,,,,N,3,0,1,2,A,-,03,22350,,F,B,G,A,A,H,-,C,D,0,,Y,,,Y,,A,07,0,1,0,0,0,0,1,0,0,-,-,,,"SAN FRANCISCO","SAN FRANCISCO",-122.43757093,37.77216336
8336991,2017,2018-05-21,3801,2017-04-19,0945,2293,SOUTH,3,5,7,3801,0,0,0,,0,3B4A,"MARKET ST","ELGIN PARK",0.00,,Y,A,-,Y,SF,4,101,-,M,5.450,I,5,S,Y,4,0,1,2,A,-,08,22100,A,N,H,G,A,A,H,-,A,A,0,,Y,,,Y,,A,01,0,0,1,0,0,0,1,0,0,-,-,,,"SAN FRANCISCO","SAN FRANCISCO",-122.42345912,37.77186513
8336951,2017,2017-05-13,3801,2017-04-23,1320,624,PARK,7,5,7,3801,0,0,0,,0,001,"JOHN F KENNEDY DR","CONSERVATORY DR W",100.00,W,N,A,-,N,,,,,,,,,,N,2,0,2,2,B,-,22,,,N,C,-,A,A,G,-,A,D,0,,Y,,,Y,,-,,1,1,0,0,0,0,1,0,0,-,-,,,"SAN FRANCISCO","SAN FRANCISCO",-122.46237809,37.77185742
8336943,2017,2017-05-15,3801,2017-04-20,0829,4060,PARK,4,5,7,3801,0,0,0,,0,3F4A,"ASHBURY ST","PIEDMONT ST",144.00,S,N,A,-,N,,,,,,,,,,N,3,0,1,2,A,-,21,22106,,N,B,G,A,A,H,-,A,D,0,,Y,,,Y,,A,01,0,1,0,0,0,0,1,0,0,-,-,,,"SAN FRANCISCO","SAN FRANCISCO",-122.44589806,37.7648198
8336935,2017,2017-05-13,3801,2017-04-22,1332,235,CENTR,6,5,7,3801,0,0,0,,0,3A15B,EMBARCADERO,"GRANT ST",0.00,,Y,A,-,N,,,,,,,,,,N,2,0,1,1,C,-,18,,,N,E,I,A,A,G,-,A,A,0,,Y,,,Y,,-,-,1,0,0,0,0,0,1,0,0,-,-,,,"SAN FRANCISCO","SAN FRANCISCO",,
8336922,2017,2017-12-27,3801,2017-04-02,1400,1513,RICHM,7,5,7,3801,0,0,0,,0,3G00,"EL CAMINO DEL MAR","32ND AV",0.00,,N,A,-,N,,,,,,,,,,N,4,0,1,2,-,-,-,,,N,B,G,A,A,H,-,A,D,0,,Y,,,Y,,-,-,0,0,1,0,0,0,1,0,0,-,-,,,"SAN FRANCISCO","SAN FRANCISCO",-122.49311993,37.78660997
8335859,2017,2017-04-13,3801,2017-04-01,1206,2375,RICHM,6,5,7,3801,0,0,0,,0,3G60,"ARGUELLO BL","JACKSON ST",180.00,S,N,A,-,N,,,,,,,,,,N,3,0,1,2,A,-,06,21750,,N,H,G,A,A,H,-,A,D,0,,Y,,,Y,,L,04,0,1,0,0,0,0,1,0,0,-,-,,,"SAN FRANCISCO","SAN FRANCISCO",-122.45942363,37.78881636
8335793,2017,2017-08-31,3801,2017-03-16,1905,1052,COJ,4,5,7,3801,0,0,0,,0,3J14D,"TAYLOR ST","EDDY ST",90.00,N,N,A,-,N,,,,,,,,,,N,3,0,1,2,A,-,17,21657,,N,A,G,A,A,H,-,B,A,0,,Y,,,Y,,L,04,0,1,0,0,0,0,1,0,0,-,-,,,"SAN FRANCISCO","SAN FRANCISCO",-122.41099681,37.78440444
8335781,2017,2017-08-31,3801,2017-03-01,1705,776,TARAV,3,5,7,3801,0,0,0,,0,3I16D,"MONTEREY BL","NORTHGATE DR",0.00,,Y,A,-,N,,,,,,,,,,N,3,0,1,2,A,-,08,22107,,N,A,G,A,A,H,-,A,A,0,,Y,,,Y,,A,01,0,1,0,0,0,0,1,0,0,-,-,,,"SAN FRANCISCO","SAN FRANCISCO",-122.46171987,37.73001998
8335773,2017,2017-08-31,3801,2017-03-14,1439,2132,MISSI,2,5,7,3801,0,0,0,,0,3D62,"CESAR CHAVEZ ST","ALABAMA ST",0.00,,Y,A,-,N,,,,,,,,,,N,3,0,1,2,A,-,08,22107,,N,B,G,A,-,H,-,A,A,0,,Y,,,Y,,-,,0,1,0,0,0,0,1,0,0,-,-,,,"SAN FRANCISCO","SAN FRANCISCO",-122.41053993,37.74832989
8335620,2017,2017-08-28,3801,2017-03-21,2212,1375,COD,2,5,7,3801,0,0,0,,0,3D12E,"VALENCIA ST","VALENCIA ST 758",0.00,,N,B,-,N,,,,,,,,,,N,4,0,1,2,A,-,09,21801,A,N,D,G,A,A,H,-,C,D,0,,Y,,,Y,,A,01,0,0,1,0,0,0,1,0,0,-,-,,,"SAN FRANCISCO","SAN FRANCISCO",,
8333264,2017,2017-06-19,3801,2017-03-16,0834,662,NORTH,4,5,7,3801,0,0,0,,0,3E27,"MCALLISTER ST","LARKIN ST",0.00,W,N,A,-,N,,,,,,,,,,N,4,0,1,2,A,-,09,21801,A,N,D,G,A,A,H,-,A,D,0,,Y,,,Y,,A,01,0,0,1,0,0,0,1,0,0,-,-,,,"SAN FRANCISCO","SAN FRANCISCO",-122.41693994,37.78049992
8333252,2017,2017-06-19,3801,2017-03-17,1826,2132,MISSI,5,5,7,3801,0,0,0,,0,3D62,"FOLSOM ST","ENTERPRISE ST",0.00,,Y,A,-,N,,,,,,,,,,N,3,0,1,2,A,-,09,21801,A,N,D,G,A,A,H,-,A,D,0,,Y,,,Y,,-,,0,1,0,0,0,0,1,0,0,-,-,,,"SAN FRANCISCO","SAN FRANCISCO",-122.41523986,37.76469995
8333232,2017,2017-06-19,3801,2017-03-01,0601,625,NORTH,3,5,7,3801,0,0,0,,0,3E11A,"POLK ST","CALIFORNIA ST",0.00,,Y,A,-,N,,,,,,,,,,N,3,0,1,2,A,-,09,21801,A,N,D,G,A,A,H,-,B,A,0,,Y,,,Y,,A,01,0,1,0,0,0,0,1,0,0,-,-,,,"SAN FRANCISCO","SAN FRANCISCO",-122.42067992,37.79056996
8327462,2017,2017-03-21,3801,2017-01-30,0915,1939,BAYVI,1,5,7,3801,0,0,0,,0,4B6H,"16TH ST","KANSAS ST",73.00,W,N,A,-,N,,,,,,,,,,N,3,0,1,2,A,-,08,22107,,N,B,G,A,A,H,-,A,D,0,,Y,,,Y,,A,07,0,1,0,0,0,0,1,0,0,-,-,37.76599,-122.40358,"SAN FRANCISCO","SAN FRANCISCO",-122.40388164,37.76601239
8327379,2017,2017-03-17,3801,2017-02-24,1600,2305,NORTH,5,5,7,3801,0,0,0,,0,,"FULTON ST","SCOTT ST",113.00,E,N,A,-,N,,,,,,,,,,N,4,0,1,3,A,-,03,22350,,N,C,G,A,A,H,-,A,D,0,,Y,,,Y,,A,01,0,0,1,0,0,0,1,0,0,-,-,37.77722,-122.4364,"SAN FRANCISCO","SAN FRANCISCO",-122.43612463,37.77712294
8307605,2017,2017-03-20,3801,2017-02-25,1239,2039,,6,5,7,3801,0,0,0,,0,001,"JOHN F KENNEDY DR","CONSERVATORY OF FLOWERS",329.00,W,N,A,-,N,,,,,,,,,,N,3,0,1,2,A,-,05,21460,A,F,A,G,A,A,H,-,A,D,0,,Y,,,Y,,A,01,0,1,0,0,0,0,1,0,0,-,-,,,"SAN FRANCISCO","SAN FRANCISCO",,
8305591,2017,2017-02-21,3801,2017-01-17,1423,328,NORTH,2,5,7,3801,0,0,0,,0,3E75,"WEBSTER ST","ELLIS ST",93.00,N,N,A,-,N,,,,,,,,,,N,4,0,1,2,A,-,21,22106,,N,H,G,A,A,H,-,A,A,0,,Y,,,Y,,A,01,0,0,1,0,0,0,1,0,0,-,-,,,"SAN FRANCISCO","SAN FRANCISCO",-122.43091933,37.78282247
8305583,2017,2017-02-21,3801,2017-01-15,0115,215,MISSI,7,5,7,3801,0,0,0,,0,3D15E,"VALENCIA ST","15TH ST",7.00,N,N,A,-,N,,,,,,,,,,N,2,0,1,2,A,-,03,22350,,N,B,G,A,A,H,-,C,A,0,,Y,,,Y,Y,L,04,1,0,0,0,0,0,1,0,0,-,-,,,"SAN FRANCISCO","SAN FRANCISCO",-122.42203167,37.76654918
8305543,2017,2017-02-21,3801,2017-01-19,0748,580,SOUTH,4,5,7,3801,0,0,0,,0,3B15,"4TH ST","BERRY ST",58.00,S,N,A,-,N,,,,,,,,,,N,3,0,1,2,A,-,17,22517,,N,B,G,A,B,H,-,A,A,0,,Y,,,Y,,A,01,0,1,0,0,0,0,1,0,0,-,-,,,"SAN FRANCISCO","SAN FRANCISCO",-122.3931963,37.77566875
8305523,2017,2017-05-31,3801,2017-01-25,1010,1561,MISSI,3,5,7,3801,0,0,0,,0,3D14A,"VALENCIA ST","23RD ST",285.00,S,N,A,-,N,,,,,,,,,,N,4,0,1,2,A,-,17,22517,,N,B,G,A,A,H,-,A,D,0,,Y,,,Y,,-,,0,0,1,0,0,0,1,0,0,-,-,,,"SAN FRANCISCO","SAN FRANCISCO",-122.42073146,37.75291955
8305517,2017,2017-02-21,3801,2017-01-31,1031,437,SOUTH,2,5,7,3801,0,0,0,,0,2CAR,"HOWARD ST","4TH ST",250.00,E,N,A,-,N,,,,,,,,,,N,4,0,1,2,A,-,12,21453,A,N,H,-,C,A,D,-,A,A,0,Y,Y,,,Y,,L,04,0,0,1,0,0,0,1,0,0,-,-,,,"SAN FRANCISCO","SAN FRANCISCO",-122.4021,37.78375
8305494,2017,2017-02-21,3801,2017-01-31,1923,575,PARK,2,5,7,3801,0,0,0,,0,3F13D,"ELLIS ST","BRODERICK ST",87.00,E,N,A,-,N,,,,,,,,,,N,4,0,1,2,A,-,08,22107,,N,D,G,A,A,H,-,C,D,0,,Y,,,Y,,A,01,0,0,1,0,0,0,1,0,0,-,-,,,"SAN FRANCISCO","SAN FRANCISCO",-122.44049254,37.78134719
8305485,2017,2017-02-21,3801,2017-01-24,1740,301,CENTR,2,5,7,3801,0,0,0,,0,3A14D,"BAY ST","KEARNY ST",43.00,W,N,A,-,N,,,,,,,,,,N,2,0,1,2,A,-,00,21760,C,F,C,G,A,A,H,-,A,D,0,,Y,,,Y,,A,01,1,0,0,0,0,0,1,0,0,-,-,,,"SAN FRANCISCO","SAN FRANCISCO",-122.40731693,37.80642092
8305474,2017,2017-02-21,3801,2017-01-31,1856,200,SOUTH,2,5,7,3801,0,0,0,,0,3B11D,"TOWNSEND ST","LUSK ST",97.00,W,N,A,-,N,,,,,,,,,,,3,0,1,2,A,-,07,21658,A,N,C,G,A,A,H,-,C,A,0,,Y,,,Y,,L,04,0,1,0,0,0,0,1,0,0,-,-,,,"SAN FRANCISCO","SAN FRANCISCO",-122.39414021,37.77776384
8305472,2017,2017-03-06,3801,2017-01-06,0828,508,CENTR,5,5,7,3801,0,0,0,,0,3A15A,"BROADWAY ST","BATTERY ST",84.00,E,N,A,-,N,,,,,,,,,,N,4,0,1,2,A,-,03,22350,,N,C,G,A,A,H,-,A,A,0,,Y,,,Y,,L,04,0,0,1,0,0,0,1,0,0,-,-,,,"SAN FRANCISCO","SAN FRANCISCO",-122.40075238,37.79863413
8305434,2017,2017-02-15,3801,2017-01-09,1100,4374,BAYVI,1,5,7,3801,0,0,0,,0,3C13B,"CESAR CHAVEZ","EVANS AV",0.00,,Y,A,-,N,,,,,,,,,,N,4,0,1,2,A,-,12,21453,A,N,D,G,A,A,H,-,A,A,0,,Y,,,Y,,L,04,0,0,1,0,0,0,1,0,0,-,-,,,"SAN FRANCISCO","SAN FRANCISCO",-122.39731995,37.74968998
8305421,2017,2017-02-15,3801,2017-01-15,1905,2095,"CO D",7,5,7,3801,0,0,0,,0,901,"VALENCIA ST","14TH ST",110.00,S,N,A,-,N,,,,,,,,,,N,3,0,1,2,A,-,07,21658,A,N,B,G,A,A,H,-,C,D,0,,Y,,,Y,,A,01,0,1,0,0,0,0,1,0,0,-,-,,,"SAN FRANCISCO","SAN FRANCISCO",-122.42214988,37.76784876
8305418,2017,2017-02-15,3801,2017-01-11,1730,623,SOUTH,3,5,7,3801,0,0,0,,0,3B15D,"3RD ST","TERRY A FRANCOIS BL",0.00,,Y,B,-,N,,,,,,,,,,N,4,0,1,2,A,-,05,21650,1,N,D,G,A,B,H,-,C,A,0,,Y,,,Y,,L,04,0,0,1,0,0,0,1,0,0,-,-,,,"SAN FRANCISCO","SAN FRANCISCO",-122.39001996,37.776289919999996
8305413,2017,2017-02-15,3801,2017-01-15,1350,466,MISSI,7,5,7,3801,0,0,0,,0,,"VALENCIA ST","19TH ST",0.00,,Y,-,-,N,,,,,,,,,,N,3,0,1,2,A,-,08,22107,,N,B,G,A,-,-,-,-,-,0,,Y,,,Y,,A,01,0,1,0,0,0,0,1,0,0,-,-,,,"SAN FRANCISCO","SAN FRANCISCO",-122.42139991,37.76011