CASE_ID,ACCIDENT_YEAR,PROC_DATE,JURIS,COLLISION_DATE,COLLISION_TIME,OFFICER_ID,REPORTING_DISTRICT,DAY_OF_WEEK,CHP_SHIFT,POPULATION,CNTY_CITY_LOC,SPECIAL_COND,BEAT_TYPE,CHP_BEAT_TYPE,CITY_DIVISION_LAPD,CHP_BEAT_CLASS,BEAT_NUMBER,PRIMARY_RD,SECONDARY_RD,DISTANCE,DIRECTION,INTERSECTION,WEATHER_1,WEATHER_2,STATE_HWY_IND,CALTRANS_COUNTY,CALTRANS_DISTRICT,STATE_ROUTE,ROUTE_SUFFIX,POSTMILE_PREFIX,POSTMILE,LOCATION_TYPE,RAMP_INTERSECTION,SIDE_OF_HWY,TOW_AWAY,COLLISION_SEVERITY,NUMBER_KILLED,NUMBER_INJURED,PARTY_COUNT,PRIMARY_COLL_FACTOR,PCF_CODE_OF_VIOL,PCF_VIOL_CATEGORY,PCF_VIOLATION,PCF_VIOL_SUBSECTION,HIT_AND_RUN,TYPE_OF_COLLISION,MVIW,PED_ACTION,ROAD_SURFACE,ROAD_COND_1,ROAD_COND_2,LIGHTING,CONTROL_DEVICE,CHP_ROAD_TYPE,PEDESTRIAN_ACCIDENT,BICYCLE_ACCIDENT,MOTORCYCLE_ACCIDENT,TRUCK_ACCIDENT,NOT_PRIVATE_PROPERTY,ALCOHOL_INVOLVED,STWD_VEHTYPE_AT_FAULT,CHP_VEHTYPE_AT_FAULT,COUNT_SEVERE_INJ,COUNT_VISIBLE_INJ,COUNT_COMPLAINT_PAIN,COUNT_PED_KILLED,COUNT_PED_INJURED,COUNT_BICYCLIST_KILLED,COUNT_BICYCLIST_INJURED,COUNT_MC_KILLED,COUNT_MC_INJURED,PRIMARY_RAMP,SECONDARY_RAMP,LATITUDE,LONGITUDE,COUNTY,CITY,POINT_X,POINT_Y
8305408,2017,2017-02-15,3801,2017-01-26,0930,295,CENTR,4,5,7,3801,0,0,0,,0,004,"KEARNY ST","BUSH ST",45.00,S,N,A,-,N,,,,,,,,,,N,3,0,1,4,A,-,17,22517,,N,H,G,A,A,H,-,A,D,0,,Y,,,Y,,A,01,0,1,0,0,0,0,1,0,0,-,-,,,"SAN FRANCISCO","SAN FRANCISCO",-122.40400414,37.79064809
8305391,2017,2017-02-15,3801,2017-01-13,2000,1666,PARK,5,5,7,3801,0,0,0,,0,3F14D,"ANZA ST","COLLINS ST",0.00,,Y,A,-,N,,,,,,,,,,N,3,0,1,2,A,-,09,21801,A,N,D,G,A,A,H,-,C,A,0,,Y,,,Y,,A,01,0,1,0,0,0,0,1,0,0,-,-,,,"SAN FRANCISCO","SAN FRANCISCO",-122.44980993,37.78075989
8305388,2017,2017-05-31,3801,2017-01-17,0820,508,CENTR,2,5,7,3801,0,0,0,,0,3A12B,"POST ST","GRANT ST",170.00,E,N,A,-,N,,,,,,,,,,,3,0,1,2,A,-,17,22517,,N,H,G,A,A,H,-,A,D,0,,Y,,,Y,,A,01,0,1,0,0,0,0,1,0,0,-,-,,,"SAN FRANCISCO","SAN FRANCISCO",-122.40466022,37.78877997
8305385,2017,2017-02-14,3801,2017-01-17,1934,4057,NORTH,2,5,7,3801,0,0,0,,0,3E14D,"SCOTT ST","CALIFORNIA ST",105.00,S,N,A,-,N,,,,,,,,,,N,4,0,1,2,A,-,04,21703,,F,C,G,A,A,H,-,C,D,0,,Y,,,Y,,A,01,0,0,1,0,0,0,1,0,0,-,-,,,"SAN FRANCISCO","SAN FRANCISCO",-122.4387036,37.78800504
8305379,2017,2017-02-15,3801,2017-01-17,1813,2132,MISSI,2,5,7,3801,0,0,0,,0,3D62,"VALENCIA ST","22ND ST",0.00,,Y,A,-,N,,,,,,,,,,N,2,0,1,2,A,-,10,21950,A,F,H,G,A,A,H,-,C,A,0,,Y,,,Y,,-,,1,0,0,0,0,0,1,0,0,-,-,,,"SAN FRANCISCO","SAN FRANCISCO",-122.42096986,37.75530992
8305367,2017,2017-02-15,3801,2017-01-20,0130,001499,,5,5,7,3801,0,0,0,,0,,"19TH ST","SHOTWELL ST",0.00,,Y,C,-,N,,,,,,,,,,N,4,0,1,2,A,-,09,21802,B,N,D,G,A,B,H,-,C,A,0,,Y,,,Y,,A,07,0,0,1,0,0,0,1,0,0,-,-,,,"SAN FRANCISCO","SAN FRANCISCO",-122.41589989,37.76041994
8305366,2017,2017-02-15,3801,2017-01-08,1929,000970,SOUTH,7,5,7,3801,0,0,0,,0,01B,"NEW MONTGOMERY","MINNA ST",10.00,S,N,A,B,N,,,,,,,,,,N,4,0,1,2,A,-,17,22517,,N,E,G,A,A,H,-,C,A,0,,Y,,,Y,,A,01,0,0,1,0,0,0,1,0,0,-,-,,,"SAN FRANCISCO","SAN FRANCISCO",-122.39996634,37.78700994
8305318,2017,2017-02-15,3801,2017-01-11,1223,509,SOUTH,3,5,7,3801,0,0,0,,0,3B13C,"BRANNAN ST","8TH ST",0.00,,Y,A,-,N,,,,,,,,,,Y,4,0,1,2,A,-,09,21801,A,N,D,G,A,A,H,-,A,A,0,,Y,,,Y,,A,01,0,0,1,0,0,0,1,0,0,-,-,,,"SAN FRANCISCO","SAN FRANCISCO",-122.40542986,37.77128993
8305308,2017,2017-02-22,3801,2017-01-27,2145,1480,MISSI,5,5,7,3801,0,0,0,,0,3D16E,"17TH ST","HAMPSHIRE ST",0.00,,Y,A,-,N,,,,,,,,,,N,4,0,1,2,A,-,17,21200,A,N,D,G,A,A,-,-,C,D,0,,Y,,,Y,,L,04,0,0,1,0,0,0,1,0,0,-,-,,,"SAN FRANCISCO","SAN FRANCISCO",-122.40841987,37.76442992
8305292,2017,2017-02-16,3801,2017-01-07,1421,2234,TENDE,6,5,7,3801,0,0,0,,0,3J42C,"MCALLISTER ST","HYDE ST",5.00,E,N,C,-,N,,,,,,,,,,N,4,0,1,2,A,-,08,22100,B,N,D,G,A,B,D,-,A,A,0,,Y,,,Y,,L,04,0,0,1,0,0,0,1,0,0,-,-,,,"SAN FRANCISCO","SAN FRANCISCO",-122.41530288,37.780742000000004
8305289,2017,2018-02-10,3801,2017-01-24,0030,1216,BAYVI,2,5,7,3801,0,0,0,,0,3C13E,"RT 101","BAYSHORE BL",1300.00,N,N,B,-,Y,SF,4,101,-,-,0.844,R,2,S,N,3,0,1,2,A,-,00,21960,A,F,C,G,A,B,H,-,C,D,0,,Y,,,Y,,L,04,0,1,0,0,0,0,1,0,0,SF,-,,,"SAN FRANCISCO","SAN FRANCISCO",-122.39992279,37.71975209
8305245,2017,2017-02-15,3801,2017-01-11,1800,274,INGLE,3,5,7,3801,0,0,0,,0,3H15D,"PERSIA AV","VIENNA ST",0.00,,Y,A,-,N,,,,,,,,,,N,3,0,1,2,A,-,17,21200,,F,D,G,A,A,H,-,C,D,0,,Y,,,Y,Y,L,04,0,1,0,0,0,0,1,0,0,-,-,,,"SAN FRANCISCO","SAN FRANCISCO",-122.43037986,37.72046989
8305172,2017,2017-02-15,3801,2017-01-25,0830,1196,INGLE,3,5,7,3801,0,0,0,,0,0H4,"MONTEREY BL","CIRCULAR AV",0.00,,Y,A,-,N,,,,,,,,,,N,3,0,1,2,A,-,17,21200,A,N,B,G,A,A,H,-,A,A,0,,Y,,,Y,,L,04,0,1,0,0,0,0,1,0,0,-,-,,,"SAN FRANCISCO","SAN FRANCISCO",-122.4365199,37.7315799
8305163,2017,2017-02-15,3801,2017-01-05,0715,1081,TARAV,4,5,7,3801,0,0,0,,0,3112A,"IRVING ST","34TH AV",141.00,W,N,A,-,N,,,,,,,,,,N,2,0,1,2,A,-,08,22107,,N,B,G,A,A,H,-,B,D,0,,Y,,,Y,,A,01,1,0,0,0,0,0,1,0,0,-,-,,,"SAN FRANCISCO","SAN FRANCISCO",-122.49367739,37.76282195
8292802,2017,2017-04-13,3801,2017-04-01,1157,2064,PARK,6,5,7,3801,0,0,0,,0,3F44B,"CHURCH ST","DUBOCE AV",0.00,,Y,A,-,N,,,,,,,,,,N,4,0,1,2,A,-,09,21800,A,N,H,G,A,A,H,-,A,D,0,,Y,,,Y,,L,04,0,0,1,0,0,0,1,0,0,-,-,,,"SAN FRANCISCO","SAN FRANCISCO",-122.42911992,37.76945996
8292753,2017,2017-07-20,3801,2017-06-04,2052,4320,INGLE,7,5,7,3801,0,0,0,,0,003,"MISSION ST","29TH ST",0.00,,Y,A,-,N,,,,,,,,,,N,3,0,1,2,D,-,00,,,N,H,-,A,A,H,-,B,A,0,,Y,,,Y,,-,-,0,1,0,0,0,0,1,0,0,-,-,,,"SAN FRANCISCO","SAN FRANCISCO",-122.42091989,37.74407993
8292743,2017,2017-07-20,3801,2017-06-06,2007,255,INGLE,2,5,7,3801,0,0,0,,0,3H16E,"VALENCIA ST","CESAR CHAVEZ",0.00,,Y,A,-,N,,,,,,,,,,N,3,0,1,2,A,-,08,22107,,N,B,G,A,A,H,-,C,A,0,,Y,,,Y,,A,01,0,1,0,0,0,0,1,0,0,-,-,,,"SAN FRANCISCO","SAN FRANCISCO",-122.42024995,37.74811995
8292741,2017,2017-07-20,3801,2017-06-04,1844,321,COG,7,5,7,3801,0,0,0,,0,3G13D,"FULTON ST","8TH AV",0.00,,Y,A,-,N,,,,,,,,,,N,4,0,1,2,A,-,09,21801,A,N,D,G,A,A,H,-,A,A,0,,Y,,,Y,,L,04,0,0,1,0,0,0,1,0,0,-,-,,,"SAN FRANCISCO","SAN FRANCISCO",-122.46587996,37.77337996
8292727,2017,2017-07-19,3801,2017-06-01,1842,301,RICHM,4,5,7,3801,0,0,0,,0,3G60,"POINT LOBOS AV","MERRIE WY",100.00,W,N,A,-,N,,,,,,,,,,N,3,0,1,2,A,-,02,21211,A,F,C,G,A,A,H,-,A,D,0,,Y,,,Y,,A,01,0,1,0,0,0,0,1,0,0,-,-,,,"SAN FRANCISCO","SAN FRANCISCO",,
8292541,2017,2017-04-13,3801,2017-03-01,0734,709,SOUTH,3,5,7,3801,0,0,0,,0,3B13A,"8TH ST","BRANNAN ST",0.00,,Y,A,-,N,,,,,,,,,,N,4,0,1,2,A,-,08,22100,A,N,D,F,A,A,H,-,A,A,0,,Y,,,Y,,A,01,0,0,1,0,0,0,1,0,0,-,-,,,"SAN FRANCISCO","SAN FRANCISCO",-122.40542986,37.77128993
8201190,2017,2017-03-16,3801,2017-02-16,1840,2138,SOUTH,4,5,7,3801,0,0,0,,0,0B5,"CHANNEL ST","3RD ST",0.00,,Y,A,-,N,,,,,,,,,,N,4,0,1,2,A,-,21,22106,,N,C,G,A,A,H,-,E,A,0,,Y,,,Y,,A,01,0,0,1,0,0,0,1,0,0,-,-,,,"SAN FRANCISCO","SAN FRANCISCO",-122.38993987,37.77460997
8201182,2017,2017-03-16,3801,2017-02-09,0743,2339,PARKS,4,5,7,3801,0,0,0,,0,3F13A,"BAKER ST","PAGE ST",0.00,,Y,B,C,N,,,,,,,,,,N,3,0,1,2,A,-,12,22450,A,N,A,C,A,B,H,-,A,D,0,,Y,,,Y,,L,04,0,1,0,0,0,0,1,0,0,-,-,,,"SAN FRANCISCO","SAN FRANCISCO",-122.44056991,37.77177989
8201167,2017,2017-03-23,3801,2017-02-18,1640,397,SOUTH,6,5,7,3801,0,0,0,,0,SOUTHE,"THE EMBARCADERO","GREEN ST",0.00,,Y,A,-,N,,,,,,,,,,N,4,0,1,2,A,-,08,22107,,N,-,G,A,A,H,-,A,A,0,,Y,,,Y,,A,01,0,0,1,0,0,0,1,0,0,-,-,,,"SAN FRANCISCO","SAN FRANCISCO",-122.39921988,37.80083991
8201166,2017,2017-03-17,3801,2017-02-07,2117,200,SOUTH,2,5,7,3801,0,0,0,,0,3B14D,"MARKET ST","GUERRERO ST",0.00,,Y,A,-,N,,,,,,,,,,N,3,0,1,2,A,-,08,22107,,N,D,G,A,A,H,-,C,A,0,,Y,,,Y,,A,01,0,1,0,0,0,0,1,0,0,-,-,,,"SAN FRANCISCO","SAN FRANCISCO",-122.42485991,37.77074988
8201152,2017,2017-03-23,3801,2017-02-14,0801,991,MISSI,2,5,7,3801,0,0,0,,0,4B2B,"13TH ST","HARRISON ST",0.00,,Y,A,-,N,,,,,,,,,,N,3,0,1,2,A,-,12,21453,A,N,D,G,A,A,H,-,A,A,0,,Y,,,Y,,L,04,0,1,0,0,0,0,1,0,0,-,-,37.76963,-122.41323,"SAN FRANCISCO","SAN FRANCISCO",-122.41340989,37.76944996
8201151,2017,2017-03-23,3801,2017-02-24,0555,000664,MISSI,5,5,7,3801,0,0,0,,0,3D11A,"17TH ST","SANCHEZ ST",0.00,,Y,A,-,N,,,,,,,,,,N,3,0,1,1,A,-,03,22350,,N,H,A,A,A,B,-,D,A,0,,Y,,,Y,,L,04,0,1,0,0,0,0,1,0,0,-,-,,,"SAN FRANCISCO","SAN FRANCISCO",-122.43071992,37.76275994
8201146,2017,2017-03-17,3801,2017-02-10,1214,0262,NORTH,5,5,7,3801,0,0,0,,0,3E11A,"SCOTT ST","TURK ST",55.00,N,N,A,-,N,,,,,,,,,,N,3,0,1,2,D,-,00,,,N,B,G,A,A,D,-,A,D,0,,Y,,,Y,Y,-,-,0,1,0,0,0,0,1,0,0,-,-,,,"SAN FRANCISCO","SAN FRANCISCO",-122.4370917,37.78000898
8201115,2017,2017-03-16,3801,2017-02-04,1535,246,BAYVI,6,5,7,3801,0,0,0,,0,3C11C,"23RD ST","MINNESOTA ST",4.00,W,N,A,-,N,,,,,,,,,,N,4,0,1,2,A,-,08,22107,,N,D,G,A,A,H,-,A,A,0,,Y,,,Y,,A,01,0,0,1,0,0,0,1,0,0,-,-,,,"SAN FRANCISCO","SAN FRANCISCO",-122.38999380999999,37.75529927
8201112,2017,2017-03-15,3801,2017-02-15,1333,137,MISSI,3,5,7,3801,0,0,0,,0,004,"CESAR CHAVEZ","BRYANT ST",12.00,E,N,A,-,N,,,,,,,,,,N,4,0,1,2,A,-,08,22107,,N,B,G,A,A,H,-,A,A,0,,Y,,,Y,,A,08,0,0,1,0,0,0,1,0,0,-,-,,,"SAN FRANCISCO","SAN FRANCISCO",-122.40867848,37.74837
8201092,2017,2017-03-15,3801,2017-02-15,0808,2211,COJ,3,5,7,3801,0,0,0,,0,3J15A,"MARKET ST","7TH ST",0.00,,Y,B,-,N,,,,,,,,,,N,4,0,1,1,A,-,17,21200,,N,E,I,A,A,H,-,A,A,0,,Y,,,Y,,L,04,0,0,1,0,0,0,1,0,0,-,-,,,"SAN FRANCISCO","SAN FRANCISCO",-122.4125099,37.7804799
8201088,2017,2017-03-15,3801,2017-02-14,1246,460,SOUTH,2,5,7,3801,0,0,0,,0,2CAR,"HOWARD ST","5TH ST",297.00,E,N,A,-,N,,,,,,,,,,N,3,0,1,2,A,-,17,22517,,N,H,G,A,A,H,-,A,D,0,,Y,,,Y,,-,,0,1,0,0,0,0,1,0,0,-,-,,,"SAN FRANCISCO","SAN FRANCISCO",-122.40420107,37.78208532
8201072,2017,2017-03-15,3801,2017-02-07,0023,215,MISSI,2,5,7,3801,0,0,0,,0,3D16E,"16TH ST","CAPP ST",23.00,W,N,C,-,N,,,,,,,,,,N,4,0,1,2,A,-,12,21453,A,F,D,G,A,B,H,-,C,A,0,,Y,,,Y,,A,08,0,0,1,0,0,0,1,0,0,-,-,,,"SAN FRANCISCO","SAN FRANCISCO",-122.41881941,37.76509573
8201068,2017,2017-03-15,3801,2017-02-04,2129,679,MISSI,6,5,7,3801,0,0,0,,0,0D1,"CASTRO ST","19TH ST",92.00,N,N,A,-,N,,,,,,,,,,N,3,0,1,2,A,-,11,21955,,N,G,B,D,A,H,-,C,D,0,Y,Y,,,Y,,N,60,0,1,0,0,0,0,1,0,0,-,-,,,"SAN FRANCISCO","SAN FRANCISCO",-122.43488101,37.75954219
8201008,2017,2017-03-15,3801,2017-02-11,1500,545,NORTH,6,5,7,3801,0,0,0,,0,3E13D,"POLK ST","FERN ST",0.00,,Y,A,-,N,,,,,,,,,,N,4,0,1,2,A,-,17,21657,,N,D,G,A,A,H,-,A,D,0,,Y,,,Y,,A,01,0,0,1,0,0,0,1,0,0,-,-,,,"SAN FRANCISCO","SAN FRANCISCO",-122.42018987,37.78820989
8201007,2017,2017-03-15,3801,2017-02-22,1925,545,NORTH,3,5,7,3801,0,0,0,,0,3E12D,"MCALLISTER ST","WEBSTER ST",0.00,,Y,A,-,N,,,,,,,,,,N,4,0,1,2,A,-,09,21801,A,N,A,G,A,A,H,-,C,A,0,,Y,,,Y,,A,01,0,0,1,0,0,0,1,0,0,-,-,,,"SAN FRANCISCO","SAN FRANCISCO",-122.43010988,37.77884
8200999,2017,2017-03-15,3801,2017-02-24,0746,73,INGLE,5,5,7,3801,0,0,0,,0,4B5D,"SAN JOSE AV","BROOK ST",166.00,N,N,A,-,N,,,,,,,,,,N,3,0,1,1,A,-,03,22350,,N,C,E,A,A,H,-,A,D,0,,Y,,,Y,,L,04,0,1,0,0,0,0,1,0,0,-,-,37.74074,-122.42377,"SAN FRANCISCO","SAN FRANCISCO",-122.4237238,37.74118884
8200976,2017,2017-03-15,3801,2017-02-28,1822,002334,SOUTH,2,5,7,3801,0,0,0,,0,0B3,"7TH ST","BRANNAN ST",100.00,S,N,A,-,N,,,,,,,,,,N,4,0,1,2,A,-,21,22106,,N,D,G,A,A,-,-,B,D,0,,Y,,,Y,,A,01,0,0,1,0,0,0,1,0,0,-,-,,,"SAN FRANCISCO","SAN FRANCISCO",-122.40296441,37.77285644
8200960,2017,2017-03-16,3801,2017-02-20,0948,577,SOUTH,1,5,7,3801,0,0,0,,0,3B11A,"7TH ST","NATOMA ST",0.00,,Y,A,-,N,,,,,,,,,,N,3,0,1,2,A,-,09,21804,A,N,D,G,A,A,H,-,A,D,0,,Y,,,Y,,L,04,0,1,0,0,0,0,1,0,0,-,-,,,"SAN FRANCISCO","SAN FRANCISCO",-122.40989998,37.77839993
8200948,2017,2017-03-16,3801,2017-02-22,0948,577,SOUTH,3,5,7,3801,0,0,0,,0,3B11A,"7TH ST","NATOMA ST",0.00,,Y,B,-,N,,,,,,,,,,N,3,0,1,2,A,-,09,21804,A,N,D,G,A,A,H,-,A,D,0,,Y,,,Y,,A,01,0,1,0,0,0,0,1,0,0,-,-,,,"SAN FRANCISCO","SAN FRANCISCO",-122.40989998,37.77839993
8200912,2017,2017-03-21,3801,2017-02-16,2200,2716,PARK,4,5,7,3801,0,0,0,,0,3F13E,"MASONIC AV","FELL ST",15.00,S,N,A,-,N,,,,,,,,,,N,2,0,1,2,A,-,12,21453,A,N,D,G,A,A,H,-,A,A,0,,Y,,,Y,,A,01,1,0,0,0,0,0,1,0,0,-,-,,,"SAN FRANCISCO","SAN FRANCISCO",-122.44591258,37.77293922
8200896,2017,2017-03-16,3801,2017-02-13,1708,299,SOUTH,1,5,7,3801,0,0,0,,0,3B13D,"MISSION ST","6TH ST",125.00,W,N,A,-,N,,,,,,,,,,N,3,0,1,2,A,-,00,21760,C,N,C,G,A,A,H,-,A,D,0,,Y,Y,,Y,,-,-,0,1,0,0,0,0,1,0,0,-,-,,,"SAN FRANCISCO","SAN FRANCISCO",-122.40899472,37.78073623
8200892,2017,2017-03-16,3801,2017-02-12,1605,0054,NORTH,7,5,7,3801,0,0,0,,0,3E13D,"POLK ST","EDDY ST",0.00,,Y,A,-,N,,,,,,,,,,N,4,0,1,2,A,-,03,22350,,N,C,G,A,A,-,-,A,A,0,,Y,,,Y,,L,04,0,0,1,0,0,0,1,0,0,-,-,,,"SAN FRANCISCO","SAN FRANCISCO",-122.41917989,37.78307995
8200863,2017,2017-03-16,3801,2017-02-22,0927,426,TENDE,3,5,7,3801,0,0,0,,0,3J11A,"MCALLISTER ST","HYDE ST",0.00,,Y,A,-,N,,,,,,,,,,N,3,0,1,2,A,-,09,21801,A,F,D,G,A,A,H,-,A,A,0,,Y,,,Y,,-,,0,1,0,0,0,0,1,0,0,-,-,,,"SAN FRANCISCO","SAN FRANCISCO",-122.4153199,37.78073993
8200807,2017,2017-08-01,3801,2017-02-17,1434,463,NORTH,5,5,7,3801,0,0,0,,0,3E11,"VAN NESS AV","BROADWAY ST",0.00,,Y,C,-,Y,SF,4,101,-,-,6.320,I,5,N,N,3,0,1,2,A,-,12,21453,A,N,D,G,A,B,H,-,A,A,0,,Y,,,Y,,L,04,0,1,0,0,0,0,1,0,0,-,-,,,"SAN FRANCISCO","SAN FRANCISCO",-122.42332494,37.79575836
8077236,2017,2017-08-29,3801,2017-06-22,0950,1990,SOUTE,4,5,7,3801,0,0,0,,0,004,"MARKET ST","VALENCIA ST",0.00,,Y,A,-,N,,,,,,,,,,N,3,0,1,2,A,-,06,21755,A,N,D,G,A,A,H,-,A,A,0,,Y,,,Y,,L,04,0,1,0,0,0,0,1,0,0,-,-,,,"SAN FRANCISCO","SAN FRANCISCO",-122.42261997,37.77254998
8077208,2017,2017-07-26,3801,2017-06-02,0006,629,NORTH,5,5,7,3801,0,0,0,,0,3E14E,"STEINER ST","CALIFORNIA ST",0.00,,Y,A,-,N,,,,,,,,,,N,4,0,1,2,A,-,12,21453,A,N,D,G,A,A,H,-,C,A,0,,Y,,,Y,,L,04,0,0,1,0,0,0,1,0,0,-,-,,,"SAN FRANCISCO","SAN FRANCISCO",-122.43549,37.78870995
8077207,2017,2017-07-26,3801,2017-06-01,1445,2713,PARK,4,5,7,3801,0,0,0,,0,3F90,"WALLER ST","PIERCE ST",0.00,,Y,A,-,N,,,,,,,,,,N,4,0,1,2,A,-,21,22106,,N,B,G,A,A,H,-,A,D,0,,Y,,,Y,,A,01,0,0,1,0,0,0,1,0,0,-,-,,,"SAN FRANCISCO","SAN FRANCISCO",-122.43352989,37.77076988
8077204,2017,2017-07-26,3801,2017-06-01,2109,936,CENTA,4,5,7,3801,0,0,0,,0,3A61,"MONTGOMERY ST","SUTTER ST",132.00,S,N,-,-,N,,,,,,,,,,N,3,0,1,2,D,-,00,,,N,C,G,A,A,H,-,C,D,0,,Y,,,Y,,-,-,0,1,0,0,0,0,1,0,0,-,-,,,"SAN FRANCISCO","SAN FRANCISCO",-122.40209989,37.78965167
8067267,2017,2017-07-20,3801,2017-06-09,2159,2424,NORTH,5,5,7,3801,0,0,0,,0,3E12E,"POLK ST","CALIFORNIA ST",100.00,S,N,A,-,N,,,,,,,,,,N,3,0,2,2,A,-,11,21950,B,N,H,B,E,A,H,-,C,A,0,Y,Y,,,Y,Y,N,60,0,2,0,0,1,0,1,0,0,-,-,,,"SAN FRANCISCO","SAN FRANCISCO",-122.42062745,37.79029847
8067263,2017,2017-07-20,3801,2017-06-01,2036,642,NORTH,4,5,7,3801,0,0,0,,0,005,"SCOTT ST","MARINA BL",7.00,N,N,A,-,N,,,,,,,,,,N,2,0,1,2,A,-,10,21950,A,N,D,G,A,A,H,-,B,A,0,,Y,,,Y,,A,01,1,0,0,0,0,0,1,0,0,-,-,,,"SAN FRANCISCO","SAN FRANCISCO",-122.44225294,37.80579909
8067250,2017,2017-07-24,3801,2017-06-09,0857,1572,SOUTH,5,5,7,3801,0,0,0,,0,3B2A,"BRANNAN ST","4TH ST",0.00,,N,-,-,N,,,,,,,,,,N,4,0,1,2,A,-,09,21804,A,N,D,G,A,-,H,-,-,A,0,,Y,,,Y,,-,,0,0,1,0,0,0,1,0,0,-,-,,,"SAN FRANCISCO","SAN FRANCISCO",-122.39653988,37.77832993
8008879,2017,2018-03-28,3801,2017-06-14,1155,A21305,3801,3,5,7,3801,0,0,0,,0,3A11B,"GEARY ST","LARKIN ST",0.00,,Y,A,-,N,,,,,,,,,,,2,0,1,2,A,-,17,21208,B,N,D,G,A,A,H,-,A,A,0,,Y,,,Y,,L,04,1,0,0,0,0,0,1,0,0,-,-,,,"SAN FRANCISCO","SAN FRANCISCO",-122.4181099,37.78610989
8008878,2017,2017-07-19,3801,2017-06-12,0820,1430,MISSI,1,5,7,3801,0,0,0,,0,3D16D,"SACRAMENTO ST","MONTGOMERY ST",1.00,E,N,-,-,N,,,,,,,,,,N,4,0,1,2,A,-,00,20001,A,F,D,G,A,A,H,-,A,D,0,,Y,,,Y,,A,07,0,0,1,0,0,0,1,0,0,-,-,,,"SAN FRANCISCO","SAN FRANCISCO",-122.40293659,37.79379045
8008866,2017,2017-07-19,3801,2017-06-13,1450,1744,TENDE,2,5,7,3801,0,0,0,,0,3J41C,"MARKET ST","POWELL ST",0.00,,Y,A,-,N,,,,,,,,,,N,3,0,1,2,A,-,11,21456,A,N,B,G,A,A,H,-,A,A,0,,Y,,,Y,,L,04,0,1,0,0,0,0,1,0,0,-,-,,,"SAN FRANCISCO","SAN FRANCISCO",,
8008861,2017,2017-07-19,3801,2017-06-14,1757,A11409,SOUTH,3,5,7,3801,0,0,0,,0,0B3,"7TH ST","HOWARD ST",25.00,S,N,A,-,N,,,,,,,,,,N,3,0,1,2,A,-,08,22107,,N,B,G,A,A,H,-,A,D,0,,Y,,,Y,,A,01,0,1,0,0,0,0,1,0,0,-,-,,,"SAN FRANCISCO","SAN FRANCISCO",-122.40933831,37.77793184
8008840,2017,2017-07-20,3801,2017-06-06,1000,189,3E12A,2,5,7,3801,0,0,0,,0,002,"GOLDEN GATE AV","FILLMORE ST",60.00,W,N,A,-,N,,,,,,,,,,N,4,0,1,3,A,-,08,22107,,F,D,G,A,A,H,-,A,A,0,,Y,,,Y,Y,A,01,0,0,1,0,0,0,1,0,0,-,-,,,"SAN FRANCISCO","SAN FRANCISCO",-122.43214514,37.77953436
8008827,2017,2017-07-25,3801,2017-06-03,1300,724,MISSI,6,5,7,3801,0,0,0,,0,3D13D,"MISSION ST","21ST ST",50.00,S,N,A,-,N,,,,,,,,,,N,3,0,1,2,A,-,17,22517,,N,D,G,A,A,H,-,A,A,0,,Y,,,Y,,A,01,0,1,0,0,0,0,1,0,0,-,-,,,"SAN FRANCISCO","SAN FRANCISCO",-122.41890375,37.75688325
7200147,2017,2018-06-14,3801,2017-04-28,1128,595,SOUTH,5,5,7,3801,0,0,0,,0,3B13C,"MISSION BAY SOUTH BL","3RD ST",0.00,,Y,A,-,N,,,,,,,,,,N,1,1,0,2,A,-,12,21453,A,N,D,G,A,A,H,-,A,A,0,,Y,,,Y,,L,04,0,0,0,0,0,1,0,0,0,-,-,,,"SAN FRANCISCO","SAN FRANCISCO",-122.38957987,37.77069
90856433,2018,2018-11-08,9350,2018-11-02,0941,014864,,5,1,7,3801,0,3,5,,2,001,"GOLDEN GATE BRIDGE EAST PLAZA",US-101,80.00,E,N,B,E,N,,,,,,,,,,N,2,0,1,1,B,-,22,,,N,F,A,A,B,H,-,A,D,0,,Y,,,Y,,L,04,1,0,0,0,0,0,1,0,0,-,-,37.80787,-122.4756,"SAN FRANCISCO","SAN FRANCISCO",,
90872522,2018,2018-11-30,9350,2018-11-18,1730,021485,,7,2,7,3801,0,1,2,,1,120,"US-101 SB (GOLDEN GATE BRIDGE)","GGB SOUTH TOWER",700.00,S,N,A,-,Y,,,101,,,,,,S,N,3,0,2,2,B,-,22,,,N,A,G,A,A,H,-,C,D,0,,Y,,,Y,,L,04,0,1,1,0,0,0,2,0,0,-,-,37.81167,-122.4777,"SAN FRANCISCO","SAN FRANCISCO",-122.47778031,37.8116606
90898763,2018,2019-01-07,9350,2018-12-15,1515,022037,,6,2,7,3801,0,1,2,,2,020,"GOLDEN GATE BRIDGE BICYCLE PATH","LIGHT POST 86",100.00,S,N,A,-,Y,,,,,,,,,,N,3,0,1,2,B,-,22,,,F,A,G,A,A,H,-,A,D,0,,Y,,,Y,,L,04,0,1,0,0,0,0,1,0,0,-,-,37.81632,-122.47864,"SAN FRANCISCO","SAN FRANCISCO",,